image_file_name,sample_number,meat_part,label,time_frame,file_destination,sample_id,pork_cut,split_type,fold,source,split_key,split_name,dataset_partition,image_path_source_column,image_path_resolved,missing_image_path,capture_source,phone_group,phone_model,true_label,predicted_label,prob_fresh,prob_not_fresh,prob_spoiled,top_class,top_confidence,second_class,second_confidence,top2_combined_confidence,prediction_margin,ordinal_error,is_exact_correct,is_top2_correct,is_adjacent_correct,is_severe_error,is_borderline,is_low_confidence,transition_label,recommendation,freshness_score,freshness_score_band,predicted_index,true_index,top2_adjacent_pair,is_non_adjacent_top2
20260424_104643.jpg,1,Pork Shoulder,fresh,06:06:38,E:\Thesis Code\processed_hsv_lab_threshold_roi_224\sample 1\fresh\20260424_104643.jpg,pork_shoulder_sample_1,shoulder,cross_rotation,all,meatlens,all,all,all,file_destination,E:\Thesis Code\processed_hsv_lab_threshold_roi_224\sample 1\fresh\20260424_104643.jpg,False,researcher_home,old_phone,,fresh,fresh,0.97000957,0.02981233,0.00017806706,fresh,0.97000957,not fresh,0.02981233,0.9998219,0.9401972,0,True,True,True,False,False,False,Likely Fresh,Good for Consumption,98.64242,Good for Consumption,0,0,True,False
20260625_134952.jpg,9,Pork Hind Leg,spoiled,24:00:00,E:\Thesis Code\processed_hsv_lab_threshold_roi_224\sample 9\spoiled\20260625_134952.jpg,pork_hind_leg_sample_9,hind_leg,cross_rotation,all,public_dataset_2,all,all,all,file_destination,E:\Thesis Code\processed_hsv_lab_threshold_roi_224\sample 9\spoiled\20260625_134952.jpg,False,public_dataset_2,public_dataset_2,,spoiled,spoiled,0.0035097338,0.0005274659,0.99596274,spoiled,0.99596274,fresh,0.0035097338,0.9994725,0.992453,0,True,True,True,False,False,False,Likely Spoiled,Not Suitable,10.339611,Not Suitable,2,2,False,False
20260624_221607.jpg,9,Pork Hind Leg,spoiled,24:00:00,E:\Thesis Code\processed_hsv_lab_threshold_roi_224\sample 9\spoiled\20260624_221607.jpg,pork_hind_leg_sample_9,hind_leg,cross_rotation,all,public_dataset_2,all,all,all,file_destination,E:\Thesis Code\processed_hsv_lab_threshold_roi_224\sample 9\spoiled\20260624_221607.jpg,False,public_dataset_2,public_dataset_2,,spoiled,not fresh,0.08481766,0.5443585,0.37082383,not fresh,0.5443585,spoiled,0.37082383,0.91518235,0.17353466,1,False,True,True,False,True,True,Borderline Spoiled / Advanced Not Fresh,Not Suitable / Manual inspection recommended,42.129723,Consume Immediately,1,2,True,False
IMG_20260518_174825.jpg,7,Pork Loin,spoiled,34:15:05,E:\Thesis Code\processed_hsv_lab_threshold_roi_224\sample 7\spoiled\IMG_20260518_174825.jpg,pork_loin_sample_7,loin,cross_rotation,all,meatlens,all,all,all,file_destination,E:\Thesis Code\processed_hsv_lab_threshold_roi_224\sample 7\spoiled\IMG_20260518_174825.jpg,False,researcher_home,new_phone,,spoiled,spoiled,1.6432825e-05,0.0003425118,0.99964106,spoiled,0.99964106,not fresh,0.0003425118,0.99998355,0.9992986,0,True,True,True,False,False,False,Likely Spoiled,Not Suitable,10.016892,Not Suitable,2,2,True,False
20260429_114546.jpg,3,Pork Belly,fresh,02:11:17,E:\Thesis Code\processed_hsv_lab_threshold_roi_224\sample 3\fresh\20260429_114546.jpg,pork_belly_sample_3,belly,cross_rotation,all,meatlens,all,all,all,file_destination,E:\Thesis Code\processed_hsv_lab_threshold_roi_224\sample 3\fresh\20260429_114546.jpg,False,researcher_home,old_phone,,fresh,fresh,0.50221384,0.46679062,0.030995574,fresh,0.50221384,not fresh,0.46679062,0.96900445,0.03542322,0,True,True,True,False,True,True,Borderline Fresh / Early Not Fresh,Consume Immediately / Check carefully,76.20483,Good for Consumption,0,0,True,False
20260624_120943.jpg,9,Pork Hind Leg,not fresh,12:00:00,E:\Thesis Code\processed_hsv_lab_threshold_roi_224\sample 9\not fresh\20260624_120943.jpg,pork_hind_leg_sample_9,hind_leg,cross_rotation,all,public_dataset_2,all,all,all,file_destination,E:\Thesis Code\processed_hsv_lab_threshold_roi_224\sample 9\not fresh\20260624_120943.jpg,False,public_dataset_2,public_dataset_2,,not fresh,not fresh,0.31024426,0.58607423,0.10368144,not fresh,0.58607423,fresh,0.31024426,0.8963185,0.27582997,0,True,True,True,False,True,True,Borderline Fresh / Early Not Fresh,Consume Immediately / Check carefully,64.29533,Consume Immediately,1,1,True,False
20260424_114444.jpg,1,Pork Shoulder,fresh,07:35:53,E:\Thesis Code\processed_hsv_lab_threshold_roi_224\sample 1\fresh\20260424_114444.jpg,pork_shoulder_sample_1,shoulder,cross_rotation,all,meatlens,all,all,all,file_destination,E:\Thesis Code\processed_hsv_lab_threshold_roi_224\sample 1\fresh\20260424_114444.jpg,False,researcher_home,old_phone,,fresh,fresh,0.97143507,0.028332897,0.00023207768,fresh,0.97143507,not fresh,0.028332897,0.99976796,0.9431022,0,True,True,True,False,False,False,Likely Fresh,Good for Consumption,98.70414,Good for Consumption,0,0,True,False
20260429_191326.jpg,3,Pork Belly,not fresh,15:09:21,E:\Thesis Code\processed_hsv_lab_threshold_roi_224\sample 3\not fresh\20260429_191326.jpg,pork_belly_sample_3,belly,cross_rotation,all,meatlens,all,all,all,file_destination,E:\Thesis Code\processed_hsv_lab_threshold_roi_224\sample 3\not fresh\20260429_191326.jpg,False,researcher_home,old_phone,,not fresh,not fresh,0.0018268314,0.59087634,0.40729684,not fresh,0.59087634,spoiled,0.40729684,0.9981732,0.1835795,0,True,True,True,False,True,True,Borderline Spoiled / Advanced Not Fresh,Not Suitable / Manual inspection recommended,36.75385,Not Suitable,1,1,True,False
20260425_043613.jpg,1,Pork Shoulder,spoiled,24:31:21,E:\Thesis Code\processed_hsv_lab_threshold_roi_224\sample 1\spoiled\20260425_043613.jpg,pork_shoulder_sample_1,shoulder,cross_rotation,all,meatlens,all,all,all,file_destination,E:\Thesis Code\processed_hsv_lab_threshold_roi_224\sample 1\spoiled\20260425_043613.jpg,False,researcher_home,old_phone,,spoiled,spoiled,1.508132e-07,0.00088111445,0.99911875,spoiled,0.99911875,not fresh,0.00088111445,0.9999999,0.9982376,0,True,True,True,False,False,False,Likely Spoiled,Not Suitable,10.039664,Not Suitable,2,2,True,False
20260624_090744.jpg,9,Pork Hind Leg,fresh,04:00:00,E:\Thesis Code\processed_hsv_lab_threshold_roi_224\sample 9\fresh\20260624_090744.jpg,pork_hind_leg_sample_9,hind_leg,cross_rotation,all,public_dataset_2,all,all,all,file_destination,E:\Thesis Code\processed_hsv_lab_threshold_roi_224\sample 9\fresh\20260624_090744.jpg,False,public_dataset_2,public_dataset_2,,fresh,fresh,0.804865,0.18932836,0.0058066137,fresh,0.804865,not fresh,0.18932836,0.9941934,0.61553663,0,True,True,True,False,True,False,Borderline Fresh / Early Not Fresh,Consume Immediately / Check carefully,90.95763,Good for Consumption,0,0,True,False
20260423_122731.jpg,2,Pork Shoulder,not fresh,08:26:32,E:\Thesis Code\processed_hsv_lab_threshold_roi_224\sample 2\not fresh\20260423_122731.jpg,pork_shoulder_sample_2,shoulder,cross_rotation,all,meatlens,all,all,all,file_destination,E:\Thesis Code\processed_hsv_lab_threshold_roi_224\sample 2\not fresh\20260423_122731.jpg,False,partner_home,old_phone,,not fresh,not fresh,0.0124298455,0.9800094,0.0075607905,not fresh,0.9800094,fresh,0.0124298455,0.9924392,0.96757954,0,True,True,True,False,False,False,Likely Not Fresh,Consume Immediately / Manual inspection recommended,55.21911,Consume Immediately,1,1,True,False
IMG_20260517_165134.jpg,7,Pork Loin,not fresh,11:13:16,E:\Thesis Code\processed_hsv_lab_threshold_roi_224\sample 7\not fresh\IMG_20260517_165134.jpg,pork_loin_sample_7,loin,cross_rotation,all,meatlens,all,all,all,file_destination,E:\Thesis Code\processed_hsv_lab_threshold_roi_224\sample 7\not fresh\IMG_20260517_165134.jpg,False,researcher_home,new_phone,,not fresh,not fresh,0.004667518,0.9619513,0.033381116,not fresh,0.9619513,spoiled,0.033381116,0.9953324,0.9285702,0,True,True,True,False,False,False,Likely Not Fresh,Consume Immediately / Manual inspection recommended,53.707886,Consume Immediately,1,1,True,False
08-11-2022 22-46-41_jpg.rf.n08dykeUSMwvEDCYBLaW.jpg,11,Various Pork Meat,not fresh,,E:\Thesis Code\processed_hsv_lab_threshold_roi_224\sample 11\half fresh\08-11-2022 22-46-41_jpg.rf.n08dykeUSMwvEDCYBLaW.jpg,various_pork_meat_sample_11,various,cross_rotation,all,public_dataset_2,all,all,all,file_destination,E:\Thesis Code\processed_hsv_lab_threshold_roi_224\sample 11\half fresh\08-11-2022 22-46-41_jpg.rf.n08dykeUSMwvEDCYBLaW.jpg,False,public_dataset_2,public_dataset_2,,not fresh,not fresh,0.17278591,0.6937237,0.13349041,not fresh,0.6937237,fresh,0.17278591,0.86650956,0.5209378,0,True,True,True,False,True,False,Borderline Fresh / Early Not Fresh,Consume Immediately / Check carefully,56.7683,Consume Immediately,1,1,True,False
20260429_133421.jpg,3,Pork Belly,not fresh,09:29:15,E:\Thesis Code\processed_hsv_lab_threshold_roi_224\sample 3\not fresh\20260429_133421.jpg,pork_belly_sample_3,belly,cross_rotation,all,meatlens,all,all,all,file_destination,E:\Thesis Code\processed_hsv_lab_threshold_roi_224\sample 3\not fresh\20260429_133421.jpg,False,researcher_home,old_phone,,not fresh,not fresh,0.032238267,0.96289086,0.00487078,not fresh,0.96289086,fresh,0.032238267,0.9951291,0.9306526,0,True,True,True,False,False,False,Likely Not Fresh,Consume Immediately / Manual inspection recommended,56.231533,Consume Immediately,1,1,True,False
IMG20260423074101.jpg,2,Pork Shoulder,fresh,02:03:01,E:\Thesis Code\processed_hsv_lab_threshold_roi_224\sample 2\fresh\IMG20260423074101.jpg,pork_shoulder_sample_2,shoulder,cross_rotation,all,meatlens,all,all,all,file_destination,E:\Thesis Code\processed_hsv_lab_threshold_roi_224\sample 2\fresh\IMG20260423074101.jpg,False,partner_home,old_phone,,fresh,fresh,0.9911522,0.005795223,0.0030524912,fresh,0.9911522,not fresh,0.005795223,0.99694747,0.985357,0,True,True,True,False,False,False,Likely Fresh,Good for Consumption,99.464485,Good for Consumption,0,0,True,False
20260703_075414.jpg,10,Pork Belly,fresh,04:00:00,E:\Thesis Code\processed_hsv_lab_threshold_roi_224\sample 10\fresh\20260703_075414.jpg,pork_belly_sample_10,belly,cross_rotation,all,public_dataset_2,all,all,all,file_destination,E:\Thesis Code\processed_hsv_lab_threshold_roi_224\sample 10\fresh\20260703_075414.jpg,False,public_dataset_2,public_dataset_2,,fresh,fresh,0.9266138,0.07020075,0.0031854666,fresh,0.9266138,not fresh,0.07020075,0.99681455,0.85641307,0,True,True,True,False,False,False,Likely Fresh,Good for Consumption,96.554276,Good for Consumption,0,0,True,False
20260424_081838.jpg,1,Pork Shoulder,fresh,02:22:19,E:\Thesis Code\processed_hsv_lab_threshold_roi_224\sample 1\fresh\20260424_081838.jpg,pork_shoulder_sample_1,shoulder,cross_rotation,all,meatlens,all,all,all,file_destination,E:\Thesis Code\processed_hsv_lab_threshold_roi_224\sample 1\fresh\20260424_081838.jpg,False,researcher_home,old_phone,,fresh,fresh,0.9840348,0.015689354,0.00027591258,fresh,0.9840348,not fresh,0.015689354,0.99972415,0.9683454,0,True,True,True,False,False,False,Likely Fresh,Good for Consumption,99.26915,Good for Consumption,0,0,True,False
SPOILED-485-_JPG.rf.907f717c74dad2717f81b655b067e6d9.jpg,12,Various Pork Meat,spoiled,,E:\Thesis Code\processed_hsv_lab_threshold_roi_224\sample 12\spoiled\SPOILED-485-_JPG.rf.907f717c74dad2717f81b655b067e6d9.jpg,various_pork_meat_sample_12,various,cross_rotation,all,public_dataset_2,all,all,all,file_destination,E:\Thesis Code\processed_hsv_lab_threshold_roi_224\sample 12\spoiled\SPOILED-485-_JPG.rf.907f717c74dad2717f81b655b067e6d9.jpg,False,public_dataset_2,public_dataset_2,,spoiled,spoiled,0.002462915,0.017451352,0.9800858,spoiled,0.9800858,not fresh,0.017451352,0.99753714,0.96263444,0,True,True,True,False,False,False,Likely Spoiled,Not Suitable,11.006973,Not Suitable,2,2,True,False
IMG_20260508_113245.jpg,5,Pork Ham,fresh,07:31:03,E:\Thesis Code\processed_hsv_lab_threshold_roi_224\sample 5\fresh\IMG_20260508_113245.jpg,pork_ham_sample_5,ham,cross_rotation,all,meatlens,all,all,all,file_destination,E:\Thesis Code\processed_hsv_lab_threshold_roi_224\sample 5\fresh\IMG_20260508_113245.jpg,False,researcher_home,new_phone,,fresh,fresh,0.89822274,0.10019049,0.0015867762,fresh,0.89822274,not fresh,0.10019049,0.9984132,0.7980323,0,True,True,True,False,True,False,Borderline Fresh / Early Not Fresh,Consume Immediately / Check carefully,95.34862,Good for Consumption,0,0,True,False
20260423_160138.jpg,2,Pork Shoulder,not fresh,11:45:32,E:\Thesis Code\processed_hsv_lab_threshold_roi_224\sample 2\not fresh\20260423_160138.jpg,pork_shoulder_sample_2,shoulder,cross_rotation,all,meatlens,all,all,all,file_destination,E:\Thesis Code\processed_hsv_lab_threshold_roi_224\sample 2\not fresh\20260423_160138.jpg,False,partner_home,old_phone,,not fresh,not fresh,0.020755863,0.91981983,0.05942434,not fresh,0.91981983,spoiled,0.05942434,0.9792442,0.8603955,0,True,True,True,False,False,False,Likely Not Fresh,Consume Immediately / Manual inspection recommended,53.259922,Consume Immediately,1,1,True,False
IMG20260508092531.jpg,6,Pork Ham,fresh,04:36:29,E:\Thesis Code\processed_hsv_lab_threshold_roi_224\sample 6\fresh\IMG20260508092531.jpg,pork_ham_sample_6,ham,cross_rotation,all,meatlens,all,all,all,file_destination,E:\Thesis Code\processed_hsv_lab_threshold_roi_224\sample 6\fresh\IMG20260508092531.jpg,False,partner_home,new_phone,,fresh,fresh,0.93952614,0.059398334,0.0010755251,fresh,0.93952614,not fresh,0.059398334,0.9989245,0.8801278,0,True,True,True,False,False,False,Likely Fresh,Good for Consumption,97.23028,Good for Consumption,0,0,True,False
IMG20260508123012.jpg,6,Pork Ham,not fresh,08:30:45,E:\Thesis Code\processed_hsv_lab_threshold_roi_224\sample 6\not fresh\IMG20260508123012.jpg,pork_ham_sample_6,ham,cross_rotation,all,meatlens,all,all,all,file_destination,E:\Thesis Code\processed_hsv_lab_threshold_roi_224\sample 6\not fresh\IMG20260508123012.jpg,False,partner_home,new_phone,,not fresh,not fresh,0.37817279,0.6158231,0.0060040555,not fresh,0.6158231,fresh,0.37817279,0.9939959,0.2376503,0,True,True,True,False,True,False,Borderline Fresh / Early Not Fresh,Consume Immediately / Check carefully,71.74759,Good for Consumption,1,1,True,False
20260424_135722.jpg,2,Pork Shoulder,spoiled,32:15:41,E:\Thesis Code\processed_hsv_lab_threshold_roi_224\sample 2\spoiled\20260424_135722.jpg,pork_shoulder_sample_2,shoulder,cross_rotation,all,meatlens,all,all,all,file_destination,E:\Thesis Code\processed_hsv_lab_threshold_roi_224\sample 2\spoiled\20260424_135722.jpg,False,partner_home,old_phone,,spoiled,spoiled,0.0007423824,0.00052727584,0.99873036,spoiled,0.99873036,fresh,0.0007423824,0.99947274,0.997988,0,True,True,True,False,False,False,Likely Spoiled,Not Suitable,10.090542,Not Suitable,2,2,False,False
20260704_172200.jpg,10,Pork Belly,spoiled,24:00:00,E:\Thesis Code\processed_hsv_lab_threshold_roi_224\sample 10\spoiled\20260704_172200.jpg,pork_belly_sample_10,belly,cross_rotation,all,public_dataset_2,all,all,all,file_destination,E:\Thesis Code\processed_hsv_lab_threshold_roi_224\sample 10\spoiled\20260704_172200.jpg,False,public_dataset_2,public_dataset_2,,spoiled,spoiled,0.007858327,0.0036844437,0.98845726,spoiled,0.98845726,fresh,0.007858327,0.9963156,0.9805989,0,True,True,True,False,False,False,Likely Spoiled,Not Suitable,10.87305,Not Suitable,2,2,False,False
HALF-FRESH-805-_JPG.rf.1e840242efad8e21812c4d4f14a3645f.jpg,12,Various Pork Meat,not fresh,,E:\Thesis Code\processed_hsv_lab_threshold_roi_224\sample 12\not fresh\HALF-FRESH-805-_JPG.rf.1e840242efad8e21812c4d4f14a3645f.jpg,various_pork_meat_sample_12,various,cross_rotation,all,public_dataset_2,all,all,all,file_destination,E:\Thesis Code\processed_hsv_lab_threshold_roi_224\sample 12\not fresh\HALF-FRESH-805-_JPG.rf.1e840242efad8e21812c4d4f14a3645f.jpg,False,public_dataset_2,public_dataset_2,,not fresh,spoiled,0.10907227,0.22768094,0.66324687,spoiled,0.66324687,not fresh,0.22768094,0.8909278,0.43556595,1,False,True,True,False,True,False,Borderline Spoiled / Advanced Not Fresh,Not Suitable / Manual inspection recommended,30.062147,Not Suitable,2,1,True,False
09-11-2022 12-02-36_jpg.rf.MCoOwh4xut67ilJSILKJ.jpg,11,Various Pork Meat,spoiled,,E:\Thesis Code\processed_hsv_lab_threshold_roi_224\sample 11\spoiled\09-11-2022 12-02-36_jpg.rf.MCoOwh4xut67ilJSILKJ.jpg,various_pork_meat_sample_11,various,cross_rotation,all,public_dataset_2,all,all,all,file_destination,E:\Thesis Code\processed_hsv_lab_threshold_roi_224\sample 11\spoiled\09-11-2022 12-02-36_jpg.rf.MCoOwh4xut67ilJSILKJ.jpg,False,public_dataset_2,public_dataset_2,,spoiled,spoiled,0.0008180853,0.085345276,0.9138366,spoiled,0.9138366,not fresh,0.085345276,0.99918187,0.82849133,0,True,True,True,False,False,False,Likely Spoiled,Not Suitable,13.914165,Not Suitable,2,2,True,False
HALF-FRESH-191-_JPG.rf.9399b6fcc44ca5585f9d4e2ed5bd586f.jpg,12,Various Pork Meat,not fresh,,E:\Thesis Code\processed_hsv_lab_threshold_roi_224\sample 12\not fresh\HALF-FRESH-191-_JPG.rf.9399b6fcc44ca5585f9d4e2ed5bd586f.jpg,various_pork_meat_sample_12,various,cross_rotation,all,public_dataset_2,all,all,all,file_destination,E:\Thesis Code\processed_hsv_lab_threshold_roi_224\sample 12\not fresh\HALF-FRESH-191-_JPG.rf.9399b6fcc44ca5585f9d4e2ed5bd586f.jpg,False,public_dataset_2,public_dataset_2,,not fresh,fresh,0.6838775,0.31101835,0.005104093,fresh,0.6838775,not fresh,0.31101835,0.9948959,0.37285918,1,False,True,True,False,True,False,Borderline Fresh / Early Not Fresh,Consume Immediately / Check carefully,85.5448,Good for Consumption,0,1,True,False
20260424_185658.jpg,1,Pork Shoulder,not fresh,14:54:52,E:\Thesis Code\processed_hsv_lab_threshold_roi_224\sample 1\not fresh\20260424_185658.jpg,pork_shoulder_sample_1,shoulder,cross_rotation,all,meatlens,all,all,all,file_destination,E:\Thesis Code\processed_hsv_lab_threshold_roi_224\sample 1\not fresh\20260424_185658.jpg,False,researcher_home,old_phone,,not fresh,not fresh,0.0031737634,0.9301104,0.06671584,not fresh,0.9301104,spoiled,0.06671584,0.99682623,0.86339456,0,True,True,True,False,False,False,Likely Not Fresh,Consume Immediately / Manual inspection recommended,52.140606,Consume Immediately,1,1,True,False
IMG_20260518_103749.jpg,7,Pork Loin,spoiled,27:27:26,E:\Thesis Code\processed_hsv_lab_threshold_roi_224\sample 7\spoiled\IMG_20260518_103749.jpg,pork_loin_sample_7,loin,cross_rotation,all,meatlens,all,all,all,file_destination,E:\Thesis Code\processed_hsv_lab_threshold_roi_224\sample 7\spoiled\IMG_20260518_103749.jpg,False,researcher_home,new_phone,,spoiled,spoiled,0.000268779,0.01296991,0.9867613,spoiled,0.9867613,not fresh,0.01296991,0.9997312,0.97379136,0,True,True,True,False,False,False,Likely Spoiled,Not Suitable,10.607836,Not Suitable,2,2,True,False
20260429_144635.jpg,4,Pork Belly,not fresh,06:52:28,E:\Thesis Code\processed_hsv_lab_threshold_roi_224\sample 4\not fresh\20260429_144635.jpg,pork_belly_sample_4,belly,cross_rotation,all,meatlens,all,all,all,file_destination,E:\Thesis Code\processed_hsv_lab_threshold_roi_224\sample 4\not fresh\20260429_144635.jpg,False,partner_home,old_phone,,not fresh,not fresh,0.002972271,0.97804946,0.018978192,not fresh,0.97804946,spoiled,0.018978192,0.99702764,0.9590713,0,True,True,True,False,False,False,Likely Not Fresh,Consume Immediately / Manual inspection recommended,54.279728,Consume Immediately,1,1,True,False
20260429_051100.jpg,3,Pork Belly,fresh,04:06:09,E:\Thesis Code\processed_hsv_lab_threshold_roi_224\sample 3\fresh\20260429_051100.jpg,pork_belly_sample_3,belly,cross_rotation,all,meatlens,all,all,all,file_destination,E:\Thesis Code\processed_hsv_lab_threshold_roi_224\sample 3\fresh\20260429_051100.jpg,False,researcher_home,old_phone,,fresh,fresh,0.9890772,0.0097774025,0.0011453192,fresh,0.9890772,not fresh,0.0097774025,0.99885464,0.9792998,0,True,True,True,False,False,False,Likely Fresh,Good for Consumption,99.45693,Good for Consumption,0,0,True,False
20260429_190826.jpg,3,Pork Belly,not fresh,15:04:31,E:\Thesis Code\processed_hsv_lab_threshold_roi_224\sample 3\not fresh\20260429_190826.jpg,pork_belly_sample_3,belly,cross_rotation,all,meatlens,all,all,all,file_destination,E:\Thesis Code\processed_hsv_lab_threshold_roi_224\sample 3\not fresh\20260429_190826.jpg,False,researcher_home,old_phone,,not fresh,not fresh,0.0013531797,0.7058462,0.29280064,not fresh,0.7058462,spoiled,0.29280064,0.99864686,0.41304556,0,True,True,True,False,True,False,Borderline Spoiled / Advanced Not Fresh,Not Suitable / Manual inspection recommended,41.884865,Consume Immediately,1,1,True,False
20260624_144809.jpg,9,Pork Hind Leg,not fresh,12:00:00,E:\Thesis Code\processed_hsv_lab_threshold_roi_224\sample 9\not fresh\20260624_144809.jpg,pork_hind_leg_sample_9,hind_leg,cross_rotation,all,public_dataset_2,all,all,all,file_destination,E:\Thesis Code\processed_hsv_lab_threshold_roi_224\sample 9\not fresh\20260624_144809.jpg,False,public_dataset_2,public_dataset_2,,not fresh,not fresh,0.34054354,0.58667094,0.07278548,not fresh,0.58667094,fresh,0.34054354,0.9272145,0.2461274,0,True,True,True,False,True,True,Borderline Fresh / Early Not Fresh,Consume Immediately / Check carefully,67.04911,Consume Immediately,1,1,True,False
20260429_211838.jpg,4,Pork Belly,spoiled,16:13:16,E:\Thesis Code\processed_hsv_lab_threshold_roi_224\sample 4\spoiled\20260429_211838.jpg,pork_belly_sample_4,belly,cross_rotation,all,meatlens,all,all,all,file_destination,E:\Thesis Code\processed_hsv_lab_threshold_roi_224\sample 4\spoiled\20260429_211838.jpg,False,partner_home,old_phone,,spoiled,spoiled,0.00019479278,0.01862976,0.9811755,spoiled,0.9811755,not fresh,0.01862976,0.9998052,0.96254575,0,True,True,True,False,False,False,Likely Spoiled,Not Suitable,10.855871,Not Suitable,2,2,True,False
20260516_123243.jpg,8,Pork Loin,not fresh,08:43:25,E:\Thesis Code\processed_hsv_lab_threshold_roi_224\sample 8\not fresh\20260516_123243.jpg,pork_loin_sample_8,loin,cross_rotation,all,meatlens,all,all,all,file_destination,E:\Thesis Code\processed_hsv_lab_threshold_roi_224\sample 8\not fresh\20260516_123243.jpg,False,partner_home,new_phone,,not fresh,not fresh,0.22690855,0.765292,0.0077995006,not fresh,0.765292,fresh,0.22690855,0.99220055,0.5383834,0,True,True,True,False,True,False,Borderline Fresh / Early Not Fresh,Consume Immediately / Check carefully,64.85991,Consume Immediately,1,1,True,False
20260429_161650.jpg,4,Pork Belly,not fresh,09:15:23,E:\Thesis Code\processed_hsv_lab_threshold_roi_224\sample 4\not fresh\20260429_161650.jpg,pork_belly_sample_4,belly,cross_rotation,all,meatlens,all,all,all,file_destination,E:\Thesis Code\processed_hsv_lab_threshold_roi_224\sample 4\not fresh\20260429_161650.jpg,False,partner_home,old_phone,,not fresh,not fresh,0.00020458836,0.9931629,0.0066325725,not fresh,0.9931629,spoiled,0.0066325725,0.99979544,0.9865303,0,True,True,True,False,False,False,Likely Not Fresh,Consume Immediately / Manual inspection recommended,54.710743,Consume Immediately,1,1,True,False
20260517_151000.jpg,8,Pork Loin,spoiled,33:28:02,E:\Thesis Code\processed_hsv_lab_threshold_roi_224\sample 8\spoiled\20260517_151000.jpg,pork_loin_sample_8,loin,cross_rotation,all,meatlens,all,all,all,file_destination,E:\Thesis Code\processed_hsv_lab_threshold_roi_224\sample 8\spoiled\20260517_151000.jpg,False,partner_home,new_phone,,spoiled,spoiled,2.1537397e-05,0.0055903113,0.99438816,spoiled,0.99438816,not fresh,0.0055903113,0.9999785,0.98879784,0,True,True,True,False,False,False,Likely Spoiled,Not Suitable,10.253503,Not Suitable,2,2,True,False
FRESH-943-_JPG.rf.1e7aeb68c4fca6d95dad9448749a7c38.jpg,12,Various Pork Meat,fresh,,E:\Thesis Code\processed_hsv_lab_threshold_roi_224\sample 12\fresh\FRESH-943-_JPG.rf.1e7aeb68c4fca6d95dad9448749a7c38.jpg,various_pork_meat_sample_12,various,cross_rotation,all,public_dataset_2,all,all,all,file_destination,E:\Thesis Code\processed_hsv_lab_threshold_roi_224\sample 12\fresh\FRESH-943-_JPG.rf.1e7aeb68c4fca6d95dad9448749a7c38.jpg,False,public_dataset_2,public_dataset_2,,fresh,fresh,0.9600933,0.03859885,0.0013078925,fresh,0.9600933,not fresh,0.03859885,0.99869215,0.9214945,0,True,True,True,False,False,False,Likely Fresh,Good for Consumption,98.14535,Good for Consumption,0,0,True,False
SPOILED-228-_JPG.rf.f59263f8069cec034fdc9955b581bde2.jpg,12,Various Pork Meat,spoiled,,E:\Thesis Code\processed_hsv_lab_threshold_roi_224\sample 12\spoiled\SPOILED-228-_JPG.rf.f59263f8069cec034fdc9955b581bde2.jpg,various_pork_meat_sample_12,various,cross_rotation,all,public_dataset_2,all,all,all,file_destination,E:\Thesis Code\processed_hsv_lab_threshold_roi_224\sample 12\spoiled\SPOILED-228-_JPG.rf.f59263f8069cec034fdc9955b581bde2.jpg,False,public_dataset_2,public_dataset_2,,spoiled,spoiled,0.30015522,0.25459823,0.44524655,spoiled,0.44524655,fresh,0.30015522,0.74540174,0.14509133,0,True,True,True,False,True,True,Uncertain / Non-adjacent Class Conflict,No reliable result / Retake image,48.47089,Consume Immediately,2,2,False,True
09-11-2022 12-34-21_jpg.rf.H6Vr3Me7FpZ4lXJGJlKM.jpg,11,Various Pork Meat,spoiled,,E:\Thesis Code\processed_hsv_lab_threshold_roi_224\sample 11\spoiled\09-11-2022 12-34-21_jpg.rf.H6Vr3Me7FpZ4lXJGJlKM.jpg,various_pork_meat_sample_11,various,cross_rotation,all,public_dataset_2,all,all,all,file_destination,E:\Thesis Code\processed_hsv_lab_threshold_roi_224\sample 11\spoiled\09-11-2022 12-34-21_jpg.rf.H6Vr3Me7FpZ4lXJGJlKM.jpg,False,public_dataset_2,public_dataset_2,,spoiled,spoiled,0.03984366,0.25801963,0.70213675,spoiled,0.70213675,not fresh,0.25801963,0.9601564,0.44411713,0,True,True,True,False,True,False,Borderline Spoiled / Advanced Not Fresh,Not Suitable / Manual inspection recommended,25.196814,Not Suitable,2,2,True,False
IMG20260508170700.jpg,6,Pork Ham,not fresh,13:07:14,E:\Thesis Code\processed_hsv_lab_threshold_roi_224\sample 6\not fresh\IMG20260508170700.jpg,pork_ham_sample_6,ham,cross_rotation,all,meatlens,all,all,all,file_destination,E:\Thesis Code\processed_hsv_lab_threshold_roi_224\sample 6\not fresh\IMG20260508170700.jpg,False,partner_home,new_phone,,not fresh,not fresh,0.012817582,0.8626216,0.12456084,not fresh,0.8626216,spoiled,0.12456084,0.98718244,0.7380608,0,True,True,True,False,True,False,Borderline Spoiled / Advanced Not Fresh,Not Suitable / Manual inspection recommended,49.971554,Consume Immediately,1,1,True,False
20260423_160909.jpg,2,Pork Shoulder,not fresh,11:54:34,E:\Thesis Code\processed_hsv_lab_threshold_roi_224\sample 2\not fresh\20260423_160909.jpg,pork_shoulder_sample_2,shoulder,cross_rotation,all,meatlens,all,all,all,file_destination,E:\Thesis Code\processed_hsv_lab_threshold_roi_224\sample 2\not fresh\20260423_160909.jpg,False,partner_home,old_phone,,not fresh,not fresh,0.006512232,0.9756731,0.017814683,not fresh,0.9756731,spoiled,0.017814683,0.9934878,0.9578584,0,True,True,True,False,False,False,Likely Not Fresh,Consume Immediately / Manual inspection recommended,54.49139,Consume Immediately,1,1,True,False
20260703_082833.jpg,10,Pork Belly,fresh,04:00:00,E:\Thesis Code\processed_hsv_lab_threshold_roi_224\sample 10\fresh\20260703_082833.jpg,pork_belly_sample_10,belly,cross_rotation,all,public_dataset_2,all,all,all,file_destination,E:\Thesis Code\processed_hsv_lab_threshold_roi_224\sample 10\fresh\20260703_082833.jpg,False,public_dataset_2,public_dataset_2,,fresh,fresh,0.88039255,0.11678733,0.002820122,fresh,0.88039255,not fresh,0.11678733,0.99717987,0.76360524,0,True,True,True,False,True,False,Borderline Fresh / Early Not Fresh,Consume Immediately / Check carefully,94.49076,Good for Consumption,0,0,True,False
IMG_20260517_130733.jpg,7,Pork Loin,not fresh,07:56:59,E:\Thesis Code\processed_hsv_lab_threshold_roi_224\sample 7\not fresh\IMG_20260517_130733.jpg,pork_loin_sample_7,loin,cross_rotation,all,meatlens,all,all,all,file_destination,E:\Thesis Code\processed_hsv_lab_threshold_roi_224\sample 7\not fresh\IMG_20260517_130733.jpg,False,researcher_home,new_phone,,not fresh,not fresh,0.02561363,0.96434695,0.010039526,not fresh,0.96434695,fresh,0.02561363,0.98996055,0.93873334,0,True,True,True,False,False,False,Likely Not Fresh,Consume Immediately / Manual inspection recommended,55.70084,Consume Immediately,1,1,True,False
IMG20260508175933.jpg,6,Pork Ham,not fresh,14:00:00,E:\Thesis Code\processed_hsv_lab_threshold_roi_224\sample 6\not fresh\IMG20260508175933.jpg,pork_ham_sample_6,ham,cross_rotation,all,meatlens,all,all,all,file_destination,E:\Thesis Code\processed_hsv_lab_threshold_roi_224\sample 6\not fresh\IMG20260508175933.jpg,False,partner_home,new_phone,,not fresh,not fresh,0.005405351,0.57061946,0.4239752,not fresh,0.57061946,spoiled,0.4239752,0.9945947,0.14664426,0,True,True,True,False,True,True,Borderline Spoiled / Advanced Not Fresh,Not Suitable / Manual inspection recommended,36.164356,Not Suitable,1,1,True,False
IMG20260508103035.jpg,6,Pork Ham,fresh,06:15:41,E:\Thesis Code\processed_hsv_lab_threshold_roi_224\sample 6\fresh\IMG20260508103035.jpg,pork_ham_sample_6,ham,cross_rotation,all,meatlens,all,all,all,file_destination,E:\Thesis Code\processed_hsv_lab_threshold_roi_224\sample 6\fresh\IMG20260508103035.jpg,False,partner_home,new_phone,,fresh,fresh,0.8656677,0.13197339,0.0023589795,fresh,0.8656677,not fresh,0.13197339,0.9976411,0.7336943,0,True,True,True,False,True,False,Borderline Fresh / Early Not Fresh,Consume Immediately / Check carefully,93.8489,Good for Consumption,0,0,True,False
IMG_20260517_201935.jpg,7,Pork Loin,spoiled,14:15:41,E:\Thesis Code\processed_hsv_lab_threshold_roi_224\sample 7\spoiled\IMG_20260517_201935.jpg,pork_loin_sample_7,loin,cross_rotation,all,meatlens,all,all,all,file_destination,E:\Thesis Code\processed_hsv_lab_threshold_roi_224\sample 7\spoiled\IMG_20260517_201935.jpg,False,researcher_home,new_phone,,spoiled,spoiled,0.005661641,0.40726757,0.58707076,spoiled,0.58707076,not fresh,0.40726757,0.99433833,0.1798032,0,True,True,True,False,True,True,Borderline Spoiled / Advanced Not Fresh,Not Suitable / Manual inspection recommended,28.836588,Not Suitable,2,2,True,False
20260429_171525.jpg,3,Pork Belly,not fresh,13:11:09,E:\Thesis Code\processed_hsv_lab_threshold_roi_224\sample 3\not fresh\20260429_171525.jpg,pork_belly_sample_3,belly,cross_rotation,all,meatlens,all,all,all,file_destination,E:\Thesis Code\processed_hsv_lab_threshold_roi_224\sample 3\not fresh\20260429_171525.jpg,False,researcher_home,old_phone,,not fresh,not fresh,0.0038106514,0.929915,0.06627437,not fresh,0.929915,spoiled,0.06627437,0.99618936,0.86364067,0,True,True,True,False,False,False,Likely Not Fresh,Consume Immediately / Manual inspection recommended,52.189133,Consume Immediately,1,1,True,False
20260429_160147.jpg,4,Pork Belly,not fresh,08:51:52,E:\Thesis Code\processed_hsv_lab_threshold_roi_224\sample 4\not fresh\20260429_160147.jpg,pork_belly_sample_4,belly,cross_rotation,all,meatlens,all,all,all,file_destination,E:\Thesis Code\processed_hsv_lab_threshold_roi_224\sample 4\not fresh\20260429_160147.jpg,False,partner_home,old_phone,,not fresh,not fresh,0.00038165448,0.9920305,0.007587892,not fresh,0.9920305,spoiled,0.007587892,0.9996184,0.9844426,0,True,True,True,False,False,False,Likely Not Fresh,Consume Immediately / Manual inspection recommended,54.67572,Consume Immediately,1,1,True,False
SPOILED-408-_JPG.rf.b49579e8004ac8e9900a28aa0bec200f.jpg,12,Various Pork Meat,spoiled,,E:\Thesis Code\processed_hsv_lab_threshold_roi_224\sample 12\spoiled\SPOILED-408-_JPG.rf.b49579e8004ac8e9900a28aa0bec200f.jpg,various_pork_meat_sample_12,various,cross_rotation,all,public_dataset_2,all,all,all,file_destination,E:\Thesis Code\processed_hsv_lab_threshold_roi_224\sample 12\spoiled\SPOILED-408-_JPG.rf.b49579e8004ac8e9900a28aa0bec200f.jpg,False,public_dataset_2,public_dataset_2,,spoiled,spoiled,0.00045484828,0.013671568,0.9858736,spoiled,0.9858736,not fresh,0.013671568,0.99954516,0.972202,0,True,True,True,False,False,False,Likely Spoiled,Not Suitable,10.656157,Not Suitable,2,2,True,False
20260430_224156.jpg,3,Pork Belly,spoiled,33:11:09,E:\Thesis Code\processed_hsv_lab_threshold_roi_224\sample 3\spoiled\20260430_224156.jpg,pork_belly_sample_3,belly,cross_rotation,all,meatlens,all,all,all,file_destination,E:\Thesis Code\processed_hsv_lab_threshold_roi_224\sample 3\spoiled\20260430_224156.jpg,False,researcher_home,old_phone,,spoiled,spoiled,2.6827945e-05,0.0006348489,0.9993383,spoiled,0.9993383,not fresh,0.0006348489,0.9999732,0.9987035,0,True,True,True,False,False,False,Likely Spoiled,Not Suitable,10.030983,Not Suitable,2,2,True,False
IMG20260508091430.jpg,6,Pork Ham,fresh,04:19:36,E:\Thesis Code\processed_hsv_lab_threshold_roi_224\sample 6\fresh\IMG20260508091430.jpg,pork_ham_sample_6,ham,cross_rotation,all,meatlens,all,all,all,file_destination,E:\Thesis Code\processed_hsv_lab_threshold_roi_224\sample 6\fresh\IMG20260508091430.jpg,False,partner_home,new_phone,,fresh,fresh,0.90149814,0.096160986,0.0023408013,fresh,0.90149814,not fresh,0.096160986,0.99765915,0.80533713,0,True,True,True,False,False,False,Likely Fresh,Good for Consumption,95.462074,Good for Consumption,0,0,True,False
20260703_131419.jpg,10,Pork Belly,not fresh,12:00:00,E:\Thesis Code\processed_hsv_lab_threshold_roi_224\sample 10\not fresh\20260703_131419.jpg,pork_belly_sample_10,belly,cross_rotation,all,public_dataset_2,all,all,all,file_destination,E:\Thesis Code\processed_hsv_lab_threshold_roi_224\sample 10\not fresh\20260703_131419.jpg,False,public_dataset_2,public_dataset_2,,not fresh,not fresh,0.41320515,0.5792532,0.0075416137,not fresh,0.5792532,fresh,0.41320515,0.99245834,0.16604805,0,True,True,True,False,True,True,Borderline Fresh / Early Not Fresh,Consume Immediately / Check carefully,73.25486,Good for Consumption,1,1,True,False
SPOILED-358-_JPG.rf.97a1db7164222c09c96c0eecd6c74b03.jpg,12,Various Pork Meat,spoiled,,E:\Thesis Code\processed_hsv_lab_threshold_roi_224\sample 12\spoiled\SPOILED-358-_JPG.rf.97a1db7164222c09c96c0eecd6c74b03.jpg,various_pork_meat_sample_12,various,cross_rotation,all,public_dataset_2,all,all,all,file_destination,E:\Thesis Code\processed_hsv_lab_threshold_roi_224\sample 12\spoiled\SPOILED-358-_JPG.rf.97a1db7164222c09c96c0eecd6c74b03.jpg,False,public_dataset_2,public_dataset_2,,spoiled,spoiled,0.0047921767,0.024489248,0.97071856,spoiled,0.97071856,not fresh,0.024489248,0.9952078,0.94622934,0,True,True,True,False,False,False,Likely Spoiled,Not Suitable,11.533312,Not Suitable,2,2,True,False
IMG_20260517_120733.jpg,7,Pork Loin,not fresh,07:04:13,E:\Thesis Code\processed_hsv_lab_threshold_roi_224\sample 7\not fresh\IMG_20260517_120733.jpg,pork_loin_sample_7,loin,cross_rotation,all,meatlens,all,all,all,file_destination,E:\Thesis Code\processed_hsv_lab_threshold_roi_224\sample 7\not fresh\IMG_20260517_120733.jpg,False,researcher_home,new_phone,,not fresh,not fresh,0.4086131,0.5484972,0.042889696,not fresh,0.5484972,fresh,0.4086131,0.9571103,0.13988411,0,True,True,True,False,True,True,Borderline Fresh / Early Not Fresh,Consume Immediately / Check carefully,71.45755,Good for Consumption,1,1,True,False
09-11-2022 11-04-55_jpg.rf.ZgYiYO8kbpgWQsYlSI3s.jpg,11,Various Pork Meat,spoiled,,E:\Thesis Code\processed_hsv_lab_threshold_roi_224\sample 11\spoiled\09-11-2022 11-04-55_jpg.rf.ZgYiYO8kbpgWQsYlSI3s.jpg,various_pork_meat_sample_11,various,cross_rotation,all,public_dataset_2,all,all,all,file_destination,E:\Thesis Code\processed_hsv_lab_threshold_roi_224\sample 11\spoiled\09-11-2022 11-04-55_jpg.rf.ZgYiYO8kbpgWQsYlSI3s.jpg,False,public_dataset_2,public_dataset_2,,spoiled,spoiled,0.045574993,0.036170274,0.9182548,spoiled,0.9182548,fresh,0.045574993,0.96382976,0.8726798,0,True,True,True,False,False,False,Likely Spoiled,Not Suitable,15.729412,Not Suitable,2,2,False,False
IMG_20260517_115433.jpg,7,Pork Loin,fresh,06:39:52,E:\Thesis Code\processed_hsv_lab_threshold_roi_224\sample 7\fresh\IMG_20260517_115433.jpg,pork_loin_sample_7,loin,cross_rotation,all,meatlens,all,all,all,file_destination,E:\Thesis Code\processed_hsv_lab_threshold_roi_224\sample 7\fresh\IMG_20260517_115433.jpg,False,researcher_home,new_phone,,fresh,fresh,0.756589,0.22823575,0.015175199,fresh,0.756589,not fresh,0.22823575,0.9848248,0.5283532,0,True,True,True,False,True,False,Borderline Fresh / Early Not Fresh,Consume Immediately / Check carefully,88.36362,Good for Consumption,0,0,True,False
20260625_125343.jpg,9,Pork Hind Leg,spoiled,24:00:00,E:\Thesis Code\processed_hsv_lab_threshold_roi_224\sample 9\spoiled\20260625_125343.jpg,pork_hind_leg_sample_9,hind_leg,cross_rotation,all,public_dataset_2,all,all,all,file_destination,E:\Thesis Code\processed_hsv_lab_threshold_roi_224\sample 9\spoiled\20260625_125343.jpg,False,public_dataset_2,public_dataset_2,,spoiled,spoiled,0.008494993,0.0003945874,0.99111044,spoiled,0.99111044,fresh,0.008494993,0.9996054,0.9826155,0,True,True,True,False,False,False,Likely Spoiled,Not Suitable,10.782306,Not Suitable,2,2,False,False
IMG20260509103409.jpg,6,Pork Ham,spoiled,29:21:24,E:\Thesis Code\processed_hsv_lab_threshold_roi_224\sample 6\spoiled\IMG20260509103409.jpg,pork_ham_sample_6,ham,cross_rotation,all,meatlens,all,all,all,file_destination,E:\Thesis Code\processed_hsv_lab_threshold_roi_224\sample 6\spoiled\IMG20260509103409.jpg,False,partner_home,new_phone,,spoiled,spoiled,9.3594535e-06,0.0016268353,0.9983638,spoiled,0.9983638,not fresh,0.0016268353,0.99999064,0.99673694,0,True,True,True,False,False,False,Likely Spoiled,Not Suitable,10.07405,Not Suitable,2,2,True,False
20260429_151009.jpg,4,Pork Belly,not fresh,07:28:39,E:\Thesis Code\processed_hsv_lab_threshold_roi_224\sample 4\not fresh\20260429_151009.jpg,pork_belly_sample_4,belly,cross_rotation,all,meatlens,all,all,all,file_destination,E:\Thesis Code\processed_hsv_lab_threshold_roi_224\sample 4\not fresh\20260429_151009.jpg,False,partner_home,old_phone,,not fresh,not fresh,0.006230981,0.9409112,0.052857786,not fresh,0.9409112,spoiled,0.052857786,0.99376893,0.8880534,0,True,True,True,False,False,False,Likely Not Fresh,Consume Immediately / Manual inspection recommended,52.90179,Consume Immediately,1,1,True,False
IMG20260423101140.jpg,2,Pork Shoulder,fresh,05:58:11,E:\Thesis Code\processed_hsv_lab_threshold_roi_224\sample 2\fresh\IMG20260423101140.jpg,pork_shoulder_sample_2,shoulder,cross_rotation,all,meatlens,all,all,all,file_destination,E:\Thesis Code\processed_hsv_lab_threshold_roi_224\sample 2\fresh\IMG20260423101140.jpg,False,partner_home,old_phone,,fresh,fresh,0.95981467,0.037659403,0.0025259731,fresh,0.95981467,not fresh,0.037659403,0.9974741,0.92215526,0,True,True,True,False,False,False,Likely Fresh,Good for Consumption,98.077995,Good for Consumption,0,0,True,False
20260516_172018.jpg,8,Pork Loin,not fresh,13:13:34,E:\Thesis Code\processed_hsv_lab_threshold_roi_224\sample 8\not fresh\20260516_172018.jpg,pork_loin_sample_8,loin,cross_rotation,all,meatlens,all,all,all,file_destination,E:\Thesis Code\processed_hsv_lab_threshold_roi_224\sample 8\not fresh\20260516_172018.jpg,False,partner_home,new_phone,,not fresh,not fresh,0.00275771,0.59907836,0.39816394,not fresh,0.59907836,spoiled,0.39816394,0.99724233,0.20091441,0,True,True,True,False,True,True,Borderline Spoiled / Advanced Not Fresh,Not Suitable / Manual inspection recommended,37.20672,Not Suitable,1,1,True,False
IMG20260509123447.jpg,6,Pork Ham,spoiled,20:16:17,E:\Thesis Code\processed_hsv_lab_threshold_roi_224\sample 6\spoiled\IMG20260509123447.jpg,pork_ham_sample_6,ham,cross_rotation,all,meatlens,all,all,all,file_destination,E:\Thesis Code\processed_hsv_lab_threshold_roi_224\sample 6\spoiled\IMG20260509123447.jpg,False,partner_home,new_phone,,spoiled,spoiled,2.1694314e-05,0.0016212997,0.998357,spoiled,0.998357,not fresh,0.0016212997,0.9999783,0.9967357,0,True,True,True,False,False,False,Likely Spoiled,Not Suitable,10.074911,Not Suitable,2,2,True,False
20260429_061101.jpg,3,Pork Belly,fresh,06:09:14,E:\Thesis Code\processed_hsv_lab_threshold_roi_224\sample 3\fresh\20260429_061101.jpg,pork_belly_sample_3,belly,cross_rotation,all,meatlens,all,all,all,file_destination,E:\Thesis Code\processed_hsv_lab_threshold_roi_224\sample 3\fresh\20260429_061101.jpg,False,researcher_home,old_phone,,fresh,fresh,0.9846758,0.01463278,0.0006914075,fresh,0.9846758,not fresh,0.01463278,0.9993086,0.97004306,0,True,True,True,False,False,False,Likely Fresh,Good for Consumption,99.2793,Good for Consumption,0,0,True,False
20260424_061821.jpg,1,Pork Shoulder,fresh,00:16:53,E:\Thesis Code\processed_hsv_lab_threshold_roi_224\sample 1\fresh\20260424_061821.jpg,pork_shoulder_sample_1,shoulder,cross_rotation,all,meatlens,all,all,all,file_destination,E:\Thesis Code\processed_hsv_lab_threshold_roi_224\sample 1\fresh\20260424_061821.jpg,False,researcher_home,old_phone,,fresh,fresh,0.92623353,0.07317536,0.00059111125,fresh,0.92623353,not fresh,0.07317536,0.9994089,0.85305816,0,True,True,True,False,False,False,Likely Fresh,Good for Consumption,96.65391,Good for Consumption,0,0,True,False
20260424_093941.jpg,1,Pork Shoulder,fresh,04:25:20,E:\Thesis Code\processed_hsv_lab_threshold_roi_224\sample 1\fresh\20260424_093941.jpg,pork_shoulder_sample_1,shoulder,cross_rotation,all,meatlens,all,all,all,file_destination,E:\Thesis Code\processed_hsv_lab_threshold_roi_224\sample 1\fresh\20260424_093941.jpg,False,researcher_home,old_phone,,fresh,fresh,0.9873283,0.012075559,0.00059620076,fresh,0.9873283,not fresh,0.012075559,0.99940383,0.97525275,0,True,True,True,False,False,False,Likely Fresh,Good for Consumption,99.40295,Good for Consumption,0,0,True,False
20260704_083100.jpg,10,Pork Belly,spoiled,24:00:00,E:\Thesis Code\processed_hsv_lab_threshold_roi_224\sample 10\spoiled\20260704_083100.jpg,pork_belly_sample_10,belly,cross_rotation,all,public_dataset_2,all,all,all,file_destination,E:\Thesis Code\processed_hsv_lab_threshold_roi_224\sample 10\spoiled\20260704_083100.jpg,False,public_dataset_2,public_dataset_2,,spoiled,spoiled,0.006311361,0.0066999127,0.9869887,spoiled,0.9869887,not fresh,0.0066999127,0.99368864,0.9802888,0,True,True,True,False,False,False,Likely Spoiled,Not Suitable,10.869518,Not Suitable,2,2,True,False
20260429_161419.jpg,4,Pork Belly,not fresh,09:11:46,E:\Thesis Code\processed_hsv_lab_threshold_roi_224\sample 4\not fresh\20260429_161419.jpg,pork_belly_sample_4,belly,cross_rotation,all,meatlens,all,all,all,file_destination,E:\Thesis Code\processed_hsv_lab_threshold_roi_224\sample 4\not fresh\20260429_161419.jpg,False,partner_home,old_phone,,not fresh,not fresh,0.00074363715,0.98390883,0.015347499,not fresh,0.98390883,spoiled,0.015347499,0.9992563,0.96856135,0,True,True,True,False,False,False,Likely Not Fresh,Consume Immediately / Manual inspection recommended,54.342823,Consume Immediately,1,1,True,False
20260425_211543.jpg,1,Pork Shoulder,spoiled,41:05:08,E:\Thesis Code\processed_hsv_lab_threshold_roi_224\sample 1\spoiled\20260425_211543.jpg,pork_shoulder_sample_1,shoulder,cross_rotation,all,meatlens,all,all,all,file_destination,E:\Thesis Code\processed_hsv_lab_threshold_roi_224\sample 1\spoiled\20260425_211543.jpg,False,researcher_home,old_phone,,spoiled,spoiled,1.4167566e-07,0.0010295704,0.99897027,spoiled,0.99897027,not fresh,0.0010295704,0.9999998,0.9979407,0,True,True,True,False,False,False,Likely Spoiled,Not Suitable,10.046343,Not Suitable,2,2,True,False
20260625_122809.jpg,9,Pork Hind Leg,spoiled,24:00:00,E:\Thesis Code\processed_hsv_lab_threshold_roi_224\sample 9\spoiled\20260625_122809.jpg,pork_hind_leg_sample_9,hind_leg,cross_rotation,all,public_dataset_2,all,all,all,file_destination,E:\Thesis Code\processed_hsv_lab_threshold_roi_224\sample 9\spoiled\20260625_122809.jpg,False,public_dataset_2,public_dataset_2,,spoiled,spoiled,0.007838528,0.0014019647,0.9907595,spoiled,0.9907595,fresh,0.007838528,0.99859804,0.98292094,0,True,True,True,False,False,False,Likely Spoiled,Not Suitable,10.768556,Not Suitable,2,2,False,False
20260703_145315.jpg,10,Pork Belly,not fresh,12:00:00,E:\Thesis Code\processed_hsv_lab_threshold_roi_224\sample 10\not fresh\20260703_145315.jpg,pork_belly_sample_10,belly,cross_rotation,all,public_dataset_2,all,all,all,file_destination,E:\Thesis Code\processed_hsv_lab_threshold_roi_224\sample 10\not fresh\20260703_145315.jpg,False,public_dataset_2,public_dataset_2,,not fresh,not fresh,0.06085399,0.8408613,0.09828471,not fresh,0.8408613,spoiled,0.09828471,0.93914604,0.7425766,0,True,True,True,False,True,False,Borderline Spoiled / Advanced Not Fresh,Not Suitable / Manual inspection recommended,53.31562,Consume Immediately,1,1,True,False
20260430_083335.jpg,3,Pork Belly,spoiled,24:20:30,E:\Thesis Code\processed_hsv_lab_threshold_roi_224\sample 3\spoiled\20260430_083335.jpg,pork_belly_sample_3,belly,cross_rotation,all,meatlens,all,all,all,file_destination,E:\Thesis Code\processed_hsv_lab_threshold_roi_224\sample 3\spoiled\20260430_083335.jpg,False,researcher_home,old_phone,,spoiled,spoiled,0.0029721782,0.002041304,0.9949865,spoiled,0.9949865,fresh,0.0029721782,0.99795866,0.9920143,0,True,True,True,False,False,False,Likely Spoiled,Not Suitable,10.359354,Not Suitable,2,2,False,False
IMG_20260508_144500.jpg,5,Pork Ham,not fresh,10:41:36,E:\Thesis Code\processed_hsv_lab_threshold_roi_224\sample 5\not fresh\IMG_20260508_144500.jpg,pork_ham_sample_5,ham,cross_rotation,all,meatlens,all,all,all,file_destination,E:\Thesis Code\processed_hsv_lab_threshold_roi_224\sample 5\not fresh\IMG_20260508_144500.jpg,False,researcher_home,new_phone,,not fresh,not fresh,0.08940943,0.9074518,0.003138784,not fresh,0.9074518,fresh,0.08940943,0.9968612,0.8180424,0,True,True,True,False,False,False,Likely Not Fresh,Consume Immediately / Manual inspection recommended,58.88218,Consume Immediately,1,1,True,False
IMG_20260508_155434.jpg,5,Pork Ham,not fresh,11:49:09,E:\Thesis Code\processed_hsv_lab_threshold_roi_224\sample 5\not fresh\IMG_20260508_155434.jpg,pork_ham_sample_5,ham,cross_rotation,all,meatlens,all,all,all,file_destination,E:\Thesis Code\processed_hsv_lab_threshold_roi_224\sample 5\not fresh\IMG_20260508_155434.jpg,False,researcher_home,new_phone,,not fresh,not fresh,0.0064749047,0.99167657,0.0018485065,not fresh,0.99167657,fresh,0.0064749047,0.9981515,0.98520166,0,True,True,True,False,False,False,Likely Not Fresh,Consume Immediately / Manual inspection recommended,55.208187,Consume Immediately,1,1,True,False
20260625_174446.jpg,9,Pork Hind Leg,spoiled,24:00:00,E:\Thesis Code\processed_hsv_lab_threshold_roi_224\sample 9\spoiled\20260625_174446.jpg,pork_hind_leg_sample_9,hind_leg,cross_rotation,all,public_dataset_2,all,all,all,file_destination,E:\Thesis Code\processed_hsv_lab_threshold_roi_224\sample 9\spoiled\20260625_174446.jpg,False,public_dataset_2,public_dataset_2,,spoiled,spoiled,0.012019841,0.0033764013,0.9846037,spoiled,0.9846037,fresh,0.012019841,0.9966235,0.9725839,0,True,True,True,False,False,False,Likely Spoiled,Not Suitable,11.233724,Not Suitable,2,2,False,False
IMG20260508075755.jpg,6,Pork Ham,fresh,02:23:31,E:\Thesis Code\processed_hsv_lab_threshold_roi_224\sample 6\fresh\IMG20260508075755.jpg,pork_ham_sample_6,ham,cross_rotation,all,meatlens,all,all,all,file_destination,E:\Thesis Code\processed_hsv_lab_threshold_roi_224\sample 6\fresh\IMG20260508075755.jpg,False,partner_home,new_phone,,fresh,fresh,0.9939468,0.005373866,0.0006792861,fresh,0.9939468,not fresh,0.005373866,0.9993207,0.9885729,0,True,True,True,False,False,False,Likely Fresh,Good for Consumption,99.69704,Good for Consumption,0,0,True,False
20260424_184458.jpg,1,Pork Shoulder,not fresh,14:42:49,E:\Thesis Code\processed_hsv_lab_threshold_roi_224\sample 1\not fresh\20260424_184458.jpg,pork_shoulder_sample_1,shoulder,cross_rotation,all,meatlens,all,all,all,file_destination,E:\Thesis Code\processed_hsv_lab_threshold_roi_224\sample 1\not fresh\20260424_184458.jpg,False,researcher_home,old_phone,,not fresh,not fresh,0.0031807693,0.9497573,0.04706186,not fresh,0.9497573,spoiled,0.04706186,0.99681914,0.9026954,0,True,True,True,False,False,False,Likely Not Fresh,Consume Immediately / Manual inspection recommended,53.025345,Consume Immediately,1,1,True,False
20260624_163126.jpg,9,Pork Hind Leg,not fresh,12:00:00,E:\Thesis Code\processed_hsv_lab_threshold_roi_224\sample 9\not fresh\20260624_163126.jpg,pork_hind_leg_sample_9,hind_leg,cross_rotation,all,public_dataset_2,all,all,all,file_destination,E:\Thesis Code\processed_hsv_lab_threshold_roi_224\sample 9\not fresh\20260624_163126.jpg,False,public_dataset_2,public_dataset_2,,not fresh,not fresh,0.10423572,0.68546665,0.21029758,not fresh,0.68546665,spoiled,0.21029758,0.89576423,0.47516906,0,True,True,True,False,True,False,Borderline Spoiled / Advanced Not Fresh,Not Suitable / Manual inspection recommended,50.227215,Consume Immediately,1,1,True,False
IMG20260508134917.jpg,6,Pork Ham,not fresh,09:48:51,E:\Thesis Code\processed_hsv_lab_threshold_roi_224\sample 6\not fresh\IMG20260508134917.jpg,pork_ham_sample_6,ham,cross_rotation,all,meatlens,all,all,all,file_destination,E:\Thesis Code\processed_hsv_lab_threshold_roi_224\sample 6\not fresh\IMG20260508134917.jpg,False,partner_home,new_phone,,not fresh,not fresh,0.008944629,0.9517845,0.039270908,not fresh,0.9517845,spoiled,0.039270908,0.99105537,0.9125136,0,True,True,True,False,False,False,Likely Not Fresh,Consume Immediately / Manual inspection recommended,53.63532,Consume Immediately,1,1,True,False
20260429_162723.jpg,3,Pork Belly,not fresh,12:22:55,E:\Thesis Code\processed_hsv_lab_threshold_roi_224\sample 3\not fresh\20260429_162723.jpg,pork_belly_sample_3,belly,cross_rotation,all,meatlens,all,all,all,file_destination,E:\Thesis Code\processed_hsv_lab_threshold_roi_224\sample 3\not fresh\20260429_162723.jpg,False,researcher_home,old_phone,,not fresh,not fresh,0.014132004,0.9800395,0.005828467,not fresh,0.9800395,fresh,0.014132004,0.9941715,0.96590745,0,True,True,True,False,False,False,Likely Not Fresh,Consume Immediately / Manual inspection recommended,55.373657,Consume Immediately,1,1,True,False
IMG_20260517_113933.jpg,7,Pork Loin,fresh,05:56:43,E:\Thesis Code\processed_hsv_lab_threshold_roi_224\sample 7\fresh\IMG_20260517_113933.jpg,pork_loin_sample_7,loin,cross_rotation,all,meatlens,all,all,all,file_destination,E:\Thesis Code\processed_hsv_lab_threshold_roi_224\sample 7\fresh\IMG_20260517_113933.jpg,False,researcher_home,new_phone,,fresh,fresh,0.93778116,0.05961978,0.0025990899,fresh,0.93778116,not fresh,0.05961978,0.99740094,0.8781614,0,True,True,True,False,False,False,Likely Fresh,Good for Consumption,97.08319,Good for Consumption,0,0,True,False
20260516_125647.jpg,8,Pork Loin,not fresh,09:06:38,E:\Thesis Code\processed_hsv_lab_threshold_roi_224\sample 8\not fresh\20260516_125647.jpg,pork_loin_sample_8,loin,cross_rotation,all,meatlens,all,all,all,file_destination,E:\Thesis Code\processed_hsv_lab_threshold_roi_224\sample 8\not fresh\20260516_125647.jpg,False,partner_home,new_phone,,not fresh,not fresh,0.12970476,0.8618398,0.0084554665,not fresh,0.8618398,fresh,0.12970476,0.99154454,0.732135,0,True,True,True,False,True,False,Borderline Fresh / Early Not Fresh,Consume Immediately / Check carefully,60.45622,Consume Immediately,1,1,True,False
20260704_151146.jpg,10,Pork Belly,spoiled,24:00:00,E:\Thesis Code\processed_hsv_lab_threshold_roi_224\sample 10\spoiled\20260704_151146.jpg,pork_belly_sample_10,belly,cross_rotation,all,public_dataset_2,all,all,all,file_destination,E:\Thesis Code\processed_hsv_lab_threshold_roi_224\sample 10\spoiled\20260704_151146.jpg,False,public_dataset_2,public_dataset_2,,spoiled,spoiled,0.00010083697,0.00056025287,0.9993389,spoiled,0.9993389,not fresh,0.00056025287,0.99989915,0.9987787,0,True,True,True,False,False,False,Likely Spoiled,Not Suitable,10.0342865,Not Suitable,2,2,True,False
20260429_065902.jpg,3,Pork Belly,fresh,07:43:35,E:\Thesis Code\processed_hsv_lab_threshold_roi_224\sample 3\fresh\20260429_065902.jpg,pork_belly_sample_3,belly,cross_rotation,all,meatlens,all,all,all,file_destination,E:\Thesis Code\processed_hsv_lab_threshold_roi_224\sample 3\fresh\20260429_065902.jpg,False,researcher_home,old_phone,,fresh,fresh,0.9868075,0.0120539935,0.0011385395,fresh,0.9868075,not fresh,0.0120539935,0.9988615,0.97475356,0,True,True,True,False,False,False,Likely Fresh,Good for Consumption,99.35511,Good for Consumption,0,0,True,False
IMG20260508101934.jpg,6,Pork Ham,fresh,05:58:48,E:\Thesis Code\processed_hsv_lab_threshold_roi_224\sample 6\fresh\IMG20260508101934.jpg,pork_ham_sample_6,ham,cross_rotation,all,meatlens,all,all,all,file_destination,E:\Thesis Code\processed_hsv_lab_threshold_roi_224\sample 6\fresh\IMG20260508101934.jpg,False,partner_home,new_phone,,fresh,fresh,0.8784935,0.119210996,0.0022954883,fresh,0.8784935,not fresh,0.119210996,0.9977045,0.75928247,0,True,True,True,False,True,False,Borderline Fresh / Early Not Fresh,Consume Immediately / Check carefully,94.42891,Good for Consumption,0,0,True,False
20260516_072053.jpg,8,Pork Loin,fresh,00:16:53,E:\Thesis Code\processed_hsv_lab_threshold_roi_224\sample 8\fresh\20260516_072053.jpg,pork_loin_sample_8,loin,cross_rotation,all,meatlens,all,all,all,file_destination,E:\Thesis Code\processed_hsv_lab_threshold_roi_224\sample 8\fresh\20260516_072053.jpg,False,partner_home,new_phone,,fresh,fresh,0.99652594,0.0034290992,4.4938122e-05,fresh,0.99652594,not fresh,0.0034290992,0.99995506,0.9930968,0,True,True,True,False,False,False,Likely Fresh,Good for Consumption,99.841644,Good for Consumption,0,0,True,False
IMG_20260508_160444.jpg,5,Pork Ham,not fresh,11:58:48,E:\Thesis Code\processed_hsv_lab_threshold_roi_224\sample 5\not fresh\IMG_20260508_160444.jpg,pork_ham_sample_5,ham,cross_rotation,all,meatlens,all,all,all,file_destination,E:\Thesis Code\processed_hsv_lab_threshold_roi_224\sample 5\not fresh\IMG_20260508_160444.jpg,False,researcher_home,new_phone,,not fresh,not fresh,0.006435249,0.9688825,0.024682224,not fresh,0.9688825,spoiled,0.024682224,0.9935647,0.9442003,0,True,True,True,False,False,False,Likely Not Fresh,Consume Immediately / Manual inspection recommended,54.178886,Consume Immediately,1,1,True,False
IMG20260508062650.jpg,6,Pork Ham,fresh,00:04:13,E:\Thesis Code\processed_hsv_lab_threshold_roi_224\sample 6\fresh\IMG20260508062650.jpg,pork_ham_sample_6,ham,cross_rotation,all,meatlens,all,all,all,file_destination,E:\Thesis Code\processed_hsv_lab_threshold_roi_224\sample 6\fresh\IMG20260508062650.jpg,False,partner_home,new_phone,,fresh,fresh,0.99489385,0.003384719,0.0017213491,fresh,0.99489385,not fresh,0.003384719,0.99827856,0.99150914,0,True,True,True,False,False,False,Likely Fresh,Good for Consumption,99.69276,Good for Consumption,0,0,True,False
20260424_164550.jpg,2,Pork Shoulder,spoiled,38:52:28,E:\Thesis Code\processed_hsv_lab_threshold_roi_224\sample 2\spoiled\20260424_164550.jpg,pork_shoulder_sample_2,shoulder,cross_rotation,all,meatlens,all,all,all,file_destination,E:\Thesis Code\processed_hsv_lab_threshold_roi_224\sample 2\spoiled\20260424_164550.jpg,False,partner_home,old_phone,,spoiled,spoiled,0.0002876649,0.0007200784,0.99899226,spoiled,0.99899226,not fresh,0.0007200784,0.99971235,0.9982722,0,True,True,True,False,False,False,Likely Spoiled,Not Suitable,10.058293,Not Suitable,2,2,True,False
IMG_20260517_182734.jpg,7,Pork Loin,not fresh,12:37:41,E:\Thesis Code\processed_hsv_lab_threshold_roi_224\sample 7\not fresh\IMG_20260517_182734.jpg,pork_loin_sample_7,loin,cross_rotation,all,meatlens,all,all,all,file_destination,E:\Thesis Code\processed_hsv_lab_threshold_roi_224\sample 7\not fresh\IMG_20260517_182734.jpg,False,researcher_home,new_phone,,not fresh,not fresh,0.0025183698,0.8607099,0.13677177,not fresh,0.8607099,spoiled,0.13677177,0.9974817,0.7239381,0,True,True,True,False,True,False,Borderline Spoiled / Advanced Not Fresh,Not Suitable / Manual inspection recommended,48.9586,Consume Immediately,1,1,True,False
IMG_20260517_111056.jpg,7,Pork Loin,fresh,04:36:10,E:\Thesis Code\processed_hsv_lab_threshold_roi_224\sample 7\fresh\IMG_20260517_111056.jpg,pork_loin_sample_7,loin,cross_rotation,all,meatlens,all,all,all,file_destination,E:\Thesis Code\processed_hsv_lab_threshold_roi_224\sample 7\fresh\IMG_20260517_111056.jpg,False,researcher_home,new_phone,,fresh,fresh,0.7937117,0.19922312,0.0070652138,fresh,0.7937117,not fresh,0.19922312,0.9929348,0.5944886,0,True,True,True,False,True,False,Borderline Fresh / Early Not Fresh,Consume Immediately / Check carefully,90.39909,Good for Consumption,0,0,True,False
FRESH-528-_JPG.rf.cee567403d09c1b1603176f92d0918ee.jpg,12,Various Pork Meat,fresh,,E:\Thesis Code\processed_hsv_lab_threshold_roi_224\sample 12\fresh\FRESH-528-_JPG.rf.cee567403d09c1b1603176f92d0918ee.jpg,various_pork_meat_sample_12,various,cross_rotation,all,public_dataset_2,all,all,all,file_destination,E:\Thesis Code\processed_hsv_lab_threshold_roi_224\sample 12\fresh\FRESH-528-_JPG.rf.cee567403d09c1b1603176f92d0918ee.jpg,False,public_dataset_2,public_dataset_2,,fresh,not fresh,0.43581247,0.50452805,0.05965952,not fresh,0.50452805,fresh,0.43581247,0.9403405,0.06871557,1,False,True,True,False,True,True,Borderline Fresh / Early Not Fresh,Consume Immediately / Check carefully,71.92689,Good for Consumption,1,0,True,False
20260624_134859.jpg,9,Pork Hind Leg,not fresh,12:00:00,E:\Thesis Code\processed_hsv_lab_threshold_roi_224\sample 9\not fresh\20260624_134859.jpg,pork_hind_leg_sample_9,hind_leg,cross_rotation,all,public_dataset_2,all,all,all,file_destination,E:\Thesis Code\processed_hsv_lab_threshold_roi_224\sample 9\not fresh\20260624_134859.jpg,False,public_dataset_2,public_dataset_2,,not fresh,not fresh,0.3205198,0.5690989,0.11038127,not fresh,0.5690989,fresh,0.3205198,0.8896187,0.24857908,0,True,True,True,False,True,True,Borderline Fresh / Early Not Fresh,Consume Immediately / Check carefully,64.45623,Consume Immediately,1,1,True,False
IMG20260508115640.jpg,6,Pork Ham,not fresh,07:56:59,E:\Thesis Code\processed_hsv_lab_threshold_roi_224\sample 6\not fresh\IMG20260508115640.jpg,pork_ham_sample_6,ham,cross_rotation,all,meatlens,all,all,all,file_destination,E:\Thesis Code\processed_hsv_lab_threshold_roi_224\sample 6\not fresh\IMG20260508115640.jpg,False,partner_home,new_phone,,not fresh,not fresh,0.42664874,0.56893295,0.004418276,not fresh,0.56893295,fresh,0.42664874,0.9955817,0.14228421,0,True,True,True,False,True,True,Borderline Fresh / Early Not Fresh,Consume Immediately / Check carefully,74.00037,Good for Consumption,1,1,True,False
20260429_072720.jpg,4,Pork Belly,fresh,02:56:23,E:\Thesis Code\processed_hsv_lab_threshold_roi_224\sample 4\fresh\20260429_072720.jpg,pork_belly_sample_4,belly,cross_rotation,all,meatlens,all,all,all,file_destination,E:\Thesis Code\processed_hsv_lab_threshold_roi_224\sample 4\fresh\20260429_072720.jpg,False,partner_home,old_phone,,fresh,fresh,0.9840401,0.009963324,0.00599657,fresh,0.9840401,not fresh,0.009963324,0.9940034,0.97407675,0,True,True,True,False,False,False,Likely Fresh,Good for Consumption,99.011955,Good for Consumption,0,0,True,False
20260429_075725.jpg,4,Pork Belly,fresh,05:21:21,E:\Thesis Code\processed_hsv_lab_threshold_roi_224\sample 4\fresh\20260429_075725.jpg,pork_belly_sample_4,belly,cross_rotation,all,meatlens,all,all,all,file_destination,E:\Thesis Code\processed_hsv_lab_threshold_roi_224\sample 4\fresh\20260429_075725.jpg,False,partner_home,old_phone,,fresh,fresh,0.99716157,0.0020725692,0.00076591666,fresh,0.99716157,not fresh,0.0020725692,0.99923414,0.995089,0,True,True,True,False,False,False,Likely Fresh,Good for Consumption,99.83781,Good for Consumption,0,0,True,False
08-11-2022 21-39-39_jpg.rf.BhVUwjrDmWAOwYHmQRxP.jpg,11,Various Pork Meat,not fresh,,E:\Thesis Code\processed_hsv_lab_threshold_roi_224\sample 11\half fresh\08-11-2022 21-39-39_jpg.rf.BhVUwjrDmWAOwYHmQRxP.jpg,various_pork_meat_sample_11,various,cross_rotation,all,public_dataset_2,all,all,all,file_destination,E:\Thesis Code\processed_hsv_lab_threshold_roi_224\sample 11\half fresh\08-11-2022 21-39-39_jpg.rf.BhVUwjrDmWAOwYHmQRxP.jpg,False,public_dataset_2,public_dataset_2,,not fresh,not fresh,0.23581521,0.72143734,0.042747475,not fresh,0.72143734,fresh,0.23581521,0.95725256,0.4856221,0,True,True,True,False,True,False,Borderline Fresh / Early Not Fresh,Consume Immediately / Check carefully,63.68805,Consume Immediately,1,1,True,False
20260429_072850.jpg,4,Pork Belly,fresh,03:03:37,E:\Thesis Code\processed_hsv_lab_threshold_roi_224\sample 4\fresh\20260429_072850.jpg,pork_belly_sample_4,belly,cross_rotation,all,meatlens,all,all,all,file_destination,E:\Thesis Code\processed_hsv_lab_threshold_roi_224\sample 4\fresh\20260429_072850.jpg,False,partner_home,old_phone,,fresh,fresh,0.9984279,0.0012559228,0.00031606396,fresh,0.9984279,not fresh,0.0012559228,0.99968386,0.997172,0,True,True,True,False,False,False,Likely Fresh,Good for Consumption,99.91503,Good for Consumption,0,0,True,False
20260424_182058.jpg,1,Pork Shoulder,not fresh,14:18:42,E:\Thesis Code\processed_hsv_lab_threshold_roi_224\sample 1\not fresh\20260424_182058.jpg,pork_shoulder_sample_1,shoulder,cross_rotation,all,meatlens,all,all,all,file_destination,E:\Thesis Code\processed_hsv_lab_threshold_roi_224\sample 1\not fresh\20260424_182058.jpg,False,researcher_home,old_phone,,not fresh,not fresh,0.0054402743,0.94638723,0.0481725,not fresh,0.94638723,spoiled,0.0481725,0.9945597,0.89821476,0,True,True,True,False,False,False,Likely Not Fresh,Consume Immediately / Manual inspection recommended,53.07705,Consume Immediately,1,1,True,False
20260703_123900.jpg,10,Pork Belly,not fresh,12:00:00,E:\Thesis Code\processed_hsv_lab_threshold_roi_224\sample 10\not fresh\20260703_123900.jpg,pork_belly_sample_10,belly,cross_rotation,all,public_dataset_2,all,all,all,file_destination,E:\Thesis Code\processed_hsv_lab_threshold_roi_224\sample 10\not fresh\20260703_123900.jpg,False,public_dataset_2,public_dataset_2,,not fresh,not fresh,0.31223342,0.6792473,0.008519282,not fresh,0.6792473,fresh,0.31223342,0.9914807,0.3670139,0,True,True,True,False,True,False,Borderline Fresh / Early Not Fresh,Consume Immediately / Check carefully,68.66714,Consume Immediately,1,1,True,False
20260516_162539.jpg,8,Pork Loin,not fresh,12:08:08,E:\Thesis Code\processed_hsv_lab_threshold_roi_224\sample 8\not fresh\20260516_162539.jpg,pork_loin_sample_8,loin,cross_rotation,all,meatlens,all,all,all,file_destination,E:\Thesis Code\processed_hsv_lab_threshold_roi_224\sample 8\not fresh\20260516_162539.jpg,False,partner_home,new_phone,,not fresh,not fresh,0.004903112,0.6980126,0.29708427,not fresh,0.6980126,spoiled,0.29708427,0.99509686,0.40092832,0,True,True,True,False,True,False,Borderline Spoiled / Advanced Not Fresh,Not Suitable / Manual inspection recommended,41.851845,Consume Immediately,1,1,True,False
IMG20260508073024.jpg,6,Pork Ham,fresh,01:41:18,E:\Thesis Code\processed_hsv_lab_threshold_roi_224\sample 6\fresh\IMG20260508073024.jpg,pork_ham_sample_6,ham,cross_rotation,all,meatlens,all,all,all,file_destination,E:\Thesis Code\processed_hsv_lab_threshold_roi_224\sample 6\fresh\IMG20260508073024.jpg,False,partner_home,new_phone,,fresh,fresh,0.99206054,0.005370857,0.0025685122,fresh,0.99206054,not fresh,0.005370857,0.9974314,0.9866897,0,True,True,True,False,False,False,Likely Fresh,Good for Consumption,99.52714,Good for Consumption,0,0,True,False
IMG_20260509_131128.jpg,5,Pork Ham,spoiled,24:33:46,E:\Thesis Code\processed_hsv_lab_threshold_roi_224\sample 5\spoiled\IMG_20260509_131128.jpg,pork_ham_sample_5,ham,cross_rotation,all,meatlens,all,all,all,file_destination,E:\Thesis Code\processed_hsv_lab_threshold_roi_224\sample 5\spoiled\IMG_20260509_131128.jpg,False,researcher_home,new_phone,,spoiled,spoiled,0.002381487,0.0055713747,0.9920472,spoiled,0.9920472,not fresh,0.0055713747,0.99761856,0.9864758,0,True,True,True,False,False,False,Likely Spoiled,Not Suitable,10.465046,Not Suitable,2,2,True,False
20260703_090404.jpg,10,Pork Belly,fresh,04:00:00,E:\Thesis Code\processed_hsv_lab_threshold_roi_224\sample 10\fresh\20260703_090404.jpg,pork_belly_sample_10,belly,cross_rotation,all,public_dataset_2,all,all,all,file_destination,E:\Thesis Code\processed_hsv_lab_threshold_roi_224\sample 10\fresh\20260703_090404.jpg,False,public_dataset_2,public_dataset_2,,fresh,fresh,0.9163524,0.0820239,0.0016236713,fresh,0.9163524,not fresh,0.0820239,0.9983763,0.8343285,0,True,True,True,False,False,False,Likely Fresh,Good for Consumption,96.16279,Good for Consumption,0,0,True,False
20260430_140641.jpg,3,Pork Belly,spoiled,28:03:37,E:\Thesis Code\processed_hsv_lab_threshold_roi_224\sample 3\spoiled\20260430_140641.jpg,pork_belly_sample_3,belly,cross_rotation,all,meatlens,all,all,all,file_destination,E:\Thesis Code\processed_hsv_lab_threshold_roi_224\sample 3\spoiled\20260430_140641.jpg,False,researcher_home,old_phone,,spoiled,spoiled,0.0014330221,0.0014768844,0.9970901,spoiled,0.9970901,not fresh,0.0014768844,0.998567,0.9956132,0,True,True,True,False,False,False,Likely Spoiled,Not Suitable,10.195432,Not Suitable,2,2,True,False
20260703_140353.jpg,10,Pork Belly,not fresh,12:00:00,E:\Thesis Code\processed_hsv_lab_threshold_roi_224\sample 10\not fresh\20260703_140353.jpg,pork_belly_sample_10,belly,cross_rotation,all,public_dataset_2,all,all,all,file_destination,E:\Thesis Code\processed_hsv_lab_threshold_roi_224\sample 10\not fresh\20260703_140353.jpg,False,public_dataset_2,public_dataset_2,,not fresh,not fresh,0.11064931,0.84256667,0.046784025,not fresh,0.84256667,fresh,0.11064931,0.95321596,0.7319174,0,True,True,True,False,True,False,Borderline Fresh / Early Not Fresh,Consume Immediately / Check carefully,57.87394,Consume Immediately,1,1,True,False
20260424_142933.jpg,2,Pork Shoulder,spoiled,33:31:39,E:\Thesis Code\processed_hsv_lab_threshold_roi_224\sample 2\spoiled\20260424_142933.jpg,pork_shoulder_sample_2,shoulder,cross_rotation,all,meatlens,all,all,all,file_destination,E:\Thesis Code\processed_hsv_lab_threshold_roi_224\sample 2\spoiled\20260424_142933.jpg,False,partner_home,old_phone,,spoiled,spoiled,3.7556478e-05,8.601611e-05,0.9998764,spoiled,0.9998764,not fresh,8.601611e-05,0.9999624,0.9997904,0,True,True,True,False,False,False,Likely Spoiled,Not Suitable,10.007251,Not Suitable,2,2,True,False
20260429_142421.jpg,3,Pork Belly,not fresh,10:19:54,E:\Thesis Code\processed_hsv_lab_threshold_roi_224\sample 3\not fresh\20260429_142421.jpg,pork_belly_sample_3,belly,cross_rotation,all,meatlens,all,all,all,file_destination,E:\Thesis Code\processed_hsv_lab_threshold_roi_224\sample 3\not fresh\20260429_142421.jpg,False,researcher_home,old_phone,,not fresh,not fresh,0.021599898,0.9742863,0.004113864,not fresh,0.9742863,fresh,0.021599898,0.9958862,0.9526864,0,True,True,True,False,False,False,Likely Not Fresh,Consume Immediately / Manual inspection recommended,55.786877,Consume Immediately,1,1,True,False
IMG_20260517_112532.jpg,7,Pork Loin,fresh,05:16:26,E:\Thesis Code\processed_hsv_lab_threshold_roi_224\sample 7\fresh\IMG_20260517_112532.jpg,pork_loin_sample_7,loin,cross_rotation,all,meatlens,all,all,all,file_destination,E:\Thesis Code\processed_hsv_lab_threshold_roi_224\sample 7\fresh\IMG_20260517_112532.jpg,False,researcher_home,new_phone,,fresh,fresh,0.9115724,0.08489843,0.003529243,fresh,0.9115724,not fresh,0.08489843,0.9964708,0.826674,0,True,True,True,False,False,False,Likely Fresh,Good for Consumption,95.861946,Good for Consumption,0,0,True,False
20260516_085638.jpg,8,Pork Loin,fresh,04:11:09,E:\Thesis Code\processed_hsv_lab_threshold_roi_224\sample 8\fresh\20260516_085638.jpg,pork_loin_sample_8,loin,cross_rotation,all,meatlens,all,all,all,file_destination,E:\Thesis Code\processed_hsv_lab_threshold_roi_224\sample 8\fresh\20260516_085638.jpg,False,partner_home,new_phone,,fresh,fresh,0.9813426,0.01752569,0.0011317143,fresh,0.9813426,not fresh,0.01752569,0.9988683,0.96381694,0,True,True,True,False,False,False,Likely Fresh,Good for Consumption,99.10949,Good for Consumption,0,0,True,False
20260426_025646.jpg,1,Pork Shoulder,spoiled,46:52:28,E:\Thesis Code\processed_hsv_lab_threshold_roi_224\sample 1\spoiled\20260426_025646.jpg,pork_shoulder_sample_1,shoulder,cross_rotation,all,meatlens,all,all,all,file_destination,E:\Thesis Code\processed_hsv_lab_threshold_roi_224\sample 1\spoiled\20260426_025646.jpg,False,researcher_home,old_phone,,spoiled,spoiled,2.2042877e-07,0.00069499103,0.9993048,spoiled,0.9993048,not fresh,0.00069499103,0.99999976,0.9986098,0,True,True,True,False,False,False,Likely Spoiled,Not Suitable,10.031294,Not Suitable,2,2,True,False
IMG_20260518_140451.jpg,7,Pork Loin,spoiled,30:43:25,E:\Thesis Code\processed_hsv_lab_threshold_roi_224\sample 7\spoiled\IMG_20260518_140451.jpg,pork_loin_sample_7,loin,cross_rotation,all,meatlens,all,all,all,file_destination,E:\Thesis Code\processed_hsv_lab_threshold_roi_224\sample 7\spoiled\IMG_20260518_140451.jpg,False,researcher_home,new_phone,,spoiled,spoiled,0.00070941664,0.0074078063,0.99188286,spoiled,0.99188286,not fresh,0.0074078063,0.99929065,0.9844751,0,True,True,True,False,False,False,Likely Spoiled,Not Suitable,10.3972,Not Suitable,2,2,True,False
HALF-FRESH-201-_JPG.rf.e9025a1060c14d8c1589131c4e73323a.jpg,12,Various Pork Meat,not fresh,,E:\Thesis Code\processed_hsv_lab_threshold_roi_224\sample 12\not fresh\HALF-FRESH-201-_JPG.rf.e9025a1060c14d8c1589131c4e73323a.jpg,various_pork_meat_sample_12,various,cross_rotation,all,public_dataset_2,all,all,all,file_destination,E:\Thesis Code\processed_hsv_lab_threshold_roi_224\sample 12\not fresh\HALF-FRESH-201-_JPG.rf.e9025a1060c14d8c1589131c4e73323a.jpg,False,public_dataset_2,public_dataset_2,,not fresh,not fresh,0.10894579,0.85550624,0.035548065,not fresh,0.85550624,fresh,0.10894579,0.964452,0.74656045,0,True,True,True,False,True,False,Borderline Fresh / Early Not Fresh,Consume Immediately / Check carefully,58.302902,Consume Immediately,1,1,True,False
IMG20260423080202.jpg,2,Pork Shoulder,fresh,02:35:35,E:\Thesis Code\processed_hsv_lab_threshold_roi_224\sample 2\fresh\IMG20260423080202.jpg,pork_shoulder_sample_2,shoulder,cross_rotation,all,meatlens,all,all,all,file_destination,E:\Thesis Code\processed_hsv_lab_threshold_roi_224\sample 2\fresh\IMG20260423080202.jpg,False,partner_home,old_phone,,fresh,fresh,0.9912021,0.008140958,0.00065698894,fresh,0.9912021,not fresh,0.008140958,0.9993431,0.98306113,0,True,True,True,False,False,False,Likely Fresh,Good for Consumption,99.57453,Good for Consumption,0,0,True,False
SPOILED-265-_JPG.rf.43c4678ebcceee0ea491bfe4418adc19.jpg,12,Various Pork Meat,spoiled,,E:\Thesis Code\processed_hsv_lab_threshold_roi_224\sample 12\spoiled\SPOILED-265-_JPG.rf.43c4678ebcceee0ea491bfe4418adc19.jpg,various_pork_meat_sample_12,various,cross_rotation,all,public_dataset_2,all,all,all,file_destination,E:\Thesis Code\processed_hsv_lab_threshold_roi_224\sample 12\spoiled\SPOILED-265-_JPG.rf.43c4678ebcceee0ea491bfe4418adc19.jpg,False,public_dataset_2,public_dataset_2,,spoiled,spoiled,0.3542569,0.01647821,0.6292649,spoiled,0.6292649,fresh,0.3542569,0.9835218,0.275008,0,True,True,True,False,True,False,Uncertain / Non-adjacent Class Conflict,No reliable result / Retake image,42.62464,Consume Immediately,2,2,False,True
20260424_110148.jpg,2,Pork Shoulder,spoiled,25:22:01,E:\Thesis Code\processed_hsv_lab_threshold_roi_224\sample 2\spoiled\20260424_110148.jpg,pork_shoulder_sample_2,shoulder,cross_rotation,all,meatlens,all,all,all,file_destination,E:\Thesis Code\processed_hsv_lab_threshold_roi_224\sample 2\spoiled\20260424_110148.jpg,False,partner_home,old_phone,,spoiled,spoiled,0.0012763258,0.0013234449,0.9974003,spoiled,0.9974003,not fresh,0.0013234449,0.99872375,0.9960768,0,True,True,True,False,False,False,Likely Spoiled,Not Suitable,10.174425,Not Suitable,2,2,True,False
08-11-2022 18-16-30_jpg.rf.mAUMkAMmjCy0cWyDWKeI.jpg,11,Various Pork Meat,fresh,,E:\Thesis Code\processed_hsv_lab_threshold_roi_224\sample 11\fresh\08-11-2022 18-16-30_jpg.rf.mAUMkAMmjCy0cWyDWKeI.jpg,various_pork_meat_sample_11,various,cross_rotation,all,public_dataset_2,all,all,all,file_destination,E:\Thesis Code\processed_hsv_lab_threshold_roi_224\sample 11\fresh\08-11-2022 18-16-30_jpg.rf.mAUMkAMmjCy0cWyDWKeI.jpg,False,public_dataset_2,public_dataset_2,,fresh,not fresh,0.3803928,0.58091694,0.038690306,not fresh,0.58091694,fresh,0.3803928,0.96130973,0.20052415,1,False,True,True,False,True,True,Borderline Fresh / Early Not Fresh,Consume Immediately / Check carefully,70.37662,Good for Consumption,1,0,True,False
20260429_071919.jpg,4,Pork Belly,fresh,02:17:43,E:\Thesis Code\processed_hsv_lab_threshold_roi_224\sample 4\fresh\20260429_071919.jpg,pork_belly_sample_4,belly,cross_rotation,all,meatlens,all,all,all,file_destination,E:\Thesis Code\processed_hsv_lab_threshold_roi_224\sample 4\fresh\20260429_071919.jpg,False,partner_home,old_phone,,fresh,fresh,0.98950946,0.0053839595,0.0051065884,fresh,0.98950946,not fresh,0.0053839595,0.99489343,0.9841255,0,True,True,True,False,False,False,Likely Fresh,Good for Consumption,99.29813,Good for Consumption,0,0,True,False
20260424_134446.jpg,1,Pork Shoulder,not fresh,09:43:43,E:\Thesis Code\processed_hsv_lab_threshold_roi_224\sample 1\not fresh\20260424_134446.jpg,pork_shoulder_sample_1,shoulder,cross_rotation,all,meatlens,all,all,all,file_destination,E:\Thesis Code\processed_hsv_lab_threshold_roi_224\sample 1\not fresh\20260424_134446.jpg,False,researcher_home,old_phone,,not fresh,not fresh,0.01656688,0.9747387,0.008694419,not fresh,0.9747387,fresh,0.01656688,0.9913056,0.95817184,0,True,True,True,False,False,False,Likely Not Fresh,Consume Immediately / Manual inspection recommended,55.354263,Consume Immediately,1,1,True,False
20260424_155540.jpg,2,Pork Shoulder,spoiled,36:54:16,E:\Thesis Code\processed_hsv_lab_threshold_roi_224\sample 2\spoiled\20260424_155540.jpg,pork_shoulder_sample_2,shoulder,cross_rotation,all,meatlens,all,all,all,file_destination,E:\Thesis Code\processed_hsv_lab_threshold_roi_224\sample 2\spoiled\20260424_155540.jpg,False,partner_home,old_phone,,spoiled,spoiled,1.6395004e-05,4.110361e-05,0.99994254,spoiled,0.99994254,not fresh,4.110361e-05,0.99998367,0.9999014,0,True,True,True,False,False,False,Likely Spoiled,Not Suitable,10.003325,Not Suitable,2,2,True,False
20260704_095305.jpg,10,Pork Belly,spoiled,24:00:00,E:\Thesis Code\processed_hsv_lab_threshold_roi_224\sample 10\spoiled\20260704_095305.jpg,pork_belly_sample_10,belly,cross_rotation,all,public_dataset_2,all,all,all,file_destination,E:\Thesis Code\processed_hsv_lab_threshold_roi_224\sample 10\spoiled\20260704_095305.jpg,False,public_dataset_2,public_dataset_2,,spoiled,spoiled,0.0011693118,0.004919158,0.99391145,spoiled,0.99391145,not fresh,0.004919158,0.9988306,0.9889923,0,True,True,True,False,False,False,Likely Spoiled,Not Suitable,10.326599,Not Suitable,2,2,True,False
IMG_20260508_081142.jpg,5,Pork Ham,fresh,04:03:37,E:\Thesis Code\processed_hsv_lab_threshold_roi_224\sample 5\fresh\IMG_20260508_081142.jpg,pork_ham_sample_5,ham,cross_rotation,all,meatlens,all,all,all,file_destination,E:\Thesis Code\processed_hsv_lab_threshold_roi_224\sample 5\fresh\IMG_20260508_081142.jpg,False,researcher_home,new_phone,,fresh,fresh,0.99588317,0.004052284,6.4496206e-05,fresh,0.99588317,not fresh,0.004052284,0.99993545,0.9918309,0,True,True,True,False,False,False,Likely Fresh,Good for Consumption,99.81184,Good for Consumption,0,0,True,False
20260624_105216.jpg,9,Pork Hind Leg,fresh,04:00:00,E:\Thesis Code\processed_hsv_lab_threshold_roi_224\sample 9\fresh\20260624_105216.jpg,pork_hind_leg_sample_9,hind_leg,cross_rotation,all,public_dataset_2,all,all,all,file_destination,E:\Thesis Code\processed_hsv_lab_threshold_roi_224\sample 9\fresh\20260624_105216.jpg,False,public_dataset_2,public_dataset_2,,fresh,fresh,0.624624,0.32244384,0.05293213,fresh,0.624624,not fresh,0.32244384,0.94706786,0.30218017,0,True,True,True,False,True,False,Borderline Fresh / Early Not Fresh,Consume Immediately / Check carefully,80.726135,Good for Consumption,0,0,True,False
20260424_122245.jpg,1,Pork Shoulder,not fresh,08:21:43,E:\Thesis Code\processed_hsv_lab_threshold_roi_224\sample 1\not fresh\20260424_122245.jpg,pork_shoulder_sample_1,shoulder,cross_rotation,all,meatlens,all,all,all,file_destination,E:\Thesis Code\processed_hsv_lab_threshold_roi_224\sample 1\not fresh\20260424_122245.jpg,False,researcher_home,old_phone,,not fresh,not fresh,0.117995374,0.8803146,0.0016900796,not fresh,0.8803146,fresh,0.117995374,0.99830997,0.7623192,0,True,True,True,False,True,False,Borderline Fresh / Early Not Fresh,Consume Immediately / Check carefully,60.23374,Consume Immediately,1,1,True,False
20260424_122045.jpg,1,Pork Shoulder,not fresh,08:19:18,E:\Thesis Code\processed_hsv_lab_threshold_roi_224\sample 1\not fresh\20260424_122045.jpg,pork_shoulder_sample_1,shoulder,cross_rotation,all,meatlens,all,all,all,file_destination,E:\Thesis Code\processed_hsv_lab_threshold_roi_224\sample 1\not fresh\20260424_122045.jpg,False,researcher_home,old_phone,,not fresh,not fresh,0.20042403,0.79782295,0.001753068,not fresh,0.79782295,fresh,0.20042403,0.99824697,0.59739894,0,True,True,True,False,True,False,Borderline Fresh / Early Not Fresh,Consume Immediately / Check carefully,63.940197,Consume Immediately,1,1,True,False
20260424_075138.jpg,1,Pork Shoulder,fresh,01:41:18,E:\Thesis Code\processed_hsv_lab_threshold_roi_224\sample 1\fresh\20260424_075138.jpg,pork_shoulder_sample_1,shoulder,cross_rotation,all,meatlens,all,all,all,file_destination,E:\Thesis Code\processed_hsv_lab_threshold_roi_224\sample 1\fresh\20260424_075138.jpg,False,researcher_home,old_phone,,fresh,fresh,0.98717713,0.011330685,0.0014922305,fresh,0.98717713,not fresh,0.011330685,0.9985078,0.97584647,0,True,True,True,False,False,False,Likely Fresh,Good for Consumption,99.35582,Good for Consumption,0,0,True,False
IMG_20260517_141033.jpg,7,Pork Loin,not fresh,08:51:52,E:\Thesis Code\processed_hsv_lab_threshold_roi_224\sample 7\not fresh\IMG_20260517_141033.jpg,pork_loin_sample_7,loin,cross_rotation,all,meatlens,all,all,all,file_destination,E:\Thesis Code\processed_hsv_lab_threshold_roi_224\sample 7\not fresh\IMG_20260517_141033.jpg,False,researcher_home,new_phone,,not fresh,not fresh,0.015573303,0.9643729,0.020053737,not fresh,0.9643729,spoiled,0.020053737,0.9844266,0.9443191,0,True,True,True,False,False,False,Likely Not Fresh,Consume Immediately / Manual inspection recommended,54.798374,Consume Immediately,1,1,True,False
20260703_094336.jpg,10,Pork Belly,fresh,04:00:00,E:\Thesis Code\processed_hsv_lab_threshold_roi_224\sample 10\fresh\20260703_094336.jpg,pork_belly_sample_10,belly,cross_rotation,all,public_dataset_2,all,all,all,file_destination,E:\Thesis Code\processed_hsv_lab_threshold_roi_224\sample 10\fresh\20260703_094336.jpg,False,public_dataset_2,public_dataset_2,,fresh,fresh,0.8870078,0.11102222,0.0019700765,fresh,0.8870078,not fresh,0.11102222,0.99803,0.77598554,0,True,True,True,False,True,False,Borderline Fresh / Early Not Fresh,Consume Immediately / Check carefully,94.8267,Good for Consumption,0,0,True,False
08-11-2022 21-57-49_jpg.rf.t3zgZpbCLwdIbgDPWB5C.jpg,11,Various Pork Meat,not fresh,,E:\Thesis Code\processed_hsv_lab_threshold_roi_224\sample 11\half fresh\08-11-2022 21-57-49_jpg.rf.t3zgZpbCLwdIbgDPWB5C.jpg,various_pork_meat_sample_11,various,cross_rotation,all,public_dataset_2,all,all,all,file_destination,E:\Thesis Code\processed_hsv_lab_threshold_roi_224\sample 11\half fresh\08-11-2022 21-57-49_jpg.rf.t3zgZpbCLwdIbgDPWB5C.jpg,False,public_dataset_2,public_dataset_2,,not fresh,fresh,0.6812545,0.3155082,0.0032373597,fresh,0.6812545,not fresh,0.3155082,0.9967627,0.36574632,1,False,True,True,False,True,False,Borderline Fresh / Early Not Fresh,Consume Immediately / Check carefully,85.51077,Good for Consumption,0,1,True,False
20260517_160108.jpg,8,Pork Loin,spoiled,34:30:45,E:\Thesis Code\processed_hsv_lab_threshold_roi_224\sample 8\spoiled\20260517_160108.jpg,pork_loin_sample_8,loin,cross_rotation,all,meatlens,all,all,all,file_destination,E:\Thesis Code\processed_hsv_lab_threshold_roi_224\sample 8\spoiled\20260517_160108.jpg,False,partner_home,new_phone,,spoiled,spoiled,2.483182e-05,0.0063623246,0.9936128,spoiled,0.9936128,not fresh,0.0063623246,0.99997514,0.9872505,0,True,True,True,False,False,False,Likely Spoiled,Not Suitable,10.288539,Not Suitable,2,2,True,False
20260625_131401.jpg,9,Pork Hind Leg,spoiled,24:00:00,E:\Thesis Code\processed_hsv_lab_threshold_roi_224\sample 9\spoiled\20260625_131401.jpg,pork_hind_leg_sample_9,hind_leg,cross_rotation,all,public_dataset_2,all,all,all,file_destination,E:\Thesis Code\processed_hsv_lab_threshold_roi_224\sample 9\spoiled\20260625_131401.jpg,False,public_dataset_2,public_dataset_2,,spoiled,spoiled,0.0024089452,0.00027501592,0.99731606,spoiled,0.99731606,fresh,0.0024089452,0.999725,0.99490714,0,True,True,True,False,False,False,Likely Spoiled,Not Suitable,10.229181,Not Suitable,2,2,False,False
08-11-2022 21-04-58_jpg.rf.88qzitv6u4fLTi8c2zl9.jpg,11,Various Pork Meat,not fresh,,E:\Thesis Code\processed_hsv_lab_threshold_roi_224\sample 11\half fresh\08-11-2022 21-04-58_jpg.rf.88qzitv6u4fLTi8c2zl9.jpg,various_pork_meat_sample_11,various,cross_rotation,all,public_dataset_2,all,all,all,file_destination,E:\Thesis Code\processed_hsv_lab_threshold_roi_224\sample 11\half fresh\08-11-2022 21-04-58_jpg.rf.88qzitv6u4fLTi8c2zl9.jpg,False,public_dataset_2,public_dataset_2,,not fresh,not fresh,0.27307013,0.66450155,0.062428318,not fresh,0.66450155,fresh,0.27307013,0.93757164,0.39143142,0,True,True,True,False,True,False,Borderline Fresh / Early Not Fresh,Consume Immediately / Check carefully,64.47888,Consume Immediately,1,1,True,False
IMG_20260508_202524.jpg,5,Pork Ham,spoiled,16:07:14,E:\Thesis Code\processed_hsv_lab_threshold_roi_224\sample 5\spoiled\IMG_20260508_202524.jpg,pork_ham_sample_5,ham,cross_rotation,all,meatlens,all,all,all,file_destination,E:\Thesis Code\processed_hsv_lab_threshold_roi_224\sample 5\spoiled\IMG_20260508_202524.jpg,False,researcher_home,new_phone,,spoiled,spoiled,0.0053558964,0.22228493,0.77235913,spoiled,0.77235913,not fresh,0.22228493,0.99464405,0.5500742,0,True,True,True,False,True,False,Borderline Spoiled / Advanced Not Fresh,Not Suitable / Manual inspection recommended,20.484852,Not Suitable,2,2,True,False
IMG_20260508_215224.jpg,5,Pork Ham,spoiled,16:50:39,E:\Thesis Code\processed_hsv_lab_threshold_roi_224\sample 5\spoiled\IMG_20260508_215224.jpg,pork_ham_sample_5,ham,cross_rotation,all,meatlens,all,all,all,file_destination,E:\Thesis Code\processed_hsv_lab_threshold_roi_224\sample 5\spoiled\IMG_20260508_215224.jpg,False,researcher_home,new_phone,,spoiled,spoiled,0.01597248,0.2722263,0.71180123,spoiled,0.71180123,not fresh,0.2722263,0.9840275,0.43957493,0,True,True,True,False,True,False,Borderline Spoiled / Advanced Not Fresh,Not Suitable / Manual inspection recommended,23.687708,Not Suitable,2,2,True,False
20260424_102242.jpg,1,Pork Shoulder,fresh,05:30:27,E:\Thesis Code\processed_hsv_lab_threshold_roi_224\sample 1\fresh\20260424_102242.jpg,pork_shoulder_sample_1,shoulder,cross_rotation,all,meatlens,all,all,all,file_destination,E:\Thesis Code\processed_hsv_lab_threshold_roi_224\sample 1\fresh\20260424_102242.jpg,False,researcher_home,old_phone,,fresh,fresh,0.98486125,0.013921419,0.0012173463,fresh,0.98486125,not fresh,0.013921419,0.9987827,0.9709398,0,True,True,True,False,False,False,Likely Fresh,Good for Consumption,99.26398,Good for Consumption,0,0,True,False
20260516_083304.jpg,8,Pork Loin,fresh,03:16:17,E:\Thesis Code\processed_hsv_lab_threshold_roi_224\sample 8\fresh\20260516_083304.jpg,pork_loin_sample_8,loin,cross_rotation,all,meatlens,all,all,all,file_destination,E:\Thesis Code\processed_hsv_lab_threshold_roi_224\sample 8\fresh\20260516_083304.jpg,False,partner_home,new_phone,,fresh,fresh,0.99057055,0.008812801,0.00061658956,fresh,0.99057055,not fresh,0.008812801,0.99938333,0.98175776,0,True,True,True,False,False,False,Likely Fresh,Good for Consumption,99.54793,Good for Consumption,0,0,True,False
HALF-FRESH-299-_JPG.rf.ae097af26ae3ea0deefee652eab7ff1e.jpg,12,Various Pork Meat,not fresh,,E:\Thesis Code\processed_hsv_lab_threshold_roi_224\sample 12\not fresh\HALF-FRESH-299-_JPG.rf.ae097af26ae3ea0deefee652eab7ff1e.jpg,various_pork_meat_sample_12,various,cross_rotation,all,public_dataset_2,all,all,all,file_destination,E:\Thesis Code\processed_hsv_lab_threshold_roi_224\sample 12\not fresh\HALF-FRESH-299-_JPG.rf.ae097af26ae3ea0deefee652eab7ff1e.jpg,False,public_dataset_2,public_dataset_2,,not fresh,not fresh,0.080686785,0.79567176,0.12364143,not fresh,0.79567176,spoiled,0.12364143,0.9193132,0.6720303,0,True,True,True,False,True,False,Borderline Spoiled / Advanced Not Fresh,Not Suitable / Manual inspection recommended,53.06704,Consume Immediately,1,1,True,False
20260703_160731.jpg,10,Pork Belly,not fresh,12:00:00,E:\Thesis Code\processed_hsv_lab_threshold_roi_224\sample 10\not fresh\20260703_160731.jpg,pork_belly_sample_10,belly,cross_rotation,all,public_dataset_2,all,all,all,file_destination,E:\Thesis Code\processed_hsv_lab_threshold_roi_224\sample 10\not fresh\20260703_160731.jpg,False,public_dataset_2,public_dataset_2,,not fresh,not fresh,0.024294462,0.675534,0.3001715,not fresh,0.675534,spoiled,0.3001715,0.9757055,0.37536252,0,True,True,True,False,True,False,Borderline Spoiled / Advanced Not Fresh,Not Suitable / Manual inspection recommended,42.585533,Consume Immediately,1,1,True,False
HALF-FRESH-701-_JPG.rf.fc03be9671b1dd3a566babcc14dfec3c.jpg,12,Various Pork Meat,not fresh,,E:\Thesis Code\processed_hsv_lab_threshold_roi_224\sample 12\not fresh\HALF-FRESH-701-_JPG.rf.fc03be9671b1dd3a566babcc14dfec3c.jpg,various_pork_meat_sample_12,various,cross_rotation,all,public_dataset_2,all,all,all,file_destination,E:\Thesis Code\processed_hsv_lab_threshold_roi_224\sample 12\not fresh\HALF-FRESH-701-_JPG.rf.fc03be9671b1dd3a566babcc14dfec3c.jpg,False,public_dataset_2,public_dataset_2,,not fresh,not fresh,0.14813252,0.7466661,0.10520139,not fresh,0.7466661,fresh,0.14813252,0.8947986,0.5985336,0,True,True,True,False,True,False,Borderline Fresh / Early Not Fresh,Consume Immediately / Check carefully,56.9319,Consume Immediately,1,1,True,False
IMG_20260518_163325.jpg,7,Pork Loin,spoiled,33:04:31,E:\Thesis Code\processed_hsv_lab_threshold_roi_224\sample 7\spoiled\IMG_20260518_163325.jpg,pork_loin_sample_7,loin,cross_rotation,all,meatlens,all,all,all,file_destination,E:\Thesis Code\processed_hsv_lab_threshold_roi_224\sample 7\spoiled\IMG_20260518_163325.jpg,False,researcher_home,new_phone,,spoiled,spoiled,2.5044497e-05,0.00035290548,0.999622,spoiled,0.999622,not fresh,0.00035290548,0.9999749,0.99926907,0,True,True,True,False,False,False,Likely Spoiled,Not Suitable,10.018134,Not Suitable,2,2,True,False
20260424_165256.jpg,1,Pork Shoulder,not fresh,12:51:52,E:\Thesis Code\processed_hsv_lab_threshold_roi_224\sample 1\not fresh\20260424_165256.jpg,pork_shoulder_sample_1,shoulder,cross_rotation,all,meatlens,all,all,all,file_destination,E:\Thesis Code\processed_hsv_lab_threshold_roi_224\sample 1\not fresh\20260424_165256.jpg,False,researcher_home,old_phone,,not fresh,not fresh,0.002778491,0.9913346,0.0058869547,not fresh,0.9913346,spoiled,0.0058869547,0.9972216,0.98544765,0,True,True,True,False,False,False,Likely Not Fresh,Consume Immediately / Manual inspection recommended,54.860123,Consume Immediately,1,1,True,False
HALF-FRESH-89-_JPG.rf.51c54eb66dfd0424fd8a9870daaadccc.jpg,12,Various Pork Meat,not fresh,,E:\Thesis Code\processed_hsv_lab_threshold_roi_224\sample 12\not fresh\HALF-FRESH-89-_JPG.rf.51c54eb66dfd0424fd8a9870daaadccc.jpg,various_pork_meat_sample_12,various,cross_rotation,all,public_dataset_2,all,all,all,file_destination,E:\Thesis Code\processed_hsv_lab_threshold_roi_224\sample 12\not fresh\HALF-FRESH-89-_JPG.rf.51c54eb66dfd0424fd8a9870daaadccc.jpg,False,public_dataset_2,public_dataset_2,,not fresh,fresh,0.6627574,0.29584184,0.041400723,fresh,0.6627574,not fresh,0.29584184,0.9585992,0.36691555,1,False,True,True,False,True,False,Borderline Fresh / Early Not Fresh,Consume Immediately / Check carefully,82.96105,Good for Consumption,0,1,True,False
IMG_20260508_182224.jpg,5,Pork Ham,not fresh,14:11:27,E:\Thesis Code\processed_hsv_lab_threshold_roi_224\sample 5\not fresh\IMG_20260508_182224.jpg,pork_ham_sample_5,ham,cross_rotation,all,meatlens,all,all,all,file_destination,E:\Thesis Code\processed_hsv_lab_threshold_roi_224\sample 5\not fresh\IMG_20260508_182224.jpg,False,researcher_home,new_phone,,not fresh,not fresh,0.0038848608,0.96693593,0.029179202,not fresh,0.96693593,spoiled,0.029179202,0.99611515,0.9377567,0,True,True,True,False,False,False,Likely Not Fresh,Consume Immediately / Manual inspection recommended,53.861755,Consume Immediately,1,1,True,False
20260429_212528.jpg,3,Pork Belly,spoiled,16:54:16,E:\Thesis Code\processed_hsv_lab_threshold_roi_224\sample 3\spoiled\20260429_212528.jpg,pork_belly_sample_3,belly,cross_rotation,all,meatlens,all,all,all,file_destination,E:\Thesis Code\processed_hsv_lab_threshold_roi_224\sample 3\spoiled\20260429_212528.jpg,False,researcher_home,old_phone,,spoiled,not fresh,0.001671909,0.6381675,0.36016065,not fresh,0.6381675,spoiled,0.36016065,0.99832815,0.27800685,1,False,True,True,False,True,False,Borderline Spoiled / Advanced Not Fresh,Not Suitable / Manual inspection recommended,38.86801,Not Suitable,1,2,True,False
08-11-2022 17-55-54_jpg.rf.0aMAqG6pjuHEoZnVKnZH.jpg,11,Various Pork Meat,fresh,,E:\Thesis Code\processed_hsv_lab_threshold_roi_224\sample 11\fresh\08-11-2022 17-55-54_jpg.rf.0aMAqG6pjuHEoZnVKnZH.jpg,various_pork_meat_sample_11,various,cross_rotation,all,public_dataset_2,all,all,all,file_destination,E:\Thesis Code\processed_hsv_lab_threshold_roi_224\sample 11\fresh\08-11-2022 17-55-54_jpg.rf.0aMAqG6pjuHEoZnVKnZH.jpg,False,public_dataset_2,public_dataset_2,,fresh,fresh,0.87805,0.121609256,0.0003407206,fresh,0.87805,not fresh,0.121609256,0.9996593,0.75644076,0,True,True,True,False,True,False,Borderline Fresh / Early Not Fresh,Consume Immediately / Check carefully,94.49692,Good for Consumption,0,0,True,False
20260429_145105.jpg,4,Pork Belly,not fresh,06:59:42,E:\Thesis Code\processed_hsv_lab_threshold_roi_224\sample 4\not fresh\20260429_145105.jpg,pork_belly_sample_4,belly,cross_rotation,all,meatlens,all,all,all,file_destination,E:\Thesis Code\processed_hsv_lab_threshold_roi_224\sample 4\not fresh\20260429_145105.jpg,False,partner_home,old_phone,,not fresh,not fresh,0.0058781565,0.95686644,0.037255462,not fresh,0.95686644,spoiled,0.037255462,0.9941219,0.919611,0,True,True,True,False,False,False,Likely Not Fresh,Consume Immediately / Manual inspection recommended,53.588024,Consume Immediately,1,1,True,False
IMG20260508062519.jpg,6,Pork Ham,fresh,00:02:07,E:\Thesis Code\processed_hsv_lab_threshold_roi_224\sample 6\fresh\IMG20260508062519.jpg,pork_ham_sample_6,ham,cross_rotation,all,meatlens,all,all,all,file_destination,E:\Thesis Code\processed_hsv_lab_threshold_roi_224\sample 6\fresh\IMG20260508062519.jpg,False,partner_home,new_phone,,fresh,fresh,0.9970567,0.0015671859,0.0013761495,fresh,0.9970567,not fresh,0.0015671859,0.9986239,0.99548954,0,True,True,True,False,False,False,Likely Fresh,Good for Consumption,99.805626,Good for Consumption,0,0,True,False
IMG20260508125644.jpg,6,Pork Ham,not fresh,08:56:05,E:\Thesis Code\processed_hsv_lab_threshold_roi_224\sample 6\not fresh\IMG20260508125644.jpg,pork_ham_sample_6,ham,cross_rotation,all,meatlens,all,all,all,file_destination,E:\Thesis Code\processed_hsv_lab_threshold_roi_224\sample 6\not fresh\IMG20260508125644.jpg,False,partner_home,new_phone,,not fresh,not fresh,0.039669704,0.94984496,0.010485308,not fresh,0.94984496,fresh,0.039669704,0.98951465,0.91017526,0,True,True,True,False,False,False,Likely Not Fresh,Consume Immediately / Manual inspection recommended,56.313297,Consume Immediately,1,1,True,False
20260424_074431.jpg,2,Pork Shoulder,spoiled,17:37:41,E:\Thesis Code\processed_hsv_lab_threshold_roi_224\sample 2\spoiled\20260424_074431.jpg,pork_shoulder_sample_2,shoulder,cross_rotation,all,meatlens,all,all,all,file_destination,E:\Thesis Code\processed_hsv_lab_threshold_roi_224\sample 2\spoiled\20260424_074431.jpg,False,partner_home,old_phone,,spoiled,spoiled,0.0062846714,0.020538809,0.9731765,spoiled,0.9731765,not fresh,0.020538809,0.9937153,0.9526377,0,True,True,True,False,False,False,Likely Spoiled,Not Suitable,11.489866,Not Suitable,2,2,True,False
20260516_121641.jpg,8,Pork Loin,not fresh,08:26:32,E:\Thesis Code\processed_hsv_lab_threshold_roi_224\sample 8\not fresh\20260516_121641.jpg,pork_loin_sample_8,loin,cross_rotation,all,meatlens,all,all,all,file_destination,E:\Thesis Code\processed_hsv_lab_threshold_roi_224\sample 8\not fresh\20260516_121641.jpg,False,partner_home,new_phone,,not fresh,not fresh,0.18885806,0.80416596,0.006976016,not fresh,0.80416596,fresh,0.18885806,0.993024,0.6153079,0,True,True,True,False,True,False,Borderline Fresh / Early Not Fresh,Consume Immediately / Check carefully,63.184692,Consume Immediately,1,1,True,False
08-11-2022 23-01-50_jpg.rf.KBAYGBBnlpXU03h5T2wE.jpg,11,Various Pork Meat,not fresh,,E:\Thesis Code\processed_hsv_lab_threshold_roi_224\sample 11\half fresh\08-11-2022 23-01-50_jpg.rf.KBAYGBBnlpXU03h5T2wE.jpg,various_pork_meat_sample_11,various,cross_rotation,all,public_dataset_2,all,all,all,file_destination,E:\Thesis Code\processed_hsv_lab_threshold_roi_224\sample 11\half fresh\08-11-2022 23-01-50_jpg.rf.KBAYGBBnlpXU03h5T2wE.jpg,False,public_dataset_2,public_dataset_2,,not fresh,not fresh,0.102375746,0.502378,0.3952463,not fresh,0.502378,spoiled,0.3952463,0.89762425,0.10713169,0,True,True,True,False,True,True,Borderline Spoiled / Advanced Not Fresh,Not Suitable / Manual inspection recommended,41.820827,Consume Immediately,1,1,True,False
09-11-2022 11-41-57_jpg.rf.JKZQ99T7PzRzuP6nJbDK.jpg,11,Various Pork Meat,spoiled,,E:\Thesis Code\processed_hsv_lab_threshold_roi_224\sample 11\spoiled\09-11-2022 11-41-57_jpg.rf.JKZQ99T7PzRzuP6nJbDK.jpg,various_pork_meat_sample_11,various,cross_rotation,all,public_dataset_2,all,all,all,file_destination,E:\Thesis Code\processed_hsv_lab_threshold_roi_224\sample 11\spoiled\09-11-2022 11-41-57_jpg.rf.JKZQ99T7PzRzuP6nJbDK.jpg,False,public_dataset_2,public_dataset_2,,spoiled,spoiled,0.022628201,0.11298501,0.8643868,spoiled,0.8643868,not fresh,0.11298501,0.9773718,0.7514018,0,True,True,True,False,True,False,Borderline Spoiled / Advanced Not Fresh,Not Suitable / Manual inspection recommended,17.120863,Not Suitable,2,2,True,False
20260625_074122.jpg,9,Pork Hind Leg,spoiled,24:00:00,E:\Thesis Code\processed_hsv_lab_threshold_roi_224\sample 9\spoiled\20260625_074122.jpg,pork_hind_leg_sample_9,hind_leg,cross_rotation,all,public_dataset_2,all,all,all,file_destination,E:\Thesis Code\processed_hsv_lab_threshold_roi_224\sample 9\spoiled\20260625_074122.jpg,False,public_dataset_2,public_dataset_2,,spoiled,spoiled,0.01933011,0.009821343,0.9708485,spoiled,0.9708485,fresh,0.01933011,0.9901786,0.9515184,0,True,True,True,False,False,False,Likely Spoiled,Not Suitable,12.18167,Not Suitable,2,2,False,False
20260424_114812.jpg,2,Pork Shoulder,spoiled,27:11:46,E:\Thesis Code\processed_hsv_lab_threshold_roi_224\sample 2\spoiled\20260424_114812.jpg,pork_shoulder_sample_2,shoulder,cross_rotation,all,meatlens,all,all,all,file_destination,E:\Thesis Code\processed_hsv_lab_threshold_roi_224\sample 2\spoiled\20260424_114812.jpg,False,partner_home,old_phone,,spoiled,spoiled,0.00293091,0.001882371,0.9951867,spoiled,0.9951867,fresh,0.00293091,0.9981176,0.99225575,0,True,True,True,False,False,False,Likely Spoiled,Not Suitable,10.348488,Not Suitable,2,2,False,False
20260423_124618.jpg,2,Pork Shoulder,not fresh,08:46:26,E:\Thesis Code\processed_hsv_lab_threshold_roi_224\sample 2\not fresh\20260423_124618.jpg,pork_shoulder_sample_2,shoulder,cross_rotation,all,meatlens,all,all,all,file_destination,E:\Thesis Code\processed_hsv_lab_threshold_roi_224\sample 2\not fresh\20260423_124618.jpg,False,partner_home,old_phone,,not fresh,not fresh,0.022716533,0.9599392,0.017344246,not fresh,0.9599392,fresh,0.022716533,0.9826557,0.93722266,0,True,True,True,False,False,False,Likely Not Fresh,Consume Immediately / Manual inspection recommended,55.241753,Consume Immediately,1,1,True,False
20260430_110352.jpg,4,Pork Belly,spoiled,23:34:40,E:\Thesis Code\processed_hsv_lab_threshold_roi_224\sample 4\spoiled\20260430_110352.jpg,pork_belly_sample_4,belly,cross_rotation,all,meatlens,all,all,all,file_destination,E:\Thesis Code\processed_hsv_lab_threshold_roi_224\sample 4\spoiled\20260430_110352.jpg,False,partner_home,old_phone,,spoiled,spoiled,0.0006911524,0.017056845,0.98225206,spoiled,0.98225206,not fresh,0.017056845,0.9993089,0.96519524,0,True,True,True,False,False,False,Likely Spoiled,Not Suitable,10.829762,Not Suitable,2,2,True,False
IMG20260508144421.jpg,6,Pork Ham,not fresh,10:43:43,E:\Thesis Code\processed_hsv_lab_threshold_roi_224\sample 6\not fresh\IMG20260508144421.jpg,pork_ham_sample_6,ham,cross_rotation,all,meatlens,all,all,all,file_destination,E:\Thesis Code\processed_hsv_lab_threshold_roi_224\sample 6\not fresh\IMG20260508144421.jpg,False,partner_home,new_phone,,not fresh,not fresh,0.008970684,0.97881466,0.012214653,not fresh,0.97881466,spoiled,0.012214653,0.9910293,0.9666,0,True,True,True,False,False,False,Likely Not Fresh,Consume Immediately / Manual inspection recommended,54.854023,Consume Immediately,1,1,True,False
IMG20260509082501.jpg,6,Pork Ham,spoiled,28:18:42,E:\Thesis Code\processed_hsv_lab_threshold_roi_224\sample 6\spoiled\IMG20260509082501.jpg,pork_ham_sample_6,ham,cross_rotation,all,meatlens,all,all,all,file_destination,E:\Thesis Code\processed_hsv_lab_threshold_roi_224\sample 6\spoiled\IMG20260509082501.jpg,False,partner_home,new_phone,,spoiled,spoiled,8.469034e-05,0.007464695,0.9924506,spoiled,0.9924506,not fresh,0.007464695,0.9999153,0.9849859,0,True,True,True,False,False,False,Likely Spoiled,Not Suitable,10.3435335,Not Suitable,2,2,True,False
IMG20260509164102.jpg,6,Pork Ham,spoiled,23:53:22,E:\Thesis Code\processed_hsv_lab_threshold_roi_224\sample 6\spoiled\IMG20260509164102.jpg,pork_ham_sample_6,ham,cross_rotation,all,meatlens,all,all,all,file_destination,E:\Thesis Code\processed_hsv_lab_threshold_roi_224\sample 6\spoiled\IMG20260509164102.jpg,False,partner_home,new_phone,,spoiled,spoiled,1.9719377e-05,0.0077085816,0.99227166,spoiled,0.99227166,not fresh,0.0077085816,0.9999803,0.98456305,0,True,True,True,False,False,False,Likely Spoiled,Not Suitable,10.34866,Not Suitable,2,2,True,False
IMG_20260508_094043.jpg,5,Pork Ham,fresh,05:35:17,E:\Thesis Code\processed_hsv_lab_threshold_roi_224\sample 5\fresh\IMG_20260508_094043.jpg,pork_ham_sample_5,ham,cross_rotation,all,meatlens,all,all,all,file_destination,E:\Thesis Code\processed_hsv_lab_threshold_roi_224\sample 5\fresh\IMG_20260508_094043.jpg,False,researcher_home,new_phone,,fresh,fresh,0.9934708,0.0062328526,0.0002962727,fresh,0.9934708,not fresh,0.0062328526,0.99970365,0.98723793,0,True,True,True,False,False,False,Likely Fresh,Good for Consumption,99.69285,Good for Consumption,0,0,True,False
20260424_120044.jpg,1,Pork Shoulder,fresh,08:00:00,E:\Thesis Code\processed_hsv_lab_threshold_roi_224\sample 1\fresh\20260424_120044.jpg,pork_shoulder_sample_1,shoulder,cross_rotation,all,meatlens,all,all,all,file_destination,E:\Thesis Code\processed_hsv_lab_threshold_roi_224\sample 1\fresh\20260424_120044.jpg,False,researcher_home,old_phone,,fresh,fresh,0.76372373,0.23477085,0.001505385,fresh,0.76372373,not fresh,0.23477085,0.99849457,0.5289529,0,True,True,True,False,True,False,Borderline Fresh / Early Not Fresh,Consume Immediately / Check carefully,89.29982,Good for Consumption,0,0,True,False
20260425_034913.jpg,1,Pork Shoulder,spoiled,23:43:07,E:\Thesis Code\processed_hsv_lab_threshold_roi_224\sample 1\spoiled\20260425_034913.jpg,pork_shoulder_sample_1,shoulder,cross_rotation,all,meatlens,all,all,all,file_destination,E:\Thesis Code\processed_hsv_lab_threshold_roi_224\sample 1\spoiled\20260425_034913.jpg,False,researcher_home,old_phone,,spoiled,spoiled,6.457695e-07,0.0024607922,0.99753857,spoiled,0.99753857,not fresh,0.0024607922,0.99999934,0.9950778,0,True,True,True,False,False,False,Likely Spoiled,Not Suitable,10.110794,Not Suitable,2,2,True,False
20260429_230726.jpg,4,Pork Belly,spoiled,18:30:45,E:\Thesis Code\processed_hsv_lab_threshold_roi_224\sample 4\spoiled\20260429_230726.jpg,pork_belly_sample_4,belly,cross_rotation,all,meatlens,all,all,all,file_destination,E:\Thesis Code\processed_hsv_lab_threshold_roi_224\sample 4\spoiled\20260429_230726.jpg,False,partner_home,old_phone,,spoiled,spoiled,0.0001102792,0.021411117,0.9784786,spoiled,0.9784786,not fresh,0.021411117,0.99988973,0.9570675,0,True,True,True,False,False,False,Likely Spoiled,Not Suitable,10.973426,Not Suitable,2,2,True,False
SPOILED-456-_JPG.rf.6eb1c1aae020074ea2ee26a74c5e7a2d.jpg,12,Various Pork Meat,spoiled,,E:\Thesis Code\processed_hsv_lab_threshold_roi_224\sample 12\spoiled\SPOILED-456-_JPG.rf.6eb1c1aae020074ea2ee26a74c5e7a2d.jpg,various_pork_meat_sample_12,various,cross_rotation,all,public_dataset_2,all,all,all,file_destination,E:\Thesis Code\processed_hsv_lab_threshold_roi_224\sample 12\spoiled\SPOILED-456-_JPG.rf.6eb1c1aae020074ea2ee26a74c5e7a2d.jpg,False,public_dataset_2,public_dataset_2,,spoiled,spoiled,0.0063916575,0.10599105,0.8876173,spoiled,0.8876173,not fresh,0.10599105,0.99360836,0.7816262,0,True,True,True,False,True,False,Borderline Spoiled / Advanced Not Fresh,Not Suitable / Manual inspection recommended,15.344847,Not Suitable,2,2,True,False
IMG_20260509_045626.jpg,5,Pork Ham,spoiled,20:24:07,E:\Thesis Code\processed_hsv_lab_threshold_roi_224\sample 5\spoiled\IMG_20260509_045626.jpg,pork_ham_sample_5,ham,cross_rotation,all,meatlens,all,all,all,file_destination,E:\Thesis Code\processed_hsv_lab_threshold_roi_224\sample 5\spoiled\IMG_20260509_045626.jpg,False,researcher_home,new_phone,,spoiled,spoiled,0.00029232344,0.0018340021,0.99787366,spoiled,0.99787366,not fresh,0.0018340021,0.99970764,0.9960397,0,True,True,True,False,False,False,Likely Spoiled,Not Suitable,10.108839,Not Suitable,2,2,True,False
IMG_20260508_141059.jpg,5,Pork Ham,not fresh,10:07:50,E:\Thesis Code\processed_hsv_lab_threshold_roi_224\sample 5\not fresh\IMG_20260508_141059.jpg,pork_ham_sample_5,ham,cross_rotation,all,meatlens,all,all,all,file_destination,E:\Thesis Code\processed_hsv_lab_threshold_roi_224\sample 5\not fresh\IMG_20260508_141059.jpg,False,researcher_home,new_phone,,not fresh,not fresh,0.009253192,0.9888293,0.0019174871,not fresh,0.9888293,fresh,0.009253192,0.9980825,0.9795761,0,True,True,True,False,False,False,Likely Not Fresh,Consume Immediately / Manual inspection recommended,55.330105,Consume Immediately,1,1,True,False
20260430_150200.jpg,4,Pork Belly,spoiled,28:38:36,E:\Thesis Code\processed_hsv_lab_threshold_roi_224\sample 4\spoiled\20260430_150200.jpg,pork_belly_sample_4,belly,cross_rotation,all,meatlens,all,all,all,file_destination,E:\Thesis Code\processed_hsv_lab_threshold_roi_224\sample 4\spoiled\20260430_150200.jpg,False,partner_home,old_phone,,spoiled,spoiled,9.9088786e-05,0.0023490535,0.99755186,spoiled,0.99755186,not fresh,0.0023490535,0.99990094,0.9952028,0,True,True,True,False,False,False,Likely Spoiled,Not Suitable,10.114625,Not Suitable,2,2,True,False
20260429_144621.jpg,3,Pork Belly,not fresh,10:41:36,E:\Thesis Code\processed_hsv_lab_threshold_roi_224\sample 3\not fresh\20260429_144621.jpg,pork_belly_sample_3,belly,cross_rotation,all,meatlens,all,all,all,file_destination,E:\Thesis Code\processed_hsv_lab_threshold_roi_224\sample 3\not fresh\20260429_144621.jpg,False,researcher_home,old_phone,,not fresh,not fresh,0.024623187,0.9704919,0.0048848283,not fresh,0.9704919,fresh,0.024623187,0.9951151,0.9458687,0,True,True,True,False,False,False,Likely Not Fresh,Consume Immediately / Manual inspection recommended,55.88822,Consume Immediately,1,1,True,False
20260516_193109.jpg,8,Pork Loin,spoiled,15:49:45,E:\Thesis Code\processed_hsv_lab_threshold_roi_224\sample 8\spoiled\20260516_193109.jpg,pork_loin_sample_8,loin,cross_rotation,all,meatlens,all,all,all,file_destination,E:\Thesis Code\processed_hsv_lab_threshold_roi_224\sample 8\spoiled\20260516_193109.jpg,False,partner_home,new_phone,,spoiled,spoiled,0.0055633034,0.36095795,0.63347876,spoiled,0.63347876,not fresh,0.36095795,0.99443674,0.2725208,0,True,True,True,False,True,False,Borderline Spoiled / Advanced Not Fresh,Not Suitable / Manual inspection recommended,26.743805,Not Suitable,2,2,True,False
20260429_075224.jpg,4,Pork Belly,fresh,04:57:11,E:\Thesis Code\processed_hsv_lab_threshold_roi_224\sample 4\fresh\20260429_075224.jpg,pork_belly_sample_4,belly,cross_rotation,all,meatlens,all,all,all,file_destination,E:\Thesis Code\processed_hsv_lab_threshold_roi_224\sample 4\fresh\20260429_075224.jpg,False,partner_home,old_phone,,fresh,fresh,0.9972977,0.001860151,0.00084215566,fresh,0.9972977,not fresh,0.001860151,0.99915785,0.99543756,0,True,True,True,False,False,False,Likely Fresh,Good for Consumption,99.8405,Good for Consumption,0,0,True,False
20260424_213600.jpg,1,Pork Shoulder,spoiled,17:36:29,E:\Thesis Code\processed_hsv_lab_threshold_roi_224\sample 1\spoiled\20260424_213600.jpg,pork_shoulder_sample_1,shoulder,cross_rotation,all,meatlens,all,all,all,file_destination,E:\Thesis Code\processed_hsv_lab_threshold_roi_224\sample 1\spoiled\20260424_213600.jpg,False,researcher_home,old_phone,,spoiled,spoiled,4.7402613e-05,0.15681821,0.8431344,spoiled,0.8431344,not fresh,0.15681821,0.9999526,0.6863162,0,True,True,True,False,True,False,Borderline Spoiled / Advanced Not Fresh,Not Suitable / Manual inspection recommended,17.061087,Not Suitable,2,2,True,False
IMG_20260517_142233.jpg,7,Pork Loin,not fresh,09:02:25,E:\Thesis Code\processed_hsv_lab_threshold_roi_224\sample 7\not fresh\IMG_20260517_142233.jpg,pork_loin_sample_7,loin,cross_rotation,all,meatlens,all,all,all,file_destination,E:\Thesis Code\processed_hsv_lab_threshold_roi_224\sample 7\not fresh\IMG_20260517_142233.jpg,False,researcher_home,new_phone,,not fresh,not fresh,0.024465818,0.9578791,0.017655058,not fresh,0.9578791,fresh,0.024465818,0.9823449,0.9334133,0,True,True,True,False,False,False,Likely Not Fresh,Consume Immediately / Manual inspection recommended,55.306484,Consume Immediately,1,1,True,False
20260430_151042.jpg,3,Pork Belly,spoiled,28:39:48,E:\Thesis Code\processed_hsv_lab_threshold_roi_224\sample 3\spoiled\20260430_151042.jpg,pork_belly_sample_3,belly,cross_rotation,all,meatlens,all,all,all,file_destination,E:\Thesis Code\processed_hsv_lab_threshold_roi_224\sample 3\spoiled\20260430_151042.jpg,False,researcher_home,old_phone,,spoiled,spoiled,0.0066570863,0.03125323,0.96208966,spoiled,0.96208966,not fresh,0.03125323,0.9933429,0.93083644,0,True,True,True,False,False,False,Likely Spoiled,Not Suitable,12.005533,Not Suitable,2,2,True,False
20260624_080048.jpg,9,Pork Hind Leg,fresh,04:00:00,E:\Thesis Code\processed_hsv_lab_threshold_roi_224\sample 9\fresh\20260624_080048.jpg,pork_hind_leg_sample_9,hind_leg,cross_rotation,all,public_dataset_2,all,all,all,file_destination,E:\Thesis Code\processed_hsv_lab_threshold_roi_224\sample 9\fresh\20260624_080048.jpg,False,public_dataset_2,public_dataset_2,,fresh,fresh,0.7912626,0.18360579,0.025131518,fresh,0.7912626,not fresh,0.18360579,0.9748684,0.60765684,0,True,True,True,False,True,False,Borderline Fresh / Early Not Fresh,Consume Immediately / Check carefully,89.4759,Good for Consumption,0,0,True,False
20260429_181726.jpg,3,Pork Belly,not fresh,14:13:52,E:\Thesis Code\processed_hsv_lab_threshold_roi_224\sample 3\not fresh\20260429_181726.jpg,pork_belly_sample_3,belly,cross_rotation,all,meatlens,all,all,all,file_destination,E:\Thesis Code\processed_hsv_lab_threshold_roi_224\sample 3\not fresh\20260429_181726.jpg,False,researcher_home,old_phone,,not fresh,not fresh,0.005220485,0.8414807,0.15329884,not fresh,0.8414807,spoiled,0.15329884,0.9947795,0.6881818,0,True,True,True,False,True,False,Borderline Spoiled / Advanced Not Fresh,Not Suitable / Manual inspection recommended,48.336475,Consume Immediately,1,1,True,False
20260429_152422.jpg,3,Pork Belly,not fresh,11:20:12,E:\Thesis Code\processed_hsv_lab_threshold_roi_224\sample 3\not fresh\20260429_152422.jpg,pork_belly_sample_3,belly,cross_rotation,all,meatlens,all,all,all,file_destination,E:\Thesis Code\processed_hsv_lab_threshold_roi_224\sample 3\not fresh\20260429_152422.jpg,False,researcher_home,old_phone,,not fresh,not fresh,0.015024912,0.97217315,0.012801918,not fresh,0.97217315,fresh,0.015024912,0.98719805,0.95714825,0,True,True,True,False,False,False,Likely Not Fresh,Consume Immediately / Manual inspection recommended,55.100033,Consume Immediately,1,1,True,False
20260424_104743.jpg,1,Pork Shoulder,fresh,06:09:03,E:\Thesis Code\processed_hsv_lab_threshold_roi_224\sample 1\fresh\20260424_104743.jpg,pork_shoulder_sample_1,shoulder,cross_rotation,all,meatlens,all,all,all,file_destination,E:\Thesis Code\processed_hsv_lab_threshold_roi_224\sample 1\fresh\20260424_104743.jpg,False,researcher_home,old_phone,,fresh,fresh,0.972284,0.027552376,0.00016358908,fresh,0.972284,not fresh,0.027552376,0.9998364,0.94473165,0,True,True,True,False,False,False,Likely Fresh,Good for Consumption,98.745415,Good for Consumption,0,0,True,False
HALF-FRESH-534-_JPG.rf.0144e6997db2c70684fc86739a0c6d2c.jpg,12,Various Pork Meat,not fresh,,E:\Thesis Code\processed_hsv_lab_threshold_roi_224\sample 12\not fresh\HALF-FRESH-534-_JPG.rf.0144e6997db2c70684fc86739a0c6d2c.jpg,various_pork_meat_sample_12,various,cross_rotation,all,public_dataset_2,all,all,all,file_destination,E:\Thesis Code\processed_hsv_lab_threshold_roi_224\sample 12\not fresh\HALF-FRESH-534-_JPG.rf.0144e6997db2c70684fc86739a0c6d2c.jpg,False,public_dataset_2,public_dataset_2,,not fresh,fresh,0.9322668,0.067060515,0.00067270995,fresh,0.9322668,not fresh,0.067060515,0.9993273,0.86520624,1,False,True,True,False,False,False,Likely Fresh,Good for Consumption,96.92173,Good for Consumption,0,1,True,False
20260624_103242.jpg,9,Pork Hind Leg,fresh,04:00:00,E:\Thesis Code\processed_hsv_lab_threshold_roi_224\sample 9\fresh\20260624_103242.jpg,pork_hind_leg_sample_9,hind_leg,cross_rotation,all,public_dataset_2,all,all,all,file_destination,E:\Thesis Code\processed_hsv_lab_threshold_roi_224\sample 9\fresh\20260624_103242.jpg,False,public_dataset_2,public_dataset_2,,fresh,fresh,0.6410794,0.3262248,0.03269584,fresh,0.6410794,not fresh,0.3262248,0.9673042,0.31485462,0,True,True,True,False,True,False,Borderline Fresh / Early Not Fresh,Consume Immediately / Check carefully,82.377266,Good for Consumption,0,0,True,False
FRESH-954-_JPG.rf.8cea7e1c683afe07dbe427017f2c55fd.jpg,12,Various Pork Meat,fresh,,E:\Thesis Code\processed_hsv_lab_threshold_roi_224\sample 12\fresh\FRESH-954-_JPG.rf.8cea7e1c683afe07dbe427017f2c55fd.jpg,various_pork_meat_sample_12,various,cross_rotation,all,public_dataset_2,all,all,all,file_destination,E:\Thesis Code\processed_hsv_lab_threshold_roi_224\sample 12\fresh\FRESH-954-_JPG.rf.8cea7e1c683afe07dbe427017f2c55fd.jpg,False,public_dataset_2,public_dataset_2,,fresh,fresh,0.908828,0.08252059,0.008651401,fresh,0.908828,not fresh,0.08252059,0.9913486,0.8263074,0,True,True,True,False,False,False,Likely Fresh,Good for Consumption,95.50795,Good for Consumption,0,0,True,False
20260429_163225.jpg,3,Pork Belly,not fresh,12:27:44,E:\Thesis Code\processed_hsv_lab_threshold_roi_224\sample 3\not fresh\20260429_163225.jpg,pork_belly_sample_3,belly,cross_rotation,all,meatlens,all,all,all,file_destination,E:\Thesis Code\processed_hsv_lab_threshold_roi_224\sample 3\not fresh\20260429_163225.jpg,False,researcher_home,old_phone,,not fresh,not fresh,0.0110321,0.9862033,0.0027645368,not fresh,0.9862033,fresh,0.0110321,0.9972354,0.9751712,0,True,True,True,False,False,False,Likely Not Fresh,Consume Immediately / Manual inspection recommended,55.372036,Consume Immediately,1,1,True,False
IMG_20260517_094216.jpg,7,Pork Loin,fresh,00:20:08,E:\Thesis Code\processed_hsv_lab_threshold_roi_224\sample 7\fresh\IMG_20260517_094216.jpg,pork_loin_sample_7,loin,cross_rotation,all,meatlens,all,all,all,file_destination,E:\Thesis Code\processed_hsv_lab_threshold_roi_224\sample 7\fresh\IMG_20260517_094216.jpg,False,researcher_home,new_phone,,fresh,fresh,0.98896515,0.010592052,0.0004428659,fresh,0.98896515,not fresh,0.010592052,0.9995572,0.9783731,0,True,True,True,False,False,False,Likely Fresh,Good for Consumption,99.483505,Good for Consumption,0,0,True,False
20260703_114413.jpg,10,Pork Belly,not fresh,12:00:00,E:\Thesis Code\processed_hsv_lab_threshold_roi_224\sample 10\not fresh\20260703_114413.jpg,pork_belly_sample_10,belly,cross_rotation,all,public_dataset_2,all,all,all,file_destination,E:\Thesis Code\processed_hsv_lab_threshold_roi_224\sample 10\not fresh\20260703_114413.jpg,False,public_dataset_2,public_dataset_2,,not fresh,fresh,0.76894563,0.22948095,0.001573311,fresh,0.76894563,not fresh,0.22948095,0.99842656,0.5394647,1,False,True,True,False,True,False,Borderline Fresh / Early Not Fresh,Consume Immediately / Check carefully,89.531746,Good for Consumption,0,1,True,False
20260703_072456.jpg,10,Pork Belly,fresh,04:00:00,E:\Thesis Code\processed_hsv_lab_threshold_roi_224\sample 10\fresh\20260703_072456.jpg,pork_belly_sample_10,belly,cross_rotation,all,public_dataset_2,all,all,all,file_destination,E:\Thesis Code\processed_hsv_lab_threshold_roi_224\sample 10\fresh\20260703_072456.jpg,False,public_dataset_2,public_dataset_2,,fresh,fresh,0.9562871,0.042216077,0.001496757,fresh,0.9562871,not fresh,0.042216077,0.99850315,0.914071,0,True,True,True,False,False,False,Likely Fresh,Good for Consumption,97.96556,Good for Consumption,0,0,True,False
20260703_085125.jpg,10,Pork Belly,fresh,04:00:00,E:\Thesis Code\processed_hsv_lab_threshold_roi_224\sample 10\fresh\20260703_085125.jpg,pork_belly_sample_10,belly,cross_rotation,all,public_dataset_2,all,all,all,file_destination,E:\Thesis Code\processed_hsv_lab_threshold_roi_224\sample 10\fresh\20260703_085125.jpg,False,public_dataset_2,public_dataset_2,,fresh,fresh,0.8811588,0.11738729,0.0014539127,fresh,0.8811588,not fresh,0.11738729,0.9985461,0.76377153,0,True,True,True,False,True,False,Borderline Fresh / Early Not Fresh,Consume Immediately / Check carefully,94.58672,Good for Consumption,0,0,True,False
20260501_021858.jpg,3,Pork Belly,spoiled,35:35:53,E:\Thesis Code\processed_hsv_lab_threshold_roi_224\sample 3\spoiled\20260501_021858.jpg,pork_belly_sample_3,belly,cross_rotation,all,meatlens,all,all,all,file_destination,E:\Thesis Code\processed_hsv_lab_threshold_roi_224\sample 3\spoiled\20260501_021858.jpg,False,researcher_home,old_phone,,spoiled,spoiled,2.770574e-06,0.0014621731,0.99853504,spoiled,0.99853504,not fresh,0.0014621731,0.9999972,0.9970729,0,True,True,True,False,False,False,Likely Spoiled,Not Suitable,10.066047,Not Suitable,2,2,True,False
20260624_072727.jpg,9,Pork Hind Leg,fresh,04:00:00,E:\Thesis Code\processed_hsv_lab_threshold_roi_224\sample 9\fresh\20260624_072727.jpg,pork_hind_leg_sample_9,hind_leg,cross_rotation,all,public_dataset_2,all,all,all,file_destination,E:\Thesis Code\processed_hsv_lab_threshold_roi_224\sample 9\fresh\20260624_072727.jpg,False,public_dataset_2,public_dataset_2,,fresh,fresh,0.8673568,0.11251524,0.020128012,fresh,0.8673568,not fresh,0.11251524,0.979872,0.75484157,0,True,True,True,False,True,False,Borderline Fresh / Early Not Fresh,Consume Immediately / Check carefully,93.1253,Good for Consumption,0,0,True,False
IMG_20260508_085842.jpg,5,Pork Ham,fresh,04:51:52,E:\Thesis Code\processed_hsv_lab_threshold_roi_224\sample 5\fresh\IMG_20260508_085842.jpg,pork_ham_sample_5,ham,cross_rotation,all,meatlens,all,all,all,file_destination,E:\Thesis Code\processed_hsv_lab_threshold_roi_224\sample 5\fresh\IMG_20260508_085842.jpg,False,researcher_home,new_phone,,fresh,fresh,0.9941792,0.0056404113,0.00018041272,fresh,0.9941792,not fresh,0.0056404113,0.9998196,0.9885388,0,True,True,True,False,False,False,Likely Fresh,Good for Consumption,99.72994,Good for Consumption,0,0,True,False
IMG20260508092801.jpg,6,Pork Ham,fresh,04:40:42,E:\Thesis Code\processed_hsv_lab_threshold_roi_224\sample 6\fresh\IMG20260508092801.jpg,pork_ham_sample_6,ham,cross_rotation,all,meatlens,all,all,all,file_destination,E:\Thesis Code\processed_hsv_lab_threshold_roi_224\sample 6\fresh\IMG20260508092801.jpg,False,partner_home,new_phone,,fresh,fresh,0.89771914,0.10025799,0.0020229344,fresh,0.89771914,not fresh,0.10025799,0.99797714,0.79746115,0,True,True,True,False,True,False,Borderline Fresh / Early Not Fresh,Consume Immediately / Check carefully,95.306335,Good for Consumption,0,0,True,False
20260424_060621.jpg,1,Pork Shoulder,fresh,00:07:14,E:\Thesis Code\processed_hsv_lab_threshold_roi_224\sample 1\fresh\20260424_060621.jpg,pork_shoulder_sample_1,shoulder,cross_rotation,all,meatlens,all,all,all,file_destination,E:\Thesis Code\processed_hsv_lab_threshold_roi_224\sample 1\fresh\20260424_060621.jpg,False,researcher_home,old_phone,,fresh,fresh,0.78593487,0.20999244,0.0040727453,fresh,0.78593487,not fresh,0.20999244,0.99592733,0.5759424,0,True,True,True,False,True,False,Borderline Fresh / Early Not Fresh,Consume Immediately / Check carefully,90.1838,Good for Consumption,0,0,True,False
20260625_133935.jpg,9,Pork Hind Leg,spoiled,24:00:00,E:\Thesis Code\processed_hsv_lab_threshold_roi_224\sample 9\spoiled\20260625_133935.jpg,pork_hind_leg_sample_9,hind_leg,cross_rotation,all,public_dataset_2,all,all,all,file_destination,E:\Thesis Code\processed_hsv_lab_threshold_roi_224\sample 9\spoiled\20260625_133935.jpg,False,public_dataset_2,public_dataset_2,,spoiled,spoiled,0.006483252,0.00074387394,0.9927729,spoiled,0.9927729,fresh,0.006483252,0.99925613,0.9862896,0,True,True,True,False,False,False,Likely Spoiled,Not Suitable,10.616967,Not Suitable,2,2,False,False
20260516_134221.jpg,8,Pork Loin,not fresh,09:29:51,E:\Thesis Code\processed_hsv_lab_threshold_roi_224\sample 8\not fresh\20260516_134221.jpg,pork_loin_sample_8,loin,cross_rotation,all,meatlens,all,all,all,file_destination,E:\Thesis Code\processed_hsv_lab_threshold_roi_224\sample 8\not fresh\20260516_134221.jpg,False,partner_home,new_phone,,not fresh,not fresh,0.22014628,0.7497791,0.030074617,not fresh,0.7497791,fresh,0.22014628,0.9699254,0.5296328,0,True,True,True,False,True,False,Borderline Fresh / Early Not Fresh,Consume Immediately / Check carefully,63.553226,Consume Immediately,1,1,True,False
IMG20260508223920.jpg,6,Pork Ham,spoiled,18:06:02,E:\Thesis Code\processed_hsv_lab_threshold_roi_224\sample 6\spoiled\IMG20260508223920.jpg,pork_ham_sample_6,ham,cross_rotation,all,meatlens,all,all,all,file_destination,E:\Thesis Code\processed_hsv_lab_threshold_roi_224\sample 6\spoiled\IMG20260508223920.jpg,False,partner_home,new_phone,,spoiled,spoiled,0.00024540728,0.054890983,0.9448636,spoiled,0.9448636,not fresh,0.054890983,0.9997546,0.8899726,0,True,True,True,False,False,False,Likely Spoiled,Not Suitable,12.492181,Not Suitable,2,2,True,False
20260624_074545.jpg,9,Pork Hind Leg,fresh,04:00:00,E:\Thesis Code\processed_hsv_lab_threshold_roi_224\sample 9\fresh\20260624_074545.jpg,pork_hind_leg_sample_9,hind_leg,cross_rotation,all,public_dataset_2,all,all,all,file_destination,E:\Thesis Code\processed_hsv_lab_threshold_roi_224\sample 9\fresh\20260624_074545.jpg,False,public_dataset_2,public_dataset_2,,fresh,fresh,0.9096024,0.07398717,0.016410496,fresh,0.9096024,not fresh,0.07398717,0.9835896,0.8356152,0,True,True,True,False,False,False,Likely Fresh,Good for Consumption,95.19364,Good for Consumption,0,0,True,False
20260424_085140.jpg,1,Pork Shoulder,fresh,03:12:58,E:\Thesis Code\processed_hsv_lab_threshold_roi_224\sample 1\fresh\20260424_085140.jpg,pork_shoulder_sample_1,shoulder,cross_rotation,all,meatlens,all,all,all,file_destination,E:\Thesis Code\processed_hsv_lab_threshold_roi_224\sample 1\fresh\20260424_085140.jpg,False,researcher_home,old_phone,,fresh,fresh,0.98284113,0.011777098,0.0053817867,fresh,0.98284113,not fresh,0.011777098,0.99461824,0.97106403,0,True,True,True,False,False,False,Likely Fresh,Good for Consumption,98.98567,Good for Consumption,0,0,True,False
20260624_151529.jpg,9,Pork Hind Leg,not fresh,12:00:00,E:\Thesis Code\processed_hsv_lab_threshold_roi_224\sample 9\not fresh\20260624_151529.jpg,pork_hind_leg_sample_9,hind_leg,cross_rotation,all,public_dataset_2,all,all,all,file_destination,E:\Thesis Code\processed_hsv_lab_threshold_roi_224\sample 9\not fresh\20260624_151529.jpg,False,public_dataset_2,public_dataset_2,,not fresh,not fresh,0.048378054,0.7768002,0.17482176,not fresh,0.7768002,spoiled,0.17482176,0.951622,0.6019784,0,True,True,True,False,True,False,Borderline Spoiled / Advanced Not Fresh,Not Suitable / Manual inspection recommended,49.310036,Consume Immediately,1,1,True,False
20260517_080852.jpg,8,Pork Loin,spoiled,24:50:39,E:\Thesis Code\processed_hsv_lab_threshold_roi_224\sample 8\spoiled\20260517_080852.jpg,pork_loin_sample_8,loin,cross_rotation,all,meatlens,all,all,all,file_destination,E:\Thesis Code\processed_hsv_lab_threshold_roi_224\sample 8\spoiled\20260517_080852.jpg,False,partner_home,new_phone,,spoiled,spoiled,0.000114732335,0.01325239,0.9866328,spoiled,0.9866328,not fresh,0.01325239,0.9998852,0.97338045,0,True,True,True,False,False,False,Likely Spoiled,Not Suitable,10.606683,Not Suitable,2,2,True,False
IMG20260508110207.jpg,6,Pork Ham,not fresh,07:02:07,E:\Thesis Code\processed_hsv_lab_threshold_roi_224\sample 6\not fresh\IMG20260508110207.jpg,pork_ham_sample_6,ham,cross_rotation,all,meatlens,all,all,all,file_destination,E:\Thesis Code\processed_hsv_lab_threshold_roi_224\sample 6\not fresh\IMG20260508110207.jpg,False,partner_home,new_phone,,not fresh,fresh,0.63962567,0.35717657,0.0031978495,fresh,0.63962567,not fresh,0.35717657,0.9968022,0.2824491,1,False,True,True,False,True,False,Borderline Fresh / Early Not Fresh,Consume Immediately / Check carefully,83.63926,Good for Consumption,0,1,True,False
20260429_074122.jpg,4,Pork Belly,fresh,04:04:02,E:\Thesis Code\processed_hsv_lab_threshold_roi_224\sample 4\fresh\20260429_074122.jpg,pork_belly_sample_4,belly,cross_rotation,all,meatlens,all,all,all,file_destination,E:\Thesis Code\processed_hsv_lab_threshold_roi_224\sample 4\fresh\20260429_074122.jpg,False,partner_home,old_phone,,fresh,fresh,0.9924123,0.0048270854,0.0027606587,fresh,0.9924123,not fresh,0.0048270854,0.9972394,0.98758525,0,True,True,True,False,False,False,Likely Fresh,Good for Consumption,99.53433,Good for Consumption,0,0,True,False
IMG20260423094809.jpg,2,Pork Shoulder,fresh,05:22:01,E:\Thesis Code\processed_hsv_lab_threshold_roi_224\sample 2\fresh\IMG20260423094809.jpg,pork_shoulder_sample_2,shoulder,cross_rotation,all,meatlens,all,all,all,file_destination,E:\Thesis Code\processed_hsv_lab_threshold_roi_224\sample 2\fresh\IMG20260423094809.jpg,False,partner_home,old_phone,,fresh,fresh,0.9745189,0.0240645,0.0014166129,fresh,0.9745189,not fresh,0.0240645,0.9985834,0.9504544,0,True,True,True,False,False,False,Likely Fresh,Good for Consumption,98.789604,Good for Consumption,0,0,True,False
20260624_181528.jpg,9,Pork Hind Leg,spoiled,24:00:00,E:\Thesis Code\processed_hsv_lab_threshold_roi_224\sample 9\spoiled\20260624_181528.jpg,pork_hind_leg_sample_9,hind_leg,cross_rotation,all,public_dataset_2,all,all,all,file_destination,E:\Thesis Code\processed_hsv_lab_threshold_roi_224\sample 9\spoiled\20260624_181528.jpg,False,public_dataset_2,public_dataset_2,,spoiled,not fresh,0.1001435,0.700125,0.19973154,not fresh,0.700125,spoiled,0.19973154,0.8998565,0.50039345,1,False,True,True,False,True,False,Borderline Spoiled / Advanced Not Fresh,Not Suitable / Manual inspection recommended,50.51854,Consume Immediately,1,2,True,False
20260429_080526.jpg,4,Pork Belly,fresh,06:00:00,E:\Thesis Code\processed_hsv_lab_threshold_roi_224\sample 4\fresh\20260429_080526.jpg,pork_belly_sample_4,belly,cross_rotation,all,meatlens,all,all,all,file_destination,E:\Thesis Code\processed_hsv_lab_threshold_roi_224\sample 4\fresh\20260429_080526.jpg,False,partner_home,old_phone,,fresh,fresh,0.9944658,0.0039613307,0.0015727432,fresh,0.9944658,not fresh,0.0039613307,0.99842715,0.9905045,0,True,True,True,False,False,False,Likely Fresh,Good for Consumption,99.68018,Good for Consumption,0,0,True,False
SPOILED-191-_JPG.rf.b8d9c35b6cfc74168bf2b4a508a4bf15.jpg,12,Various Pork Meat,spoiled,,E:\Thesis Code\processed_hsv_lab_threshold_roi_224\sample 12\spoiled\SPOILED-191-_JPG.rf.b8d9c35b6cfc74168bf2b4a508a4bf15.jpg,various_pork_meat_sample_12,various,cross_rotation,all,public_dataset_2,all,all,all,file_destination,E:\Thesis Code\processed_hsv_lab_threshold_roi_224\sample 12\spoiled\SPOILED-191-_JPG.rf.b8d9c35b6cfc74168bf2b4a508a4bf15.jpg,False,public_dataset_2,public_dataset_2,,spoiled,spoiled,8.5368476e-05,0.078377336,0.9215372,spoiled,0.9215372,not fresh,0.078377336,0.9999145,0.8431599,0,True,True,True,False,False,False,Likely Spoiled,Not Suitable,13.534662,Not Suitable,2,2,True,False
IMG_20260517_111532.jpg,7,Pork Loin,fresh,04:47:40,E:\Thesis Code\processed_hsv_lab_threshold_roi_224\sample 7\fresh\IMG_20260517_111532.jpg,pork_loin_sample_7,loin,cross_rotation,all,meatlens,all,all,all,file_destination,E:\Thesis Code\processed_hsv_lab_threshold_roi_224\sample 7\fresh\IMG_20260517_111532.jpg,False,researcher_home,new_phone,,fresh,fresh,0.9748004,0.024088986,0.0011105335,fresh,0.9748004,not fresh,0.024088986,0.9988894,0.9507114,0,True,True,True,False,False,False,Likely Fresh,Good for Consumption,98.81604,Good for Consumption,0,0,True,False
SPOILED-482-_JPG.rf.4f38b4015618735318ce10a05d2925c6.jpg,12,Various Pork Meat,spoiled,,E:\Thesis Code\processed_hsv_lab_threshold_roi_224\sample 12\spoiled\SPOILED-482-_JPG.rf.4f38b4015618735318ce10a05d2925c6.jpg,various_pork_meat_sample_12,various,cross_rotation,all,public_dataset_2,all,all,all,file_destination,E:\Thesis Code\processed_hsv_lab_threshold_roi_224\sample 12\spoiled\SPOILED-482-_JPG.rf.4f38b4015618735318ce10a05d2925c6.jpg,False,public_dataset_2,public_dataset_2,,spoiled,spoiled,0.00734504,0.06831475,0.9243402,spoiled,0.9243402,not fresh,0.06831475,0.9926549,0.85602546,0,True,True,True,False,False,False,Likely Spoiled,Not Suitable,13.735217,Not Suitable,2,2,True,False
20260516_144301.jpg,8,Pork Loin,not fresh,10:43:43,E:\Thesis Code\processed_hsv_lab_threshold_roi_224\sample 8\not fresh\20260516_144301.jpg,pork_loin_sample_8,loin,cross_rotation,all,meatlens,all,all,all,file_destination,E:\Thesis Code\processed_hsv_lab_threshold_roi_224\sample 8\not fresh\20260516_144301.jpg,False,partner_home,new_phone,,not fresh,not fresh,0.02495407,0.94121575,0.03383015,not fresh,0.94121575,spoiled,0.03383015,0.9750459,0.9073856,0,True,True,True,False,False,False,Likely Not Fresh,Consume Immediately / Manual inspection recommended,54.600574,Consume Immediately,1,1,True,False
20260704_092459.jpg,10,Pork Belly,spoiled,24:00:00,E:\Thesis Code\processed_hsv_lab_threshold_roi_224\sample 10\spoiled\20260704_092459.jpg,pork_belly_sample_10,belly,cross_rotation,all,public_dataset_2,all,all,all,file_destination,E:\Thesis Code\processed_hsv_lab_threshold_roi_224\sample 10\spoiled\20260704_092459.jpg,False,public_dataset_2,public_dataset_2,,spoiled,spoiled,0.0028833144,0.010810609,0.986306,spoiled,0.986306,not fresh,0.010810609,0.9971166,0.9754954,0,True,True,True,False,False,False,Likely Spoiled,Not Suitable,10.7459755,Not Suitable,2,2,True,False
20260703_144950.jpg,10,Pork Belly,not fresh,12:00:00,E:\Thesis Code\processed_hsv_lab_threshold_roi_224\sample 10\not fresh\20260703_144950.jpg,pork_belly_sample_10,belly,cross_rotation,all,public_dataset_2,all,all,all,file_destination,E:\Thesis Code\processed_hsv_lab_threshold_roi_224\sample 10\not fresh\20260703_144950.jpg,False,public_dataset_2,public_dataset_2,,not fresh,not fresh,0.05137136,0.88978696,0.05884169,not fresh,0.88978696,spoiled,0.05884169,0.94862866,0.83094525,0,True,True,True,False,True,False,Borderline Spoiled / Advanced Not Fresh,Not Suitable / Manual inspection recommended,54.663834,Consume Immediately,1,1,True,False
IMG_20260518_085848.jpg,7,Pork Loin,spoiled,25:53:22,E:\Thesis Code\processed_hsv_lab_threshold_roi_224\sample 7\spoiled\IMG_20260518_085848.jpg,pork_loin_sample_7,loin,cross_rotation,all,meatlens,all,all,all,file_destination,E:\Thesis Code\processed_hsv_lab_threshold_roi_224\sample 7\spoiled\IMG_20260518_085848.jpg,False,researcher_home,new_phone,,spoiled,spoiled,2.7888824e-05,0.001429213,0.9985429,spoiled,0.9985429,not fresh,0.001429213,0.9999721,0.9971137,0,True,True,True,False,False,False,Likely Spoiled,Not Suitable,10.066825,Not Suitable,2,2,True,False
IMG_20260509_075527.jpg,5,Pork Ham,spoiled,21:54:34,E:\Thesis Code\processed_hsv_lab_threshold_roi_224\sample 5\spoiled\IMG_20260509_075527.jpg,pork_ham_sample_5,ham,cross_rotation,all,meatlens,all,all,all,file_destination,E:\Thesis Code\processed_hsv_lab_threshold_roi_224\sample 5\spoiled\IMG_20260509_075527.jpg,False,researcher_home,new_phone,,spoiled,spoiled,0.0011314049,0.0053413003,0.99352723,spoiled,0.99352723,not fresh,0.0053413003,0.9988685,0.98818594,0,True,True,True,False,False,False,Likely Spoiled,Not Suitable,10.342184,Not Suitable,2,2,True,False
20260424_084041.jpg,1,Pork Shoulder,fresh,02:56:05,E:\Thesis Code\processed_hsv_lab_threshold_roi_224\sample 1\fresh\20260424_084041.jpg,pork_shoulder_sample_1,shoulder,cross_rotation,all,meatlens,all,all,all,file_destination,E:\Thesis Code\processed_hsv_lab_threshold_roi_224\sample 1\fresh\20260424_084041.jpg,False,researcher_home,old_phone,,fresh,fresh,0.99273455,0.005631132,0.0016342781,fresh,0.99273455,not fresh,0.005631132,0.9983657,0.9871034,0,True,True,True,False,False,False,Likely Fresh,Good for Consumption,99.59951,Good for Consumption,0,0,True,False
20260703_101018.jpg,10,Pork Belly,fresh,04:00:00,E:\Thesis Code\processed_hsv_lab_threshold_roi_224\sample 10\fresh\20260703_101018.jpg,pork_belly_sample_10,belly,cross_rotation,all,public_dataset_2,all,all,all,file_destination,E:\Thesis Code\processed_hsv_lab_threshold_roi_224\sample 10\fresh\20260703_101018.jpg,False,public_dataset_2,public_dataset_2,,fresh,fresh,0.8313423,0.16723534,0.0014223212,fresh,0.8313423,not fresh,0.16723534,0.9985776,0.66410697,0,True,True,True,False,True,False,Borderline Fresh / Early Not Fresh,Consume Immediately / Check carefully,92.3464,Good for Consumption,0,0,True,False
20260516_093715.jpg,8,Pork Loin,fresh,05:25:02,E:\Thesis Code\processed_hsv_lab_threshold_roi_224\sample 8\fresh\20260516_093715.jpg,pork_loin_sample_8,loin,cross_rotation,all,meatlens,all,all,all,file_destination,E:\Thesis Code\processed_hsv_lab_threshold_roi_224\sample 8\fresh\20260516_093715.jpg,False,partner_home,new_phone,,fresh,fresh,0.9804049,0.019303525,0.00029164768,fresh,0.9804049,not fresh,0.019303525,0.9997084,0.9611014,0,True,True,True,False,False,False,Likely Fresh,Good for Consumption,99.1051,Good for Consumption,0,0,True,False
20260516_181357.jpg,8,Pork Loin,spoiled,14:15:41,E:\Thesis Code\processed_hsv_lab_threshold_roi_224\sample 8\spoiled\20260516_181357.jpg,pork_loin_sample_8,loin,cross_rotation,all,meatlens,all,all,all,file_destination,E:\Thesis Code\processed_hsv_lab_threshold_roi_224\sample 8\spoiled\20260516_181357.jpg,False,partner_home,new_phone,,spoiled,spoiled,0.004348964,0.42061883,0.5750321,spoiled,0.5750321,not fresh,0.42061883,0.99565095,0.15441328,0,True,True,True,False,True,True,Borderline Spoiled / Advanced Not Fresh,Not Suitable / Manual inspection recommended,29.319254,Not Suitable,2,2,True,False
IMG20260508104136.jpg,6,Pork Ham,fresh,06:32:34,E:\Thesis Code\processed_hsv_lab_threshold_roi_224\sample 6\fresh\IMG20260508104136.jpg,pork_ham_sample_6,ham,cross_rotation,all,meatlens,all,all,all,file_destination,E:\Thesis Code\processed_hsv_lab_threshold_roi_224\sample 6\fresh\IMG20260508104136.jpg,False,partner_home,new_phone,,fresh,fresh,0.82086104,0.17653279,0.002606155,fresh,0.82086104,not fresh,0.17653279,0.99739385,0.64432824,0,True,True,True,False,True,False,Borderline Fresh / Early Not Fresh,Consume Immediately / Check carefully,91.82147,Good for Consumption,0,0,True,False
IMG_20260508_095243.jpg,5,Pork Ham,fresh,05:47:20,E:\Thesis Code\processed_hsv_lab_threshold_roi_224\sample 5\fresh\IMG_20260508_095243.jpg,pork_ham_sample_5,ham,cross_rotation,all,meatlens,all,all,all,file_destination,E:\Thesis Code\processed_hsv_lab_threshold_roi_224\sample 5\fresh\IMG_20260508_095243.jpg,False,researcher_home,new_phone,,fresh,fresh,0.98538405,0.013970568,0.0006453565,fresh,0.98538405,not fresh,0.013970568,0.9993546,0.9714135,0,True,True,True,False,False,False,Likely Fresh,Good for Consumption,99.31324,Good for Consumption,0,0,True,False
20260625_094929.jpg,9,Pork Hind Leg,spoiled,24:00:00,E:\Thesis Code\processed_hsv_lab_threshold_roi_224\sample 9\spoiled\20260625_094929.jpg,pork_hind_leg_sample_9,hind_leg,cross_rotation,all,public_dataset_2,all,all,all,file_destination,E:\Thesis Code\processed_hsv_lab_threshold_roi_224\sample 9\spoiled\20260625_094929.jpg,False,public_dataset_2,public_dataset_2,,spoiled,spoiled,0.0077096554,0.0009564058,0.9913339,spoiled,0.9913339,fresh,0.0077096554,0.9990436,0.9836242,0,True,True,True,False,False,False,Likely Spoiled,Not Suitable,10.736907,Not Suitable,2,2,False,False
20260424_104142.jpg,1,Pork Shoulder,fresh,05:59:24,E:\Thesis Code\processed_hsv_lab_threshold_roi_224\sample 1\fresh\20260424_104142.jpg,pork_shoulder_sample_1,shoulder,cross_rotation,all,meatlens,all,all,all,file_destination,E:\Thesis Code\processed_hsv_lab_threshold_roi_224\sample 1\fresh\20260424_104142.jpg,False,researcher_home,old_phone,,fresh,fresh,0.9770439,0.022658167,0.00029793507,fresh,0.9770439,not fresh,0.022658167,0.9997021,0.95438576,0,True,True,True,False,False,False,Likely Fresh,Good for Consumption,98.95357,Good for Consumption,0,0,True,False
20260429_191919.jpg,4,Pork Belly,spoiled,13:41:18,E:\Thesis Code\processed_hsv_lab_threshold_roi_224\sample 4\spoiled\20260429_191919.jpg,pork_belly_sample_4,belly,cross_rotation,all,meatlens,all,all,all,file_destination,E:\Thesis Code\processed_hsv_lab_threshold_roi_224\sample 4\spoiled\20260429_191919.jpg,False,partner_home,old_phone,,spoiled,not fresh,0.017487863,0.82649964,0.15601246,not fresh,0.82649964,spoiled,0.15601246,0.9825121,0.67048717,1,False,True,True,False,True,False,Borderline Spoiled / Advanced Not Fresh,Not Suitable / Manual inspection recommended,48.76639,Consume Immediately,1,2,True,False
20260424_171441.jpg,2,Pork Shoulder,spoiled,40:00:00,E:\Thesis Code\processed_hsv_lab_threshold_roi_224\sample 2\spoiled\20260424_171441.jpg,pork_shoulder_sample_2,shoulder,cross_rotation,all,meatlens,all,all,all,file_destination,E:\Thesis Code\processed_hsv_lab_threshold_roi_224\sample 2\spoiled\20260424_171441.jpg,False,partner_home,old_phone,,spoiled,spoiled,4.1691885e-05,0.000258712,0.99969953,spoiled,0.99969953,not fresh,0.000258712,0.9999582,0.99944085,0,True,True,True,False,False,False,Likely Spoiled,Not Suitable,10.015393,Not Suitable,2,2,True,False
IMG20260423073400.jpg,2,Pork Shoulder,fresh,01:52:10,E:\Thesis Code\processed_hsv_lab_threshold_roi_224\sample 2\fresh\IMG20260423073400.jpg,pork_shoulder_sample_2,shoulder,cross_rotation,all,meatlens,all,all,all,file_destination,E:\Thesis Code\processed_hsv_lab_threshold_roi_224\sample 2\fresh\IMG20260423073400.jpg,False,partner_home,old_phone,,fresh,fresh,0.9903134,0.007089979,0.0025966438,fresh,0.9903134,not fresh,0.007089979,0.9974034,0.98322344,0,True,True,True,False,False,False,Likely Fresh,Good for Consumption,99.44726,Good for Consumption,0,0,True,False
20260430_091836.jpg,3,Pork Belly,spoiled,24:50:39,E:\Thesis Code\processed_hsv_lab_threshold_roi_224\sample 3\spoiled\20260430_091836.jpg,pork_belly_sample_3,belly,cross_rotation,all,meatlens,all,all,all,file_destination,E:\Thesis Code\processed_hsv_lab_threshold_roi_224\sample 3\spoiled\20260430_091836.jpg,False,researcher_home,old_phone,,spoiled,spoiled,0.00063470245,0.0012041107,0.99816114,spoiled,0.99816114,not fresh,0.0012041107,0.99936527,0.996957,0,True,True,True,False,False,False,Likely Spoiled,Not Suitable,10.111308,Not Suitable,2,2,True,False
IMG_20260517_172534.jpg,7,Pork Loin,not fresh,11:42:49,E:\Thesis Code\processed_hsv_lab_threshold_roi_224\sample 7\not fresh\IMG_20260517_172534.jpg,pork_loin_sample_7,loin,cross_rotation,all,meatlens,all,all,all,file_destination,E:\Thesis Code\processed_hsv_lab_threshold_roi_224\sample 7\not fresh\IMG_20260517_172534.jpg,False,researcher_home,new_phone,,not fresh,not fresh,0.0063037793,0.95307136,0.04062488,not fresh,0.95307136,spoiled,0.04062488,0.9936962,0.9124465,0,True,True,True,False,False,False,Likely Not Fresh,Consume Immediately / Manual inspection recommended,53.45555,Consume Immediately,1,1,True,False
IMG20260508115240.jpg,6,Pork Ham,not fresh,07:52:46,E:\Thesis Code\processed_hsv_lab_threshold_roi_224\sample 6\not fresh\IMG20260508115240.jpg,pork_ham_sample_6,ham,cross_rotation,all,meatlens,all,all,all,file_destination,E:\Thesis Code\processed_hsv_lab_threshold_roi_224\sample 6\not fresh\IMG20260508115240.jpg,False,partner_home,new_phone,,not fresh,not fresh,0.40802175,0.58754873,0.0044294535,not fresh,0.58754873,fresh,0.40802175,0.9955705,0.17952698,0,True,True,True,False,True,True,Borderline Fresh / Early Not Fresh,Consume Immediately / Check carefully,73.16165,Good for Consumption,1,1,True,False
IMG_20260517_102517.jpg,7,Pork Loin,fresh,02:23:50,E:\Thesis Code\processed_hsv_lab_threshold_roi_224\sample 7\fresh\IMG_20260517_102517.jpg,pork_loin_sample_7,loin,cross_rotation,all,meatlens,all,all,all,file_destination,E:\Thesis Code\processed_hsv_lab_threshold_roi_224\sample 7\fresh\IMG_20260517_102517.jpg,False,researcher_home,new_phone,,fresh,fresh,0.9884846,0.010207986,0.0013074301,fresh,0.9884846,not fresh,0.010207986,0.99869263,0.9782766,0,True,True,True,False,False,False,Likely Fresh,Good for Consumption,99.42297,Good for Consumption,0,0,True,False
20260430_025932.jpg,3,Pork Belly,spoiled,20:37:23,E:\Thesis Code\processed_hsv_lab_threshold_roi_224\sample 3\spoiled\20260430_025932.jpg,pork_belly_sample_3,belly,cross_rotation,all,meatlens,all,all,all,file_destination,E:\Thesis Code\processed_hsv_lab_threshold_roi_224\sample 3\spoiled\20260430_025932.jpg,False,researcher_home,old_phone,,spoiled,spoiled,0.0007490037,0.009490929,0.98976016,spoiled,0.98976016,not fresh,0.009490929,0.99925107,0.98026925,0,True,True,True,False,False,False,Likely Spoiled,Not Suitable,10.494503,Not Suitable,2,2,True,False
08-11-2022 21-28-29_jpg.rf.nN0KTjWc3MtJCvJCyl0H.jpg,11,Various Pork Meat,not fresh,,E:\Thesis Code\processed_hsv_lab_threshold_roi_224\sample 11\half fresh\08-11-2022 21-28-29_jpg.rf.nN0KTjWc3MtJCvJCyl0H.jpg,various_pork_meat_sample_11,various,cross_rotation,all,public_dataset_2,all,all,all,file_destination,E:\Thesis Code\processed_hsv_lab_threshold_roi_224\sample 11\half fresh\08-11-2022 21-28-29_jpg.rf.nN0KTjWc3MtJCvJCyl0H.jpg,False,public_dataset_2,public_dataset_2,,not fresh,not fresh,0.109395504,0.7886127,0.101991735,not fresh,0.7886127,fresh,0.109395504,0.8980082,0.6792172,0,True,True,True,False,True,False,Borderline Fresh / Early Not Fresh,Consume Immediately / Check carefully,55.333168,Consume Immediately,1,1,True,False
20260424_192258.jpg,1,Pork Shoulder,not fresh,15:21:24,E:\Thesis Code\processed_hsv_lab_threshold_roi_224\sample 1\not fresh\20260424_192258.jpg,pork_shoulder_sample_1,shoulder,cross_rotation,all,meatlens,all,all,all,file_destination,E:\Thesis Code\processed_hsv_lab_threshold_roi_224\sample 1\not fresh\20260424_192258.jpg,False,researcher_home,old_phone,,not fresh,not fresh,0.0022609811,0.91950446,0.07823457,not fresh,0.91950446,spoiled,0.07823457,0.997739,0.8412699,0,True,True,True,False,False,False,Likely Not Fresh,Consume Immediately / Manual inspection recommended,51.58119,Consume Immediately,1,1,True,False
20260429_193227.jpg,3,Pork Belly,not fresh,15:28:39,E:\Thesis Code\processed_hsv_lab_threshold_roi_224\sample 3\not fresh\20260429_193227.jpg,pork_belly_sample_3,belly,cross_rotation,all,meatlens,all,all,all,file_destination,E:\Thesis Code\processed_hsv_lab_threshold_roi_224\sample 3\not fresh\20260429_193227.jpg,False,researcher_home,old_phone,,not fresh,not fresh,0.0023931917,0.6698253,0.32778156,not fresh,0.6698253,spoiled,0.32778156,0.9976069,0.34204376,0,True,True,True,False,True,False,Borderline Spoiled / Advanced Not Fresh,Not Suitable / Manual inspection recommended,40.35753,Consume Immediately,1,1,True,False
20260424_155049.jpg,1,Pork Shoulder,not fresh,11:49:09,E:\Thesis Code\processed_hsv_lab_threshold_roi_224\sample 1\not fresh\20260424_155049.jpg,pork_shoulder_sample_1,shoulder,cross_rotation,all,meatlens,all,all,all,file_destination,E:\Thesis Code\processed_hsv_lab_threshold_roi_224\sample 1\not fresh\20260424_155049.jpg,False,researcher_home,old_phone,,not fresh,not fresh,0.006781093,0.98920363,0.004015297,not fresh,0.98920363,fresh,0.006781093,0.99598473,0.98242253,0,True,True,True,False,False,False,Likely Not Fresh,Consume Immediately / Manual inspection recommended,55.124462,Consume Immediately,1,1,True,False
IMG_20260518_161725.jpg,7,Pork Loin,spoiled,32:48:51,E:\Thesis Code\processed_hsv_lab_threshold_roi_224\sample 7\spoiled\IMG_20260518_161725.jpg,pork_loin_sample_7,loin,cross_rotation,all,meatlens,all,all,all,file_destination,E:\Thesis Code\processed_hsv_lab_threshold_roi_224\sample 7\spoiled\IMG_20260518_161725.jpg,False,researcher_home,new_phone,,spoiled,spoiled,2.2369462e-05,0.00046086762,0.9995167,spoiled,0.9995167,not fresh,0.00046086762,0.9999776,0.99905586,0,True,True,True,False,False,False,Likely Spoiled,Not Suitable,10.022752,Not Suitable,2,2,True,False
20260424_094541.jpg,1,Pork Shoulder,fresh,04:34:58,E:\Thesis Code\processed_hsv_lab_threshold_roi_224\sample 1\fresh\20260424_094541.jpg,pork_shoulder_sample_1,shoulder,cross_rotation,all,meatlens,all,all,all,file_destination,E:\Thesis Code\processed_hsv_lab_threshold_roi_224\sample 1\fresh\20260424_094541.jpg,False,researcher_home,old_phone,,fresh,fresh,0.9893497,0.010005757,0.00064452295,fresh,0.9893497,not fresh,0.010005757,0.9993555,0.97934395,0,True,True,True,False,False,False,Likely Fresh,Good for Consumption,99.49174,Good for Consumption,0,0,True,False
08-11-2022 12-01-38_jpg.rf.pBNTJkHfhFRL0B51EYpl.jpg,11,Various Pork Meat,fresh,,E:\Thesis Code\processed_hsv_lab_threshold_roi_224\sample 11\fresh\08-11-2022 12-01-38_jpg.rf.pBNTJkHfhFRL0B51EYpl.jpg,various_pork_meat_sample_11,various,cross_rotation,all,public_dataset_2,all,all,all,file_destination,E:\Thesis Code\processed_hsv_lab_threshold_roi_224\sample 11\fresh\08-11-2022 12-01-38_jpg.rf.pBNTJkHfhFRL0B51EYpl.jpg,False,public_dataset_2,public_dataset_2,,fresh,fresh,0.93363774,0.061839577,0.0045226915,fresh,0.93363774,not fresh,0.061839577,0.9954773,0.87179816,0,True,True,True,False,False,False,Likely Fresh,Good for Consumption,96.81018,Good for Consumption,0,0,True,False
20260703_201722.jpg,10,Pork Belly,spoiled,24:00:00,E:\Thesis Code\processed_hsv_lab_threshold_roi_224\sample 10\spoiled\20260703_201722.jpg,pork_belly_sample_10,belly,cross_rotation,all,public_dataset_2,all,all,all,file_destination,E:\Thesis Code\processed_hsv_lab_threshold_roi_224\sample 10\spoiled\20260703_201722.jpg,False,public_dataset_2,public_dataset_2,,spoiled,spoiled,0.0017851505,0.1537727,0.8444421,spoiled,0.8444421,not fresh,0.1537727,0.99821484,0.6906694,0,True,True,True,False,True,False,Borderline Spoiled / Advanced Not Fresh,Not Suitable / Manual inspection recommended,17.080435,Not Suitable,2,2,True,False
IMG_20260508_173923.jpg,5,Pork Ham,not fresh,13:28:02,E:\Thesis Code\processed_hsv_lab_threshold_roi_224\sample 5\not fresh\IMG_20260508_173923.jpg,pork_ham_sample_5,ham,cross_rotation,all,meatlens,all,all,all,file_destination,E:\Thesis Code\processed_hsv_lab_threshold_roi_224\sample 5\not fresh\IMG_20260508_173923.jpg,False,researcher_home,new_phone,,not fresh,not fresh,0.019814564,0.7925433,0.18764211,not fresh,0.7925433,spoiled,0.18764211,0.9801854,0.6049012,0,True,True,True,False,True,False,Borderline Spoiled / Advanced Not Fresh,Not Suitable / Manual inspection recommended,47.447758,Consume Immediately,1,1,True,False
20260704_163715.jpg,10,Pork Belly,spoiled,24:00:00,E:\Thesis Code\processed_hsv_lab_threshold_roi_224\sample 10\spoiled\20260704_163715.jpg,pork_belly_sample_10,belly,cross_rotation,all,public_dataset_2,all,all,all,file_destination,E:\Thesis Code\processed_hsv_lab_threshold_roi_224\sample 10\spoiled\20260704_163715.jpg,False,public_dataset_2,public_dataset_2,,spoiled,spoiled,0.0015132206,0.0014739583,0.99701285,spoiled,0.99701285,fresh,0.0015132206,0.9985261,0.9954996,0,True,True,True,False,False,False,Likely Spoiled,Not Suitable,10.202518,Not Suitable,2,2,False,False
20260430_120040.jpg,3,Pork Belly,spoiled,26:39:12,E:\Thesis Code\processed_hsv_lab_threshold_roi_224\sample 3\spoiled\20260430_120040.jpg,pork_belly_sample_3,belly,cross_rotation,all,meatlens,all,all,all,file_destination,E:\Thesis Code\processed_hsv_lab_threshold_roi_224\sample 3\spoiled\20260430_120040.jpg,False,researcher_home,old_phone,,spoiled,spoiled,0.0011131766,0.0029359618,0.9959508,spoiled,0.9959508,not fresh,0.0029359618,0.99888676,0.9930149,0,True,True,True,False,False,False,Likely Spoiled,Not Suitable,10.232304,Not Suitable,2,2,True,False
20260516_113904.jpg,8,Pork Loin,not fresh,07:44:19,E:\Thesis Code\processed_hsv_lab_threshold_roi_224\sample 8\not fresh\20260516_113904.jpg,pork_loin_sample_8,loin,cross_rotation,all,meatlens,all,all,all,file_destination,E:\Thesis Code\processed_hsv_lab_threshold_roi_224\sample 8\not fresh\20260516_113904.jpg,False,partner_home,new_phone,,not fresh,not fresh,0.45553163,0.5391496,0.0053187953,not fresh,0.5391496,fresh,0.45553163,0.99468124,0.083617955,0,True,True,True,False,True,True,Borderline Fresh / Early Not Fresh,Consume Immediately / Check carefully,75.259575,Good for Consumption,1,1,True,False
20260429_142201.jpg,4,Pork Belly,not fresh,06:12:40,E:\Thesis Code\processed_hsv_lab_threshold_roi_224\sample 4\not fresh\20260429_142201.jpg,pork_belly_sample_4,belly,cross_rotation,all,meatlens,all,all,all,file_destination,E:\Thesis Code\processed_hsv_lab_threshold_roi_224\sample 4\not fresh\20260429_142201.jpg,False,partner_home,old_phone,,not fresh,not fresh,0.043992873,0.9170179,0.03898928,not fresh,0.9170179,fresh,0.043992873,0.96101075,0.873025,0,True,True,True,False,False,False,Likely Not Fresh,Consume Immediately / Manual inspection recommended,55.225163,Consume Immediately,1,1,True,False
20260429_175826.jpg,3,Pork Belly,not fresh,13:54:34,E:\Thesis Code\processed_hsv_lab_threshold_roi_224\sample 3\not fresh\20260429_175826.jpg,pork_belly_sample_3,belly,cross_rotation,all,meatlens,all,all,all,file_destination,E:\Thesis Code\processed_hsv_lab_threshold_roi_224\sample 3\not fresh\20260429_175826.jpg,False,researcher_home,old_phone,,not fresh,not fresh,0.04124537,0.94485384,0.013900734,not fresh,0.94485384,fresh,0.04124537,0.98609924,0.90360844,0,True,True,True,False,False,False,Likely Not Fresh,Consume Immediately / Manual inspection recommended,56.230507,Consume Immediately,1,1,True,False
HALF-FRESH-819-_JPG.rf.b3af5f9b2914f5b067220e2d39d48f39.jpg,12,Various Pork Meat,not fresh,,E:\Thesis Code\processed_hsv_lab_threshold_roi_224\sample 12\not fresh\HALF-FRESH-819-_JPG.rf.b3af5f9b2914f5b067220e2d39d48f39.jpg,various_pork_meat_sample_12,various,cross_rotation,all,public_dataset_2,all,all,all,file_destination,E:\Thesis Code\processed_hsv_lab_threshold_roi_224\sample 12\not fresh\HALF-FRESH-819-_JPG.rf.b3af5f9b2914f5b067220e2d39d48f39.jpg,False,public_dataset_2,public_dataset_2,,not fresh,not fresh,0.027446786,0.9548529,0.017700428,not fresh,0.9548529,fresh,0.027446786,0.9822997,0.9274061,0,True,True,True,False,False,False,Likely Not Fresh,Consume Immediately / Manual inspection recommended,55.43859,Consume Immediately,1,1,True,False
IMG_20260509_030826.jpg,5,Pork Ham,spoiled,19:29:51,E:\Thesis Code\processed_hsv_lab_threshold_roi_224\sample 5\spoiled\IMG_20260509_030826.jpg,pork_ham_sample_5,ham,cross_rotation,all,meatlens,all,all,all,file_destination,E:\Thesis Code\processed_hsv_lab_threshold_roi_224\sample 5\spoiled\IMG_20260509_030826.jpg,False,researcher_home,new_phone,,spoiled,spoiled,0.00052407105,0.0053850785,0.99409086,spoiled,0.99409086,not fresh,0.0053850785,0.99947596,0.98870575,0,True,True,True,False,False,False,Likely Spoiled,Not Suitable,10.2894945,Not Suitable,2,2,True,False
IMG_20260508_193624.jpg,5,Pork Ham,not fresh,15:26:14,E:\Thesis Code\processed_hsv_lab_threshold_roi_224\sample 5\not fresh\IMG_20260508_193624.jpg,pork_ham_sample_5,ham,cross_rotation,all,meatlens,all,all,all,file_destination,E:\Thesis Code\processed_hsv_lab_threshold_roi_224\sample 5\not fresh\IMG_20260508_193624.jpg,False,researcher_home,new_phone,,not fresh,not fresh,0.0103454515,0.5822542,0.40740037,not fresh,0.5822542,spoiled,0.40740037,0.98965454,0.1748538,0,True,True,True,False,True,True,Borderline Spoiled / Advanced Not Fresh,Not Suitable / Manual inspection recommended,37.132526,Not Suitable,1,1,True,False
20260429_161049.jpg,4,Pork Belly,not fresh,09:06:20,E:\Thesis Code\processed_hsv_lab_threshold_roi_224\sample 4\not fresh\20260429_161049.jpg,pork_belly_sample_4,belly,cross_rotation,all,meatlens,all,all,all,file_destination,E:\Thesis Code\processed_hsv_lab_threshold_roi_224\sample 4\not fresh\20260429_161049.jpg,False,partner_home,old_phone,,not fresh,not fresh,0.0003116624,0.9917651,0.007923307,not fresh,0.9917651,spoiled,0.007923307,0.9996884,0.9838418,0,True,True,True,False,False,False,Likely Not Fresh,Consume Immediately / Manual inspection recommended,54.65748,Consume Immediately,1,1,True,False
IMG20260508105006.jpg,6,Pork Ham,fresh,06:45:14,E:\Thesis Code\processed_hsv_lab_threshold_roi_224\sample 6\fresh\IMG20260508105006.jpg,pork_ham_sample_6,ham,cross_rotation,all,meatlens,all,all,all,file_destination,E:\Thesis Code\processed_hsv_lab_threshold_roi_224\sample 6\fresh\IMG20260508105006.jpg,False,partner_home,new_phone,,fresh,fresh,0.7755814,0.22117464,0.003243942,fresh,0.7755814,not fresh,0.22117464,0.9967561,0.55440676,0,True,True,True,False,True,False,Borderline Fresh / Early Not Fresh,Consume Immediately / Check carefully,89.75519,Good for Consumption,0,0,True,False
IMG_20260508_221325.jpg,5,Pork Ham,spoiled,17:01:30,E:\Thesis Code\processed_hsv_lab_threshold_roi_224\sample 5\spoiled\IMG_20260508_221325.jpg,pork_ham_sample_5,ham,cross_rotation,all,meatlens,all,all,all,file_destination,E:\Thesis Code\processed_hsv_lab_threshold_roi_224\sample 5\spoiled\IMG_20260508_221325.jpg,False,researcher_home,new_phone,,spoiled,spoiled,0.007283182,0.15757409,0.8351428,spoiled,0.8351428,not fresh,0.15757409,0.9927169,0.6775687,0,True,True,True,False,True,False,Borderline Spoiled / Advanced Not Fresh,Not Suitable / Manual inspection recommended,17.74632,Not Suitable,2,2,True,False
20260517_104918.jpg,8,Pork Loin,spoiled,28:06:38,E:\Thesis Code\processed_hsv_lab_threshold_roi_224\sample 8\spoiled\20260517_104918.jpg,pork_loin_sample_8,loin,cross_rotation,all,meatlens,all,all,all,file_destination,E:\Thesis Code\processed_hsv_lab_threshold_roi_224\sample 8\spoiled\20260517_104918.jpg,False,partner_home,new_phone,,spoiled,spoiled,4.888446e-05,0.012816485,0.98713464,spoiled,0.98713464,not fresh,0.012816485,0.9999511,0.97431815,0,True,True,True,False,False,False,Likely Spoiled,Not Suitable,10.581141,Not Suitable,2,2,True,False
20260424_132546.jpg,1,Pork Shoulder,not fresh,09:24:25,E:\Thesis Code\processed_hsv_lab_threshold_roi_224\sample 1\not fresh\20260424_132546.jpg,pork_shoulder_sample_1,shoulder,cross_rotation,all,meatlens,all,all,all,file_destination,E:\Thesis Code\processed_hsv_lab_threshold_roi_224\sample 1\not fresh\20260424_132546.jpg,False,researcher_home,old_phone,,not fresh,not fresh,0.016849274,0.9784429,0.004707842,not fresh,0.9784429,fresh,0.016849274,0.9952922,0.9615936,0,True,True,True,False,False,False,Likely Not Fresh,Consume Immediately / Manual inspection recommended,55.546364,Consume Immediately,1,1,True,False
09-11-2022 12-39-27_jpg.rf.KNjpcIhwZtGiFKOGYf5Y.jpg,11,Various Pork Meat,spoiled,,E:\Thesis Code\processed_hsv_lab_threshold_roi_224\sample 11\spoiled\09-11-2022 12-39-27_jpg.rf.KNjpcIhwZtGiFKOGYf5Y.jpg,various_pork_meat_sample_11,various,cross_rotation,all,public_dataset_2,all,all,all,file_destination,E:\Thesis Code\processed_hsv_lab_threshold_roi_224\sample 11\spoiled\09-11-2022 12-39-27_jpg.rf.KNjpcIhwZtGiFKOGYf5Y.jpg,False,public_dataset_2,public_dataset_2,,spoiled,spoiled,0.02073394,0.14705709,0.83220893,spoiled,0.83220893,not fresh,0.14705709,0.97926605,0.6851518,0,True,True,True,False,True,False,Borderline Spoiled / Advanced Not Fresh,Not Suitable / Manual inspection recommended,18.483624,Not Suitable,2,2,True,False
20260424_122755.jpg,2,Pork Shoulder,spoiled,28:44:37,E:\Thesis Code\processed_hsv_lab_threshold_roi_224\sample 2\spoiled\20260424_122755.jpg,pork_shoulder_sample_2,shoulder,cross_rotation,all,meatlens,all,all,all,file_destination,E:\Thesis Code\processed_hsv_lab_threshold_roi_224\sample 2\spoiled\20260424_122755.jpg,False,partner_home,old_phone,,spoiled,spoiled,0.0034407822,0.0021361026,0.99442303,spoiled,0.99442303,fresh,0.0034407822,0.9978638,0.99098223,0,True,True,True,False,False,False,Likely Spoiled,Not Suitable,10.405794,Not Suitable,2,2,False,False
IMG_20260508_124158.jpg,5,Pork Ham,not fresh,08:38:36,E:\Thesis Code\processed_hsv_lab_threshold_roi_224\sample 5\not fresh\IMG_20260508_124158.jpg,pork_ham_sample_5,ham,cross_rotation,all,meatlens,all,all,all,file_destination,E:\Thesis Code\processed_hsv_lab_threshold_roi_224\sample 5\not fresh\IMG_20260508_124158.jpg,False,researcher_home,new_phone,,not fresh,not fresh,0.12746266,0.86999667,0.00254062,not fresh,0.86999667,fresh,0.12746266,0.9974593,0.74253404,0,True,True,True,False,True,False,Borderline Fresh / Early Not Fresh,Consume Immediately / Check carefully,60.621487,Consume Immediately,1,1,True,False
20260425_203843.jpg,1,Pork Shoulder,spoiled,40:26:32,E:\Thesis Code\processed_hsv_lab_threshold_roi_224\sample 1\spoiled\20260425_203843.jpg,pork_shoulder_sample_1,shoulder,cross_rotation,all,meatlens,all,all,all,file_destination,E:\Thesis Code\processed_hsv_lab_threshold_roi_224\sample 1\spoiled\20260425_203843.jpg,False,researcher_home,old_phone,,spoiled,spoiled,2.396991e-07,0.001362426,0.9986374,spoiled,0.9986374,not fresh,0.001362426,0.9999998,0.99727494,0,True,True,True,False,False,False,Likely Spoiled,Not Suitable,10.061331,Not Suitable,2,2,True,False
09-11-2022 12-15-59_jpg.rf.s2Qu9FzvZzVW2AWTPNSM.jpg,11,Various Pork Meat,spoiled,,E:\Thesis Code\processed_hsv_lab_threshold_roi_224\sample 11\spoiled\09-11-2022 12-15-59_jpg.rf.s2Qu9FzvZzVW2AWTPNSM.jpg,various_pork_meat_sample_11,various,cross_rotation,all,public_dataset_2,all,all,all,file_destination,E:\Thesis Code\processed_hsv_lab_threshold_roi_224\sample 11\spoiled\09-11-2022 12-15-59_jpg.rf.s2Qu9FzvZzVW2AWTPNSM.jpg,False,public_dataset_2,public_dataset_2,,spoiled,spoiled,0.00052410254,0.0034182947,0.9960576,spoiled,0.9960576,not fresh,0.0034182947,0.9994759,0.99263936,0,True,True,True,False,False,False,Likely Spoiled,Not Suitable,10.200993,Not Suitable,2,2,True,False
IMG_20260508_070440.jpg,5,Pork Ham,fresh,02:53:40,E:\Thesis Code\processed_hsv_lab_threshold_roi_224\sample 5\fresh\IMG_20260508_070440.jpg,pork_ham_sample_5,ham,cross_rotation,all,meatlens,all,all,all,file_destination,E:\Thesis Code\processed_hsv_lab_threshold_roi_224\sample 5\fresh\IMG_20260508_070440.jpg,False,researcher_home,new_phone,,fresh,fresh,0.9984396,0.0015296361,3.0689484e-05,fresh,0.9984396,not fresh,0.0015296361,0.99996924,0.99691,0,True,True,True,False,False,False,Likely Fresh,Good for Consumption,99.9284,Good for Consumption,0,0,True,False
20260429_074222.jpg,4,Pork Belly,fresh,04:08:52,E:\Thesis Code\processed_hsv_lab_threshold_roi_224\sample 4\fresh\20260429_074222.jpg,pork_belly_sample_4,belly,cross_rotation,all,meatlens,all,all,all,file_destination,E:\Thesis Code\processed_hsv_lab_threshold_roi_224\sample 4\fresh\20260429_074222.jpg,False,partner_home,old_phone,,fresh,fresh,0.9978963,0.0015744985,0.0005290828,fresh,0.9978963,not fresh,0.0015744985,0.99947083,0.9963218,0,True,True,True,False,False,False,Likely Fresh,Good for Consumption,99.88152,Good for Consumption,0,0,True,False
HALF-FRESH-691-_JPG.rf.65f1803a177fc0f1b3b14a0fb35ff5e5.jpg,12,Various Pork Meat,not fresh,,E:\Thesis Code\processed_hsv_lab_threshold_roi_224\sample 12\not fresh\HALF-FRESH-691-_JPG.rf.65f1803a177fc0f1b3b14a0fb35ff5e5.jpg,various_pork_meat_sample_12,various,cross_rotation,all,public_dataset_2,all,all,all,file_destination,E:\Thesis Code\processed_hsv_lab_threshold_roi_224\sample 12\not fresh\HALF-FRESH-691-_JPG.rf.65f1803a177fc0f1b3b14a0fb35ff5e5.jpg,False,public_dataset_2,public_dataset_2,,not fresh,not fresh,0.26763585,0.7118292,0.020534933,not fresh,0.7118292,fresh,0.26763585,0.979465,0.44419333,0,True,True,True,False,True,False,Borderline Fresh / Early Not Fresh,Consume Immediately / Check carefully,66.11954,Consume Immediately,1,1,True,False
09-11-2022 11-48-51_jpg.rf.CgIvIaPpc3wgseyGDhZL.jpg,11,Various Pork Meat,spoiled,,E:\Thesis Code\processed_hsv_lab_threshold_roi_224\sample 11\spoiled\09-11-2022 11-48-51_jpg.rf.CgIvIaPpc3wgseyGDhZL.jpg,various_pork_meat_sample_11,various,cross_rotation,all,public_dataset_2,all,all,all,file_destination,E:\Thesis Code\processed_hsv_lab_threshold_roi_224\sample 11\spoiled\09-11-2022 11-48-51_jpg.rf.CgIvIaPpc3wgseyGDhZL.jpg,False,public_dataset_2,public_dataset_2,,spoiled,spoiled,0.0027497362,0.048191797,0.9490584,spoiled,0.9490584,not fresh,0.048191797,0.9972502,0.9008666,0,True,True,True,False,False,False,Likely Spoiled,Not Suitable,12.416106,Not Suitable,2,2,True,False
20260425_225144.jpg,1,Pork Shoulder,spoiled,42:41:36,E:\Thesis Code\processed_hsv_lab_threshold_roi_224\sample 1\spoiled\20260425_225144.jpg,pork_shoulder_sample_1,shoulder,cross_rotation,all,meatlens,all,all,all,file_destination,E:\Thesis Code\processed_hsv_lab_threshold_roi_224\sample 1\spoiled\20260425_225144.jpg,False,researcher_home,old_phone,,spoiled,spoiled,3.102375e-06,0.0026128143,0.99738413,spoiled,0.99738413,not fresh,0.0026128143,0.99999696,0.9947713,0,True,True,True,False,False,False,Likely Spoiled,Not Suitable,10.117856,Not Suitable,2,2,True,False
IMG_20260517_110317.jpg,7,Pork Loin,fresh,04:13:09,E:\Thesis Code\processed_hsv_lab_threshold_roi_224\sample 7\fresh\IMG_20260517_110317.jpg,pork_loin_sample_7,loin,cross_rotation,all,meatlens,all,all,all,file_destination,E:\Thesis Code\processed_hsv_lab_threshold_roi_224\sample 7\fresh\IMG_20260517_110317.jpg,False,researcher_home,new_phone,,fresh,fresh,0.9623188,0.033071827,0.0046093715,fresh,0.9623188,not fresh,0.033071827,0.9953906,0.92924696,0,True,True,True,False,False,False,Likely Fresh,Good for Consumption,98.096924,Good for Consumption,0,0,True,False
HALF-FRESH-916-_JPG.rf.ee1387707e110d35dd6261958e498389.jpg,12,Various Pork Meat,not fresh,,E:\Thesis Code\processed_hsv_lab_threshold_roi_224\sample 12\not fresh\HALF-FRESH-916-_JPG.rf.ee1387707e110d35dd6261958e498389.jpg,various_pork_meat_sample_12,various,cross_rotation,all,public_dataset_2,all,all,all,file_destination,E:\Thesis Code\processed_hsv_lab_threshold_roi_224\sample 12\not fresh\HALF-FRESH-916-_JPG.rf.ee1387707e110d35dd6261958e498389.jpg,False,public_dataset_2,public_dataset_2,,not fresh,not fresh,0.0793309,0.8876348,0.0330343,not fresh,0.8876348,fresh,0.0793309,0.96696573,0.8083039,0,True,True,True,False,True,False,Borderline Fresh / Early Not Fresh,Consume Immediately / Check carefully,57.083347,Consume Immediately,1,1,True,False
20260624_141619.jpg,9,Pork Hind Leg,not fresh,12:00:00,E:\Thesis Code\processed_hsv_lab_threshold_roi_224\sample 9\not fresh\20260624_141619.jpg,pork_hind_leg_sample_9,hind_leg,cross_rotation,all,public_dataset_2,all,all,all,file_destination,E:\Thesis Code\processed_hsv_lab_threshold_roi_224\sample 9\not fresh\20260624_141619.jpg,False,public_dataset_2,public_dataset_2,,not fresh,not fresh,0.3030352,0.5608421,0.13612267,not fresh,0.5608421,fresh,0.3030352,0.8638773,0.2578069,0,True,True,True,False,True,True,Borderline Fresh / Early Not Fresh,Consume Immediately / Check carefully,62.511063,Consume Immediately,1,1,True,False
20260429_155045.jpg,4,Pork Belly,not fresh,08:33:46,E:\Thesis Code\processed_hsv_lab_threshold_roi_224\sample 4\not fresh\20260429_155045.jpg,pork_belly_sample_4,belly,cross_rotation,all,meatlens,all,all,all,file_destination,E:\Thesis Code\processed_hsv_lab_threshold_roi_224\sample 4\not fresh\20260429_155045.jpg,False,partner_home,old_phone,,not fresh,not fresh,0.0006116748,0.99493563,0.0044526905,not fresh,0.99493563,spoiled,0.0044526905,0.99938834,0.9904829,0,True,True,True,False,False,False,Likely Not Fresh,Consume Immediately / Manual inspection recommended,54.827152,Consume Immediately,1,1,True,False
20260517_132814.jpg,8,Pork Loin,spoiled,31:22:37,E:\Thesis Code\processed_hsv_lab_threshold_roi_224\sample 8\spoiled\20260517_132814.jpg,pork_loin_sample_8,loin,cross_rotation,all,meatlens,all,all,all,file_destination,E:\Thesis Code\processed_hsv_lab_threshold_roi_224\sample 8\spoiled\20260517_132814.jpg,False,partner_home,new_phone,,spoiled,spoiled,4.1977306e-05,0.008461816,0.9914962,spoiled,0.9914962,not fresh,0.008461816,0.99995804,0.9830344,0,True,True,True,False,False,False,Likely Spoiled,Not Suitable,10.38456,Not Suitable,2,2,True,False
FRESH-284-_JPG.rf.0a30eabb9ecf83fc08659ef3135d0e22.jpg,12,Various Pork Meat,fresh,,E:\Thesis Code\processed_hsv_lab_threshold_roi_224\sample 12\fresh\FRESH-284-_JPG.rf.0a30eabb9ecf83fc08659ef3135d0e22.jpg,various_pork_meat_sample_12,various,cross_rotation,all,public_dataset_2,all,all,all,file_destination,E:\Thesis Code\processed_hsv_lab_threshold_roi_224\sample 12\fresh\FRESH-284-_JPG.rf.0a30eabb9ecf83fc08659ef3135d0e22.jpg,False,public_dataset_2,public_dataset_2,,fresh,fresh,0.6617078,0.26799402,0.0702982,fresh,0.6617078,not fresh,0.26799402,0.9297018,0.3937138,0,True,True,True,False,True,False,Borderline Fresh / Early Not Fresh,Consume Immediately / Check carefully,81.613434,Good for Consumption,0,0,True,False
20260424_072637.jpg,1,Pork Shoulder,fresh,01:02:43,E:\Thesis Code\processed_hsv_lab_threshold_roi_224\sample 1\fresh\20260424_072637.jpg,pork_shoulder_sample_1,shoulder,cross_rotation,all,meatlens,all,all,all,file_destination,E:\Thesis Code\processed_hsv_lab_threshold_roi_224\sample 1\fresh\20260424_072637.jpg,False,researcher_home,old_phone,,fresh,fresh,0.9747001,0.025061246,0.00023870579,fresh,0.9747001,not fresh,0.025061246,0.99976134,0.94963884,0,True,True,True,False,False,False,Likely Fresh,Good for Consumption,98.85076,Good for Consumption,0,0,True,False
IMG_20260508_224225.jpg,5,Pork Ham,spoiled,17:15:59,E:\Thesis Code\processed_hsv_lab_threshold_roi_224\sample 5\spoiled\IMG_20260508_224225.jpg,pork_ham_sample_5,ham,cross_rotation,all,meatlens,all,all,all,file_destination,E:\Thesis Code\processed_hsv_lab_threshold_roi_224\sample 5\spoiled\IMG_20260508_224225.jpg,False,researcher_home,new_phone,,spoiled,spoiled,0.008959721,0.15783708,0.8332032,spoiled,0.8332032,not fresh,0.15783708,0.9910403,0.6753661,0,True,True,True,False,True,False,Borderline Spoiled / Advanced Not Fresh,Not Suitable / Manual inspection recommended,17.909044,Not Suitable,2,2,True,False
20260430_182954.jpg,3,Pork Belly,spoiled,30:22:19,E:\Thesis Code\processed_hsv_lab_threshold_roi_224\sample 3\spoiled\20260430_182954.jpg,pork_belly_sample_3,belly,cross_rotation,all,meatlens,all,all,all,file_destination,E:\Thesis Code\processed_hsv_lab_threshold_roi_224\sample 3\spoiled\20260430_182954.jpg,False,researcher_home,old_phone,,spoiled,spoiled,2.7354902e-06,0.00052086334,0.9994763,spoiled,0.9994763,not fresh,0.00052086334,0.9999972,0.9989554,0,True,True,True,False,False,False,Likely Spoiled,Not Suitable,10.0236845,Not Suitable,2,2,True,False
20260425_093817.jpg,1,Pork Shoulder,spoiled,29:40:06,E:\Thesis Code\processed_hsv_lab_threshold_roi_224\sample 1\spoiled\20260425_093817.jpg,pork_shoulder_sample_1,shoulder,cross_rotation,all,meatlens,all,all,all,file_destination,E:\Thesis Code\processed_hsv_lab_threshold_roi_224\sample 1\spoiled\20260425_093817.jpg,False,researcher_home,old_phone,,spoiled,spoiled,0.0002901269,0.034766223,0.9649436,spoiled,0.9649436,not fresh,0.034766223,0.9997098,0.9301774,0,True,True,True,False,False,False,Likely Spoiled,Not Suitable,11.5905905,Not Suitable,2,2,True,False
IMG20260508074825.jpg,6,Pork Ham,fresh,02:08:45,E:\Thesis Code\processed_hsv_lab_threshold_roi_224\sample 6\fresh\IMG20260508074825.jpg,pork_ham_sample_6,ham,cross_rotation,all,meatlens,all,all,all,file_destination,E:\Thesis Code\processed_hsv_lab_threshold_roi_224\sample 6\fresh\IMG20260508074825.jpg,False,partner_home,new_phone,,fresh,fresh,0.9952897,0.0028335897,0.0018768166,fresh,0.9952897,not fresh,0.0028335897,0.9981233,0.9924561,0,True,True,True,False,False,False,Likely Fresh,Good for Consumption,99.70358,Good for Consumption,0,0,True,False
SPOILED-999-_JPG.rf.2f42605fadf7e6952691ca1e549fa296.jpg,12,Various Pork Meat,spoiled,,E:\Thesis Code\processed_hsv_lab_threshold_roi_224\sample 12\spoiled\SPOILED-999-_JPG.rf.2f42605fadf7e6952691ca1e549fa296.jpg,various_pork_meat_sample_12,various,cross_rotation,all,public_dataset_2,all,all,all,file_destination,E:\Thesis Code\processed_hsv_lab_threshold_roi_224\sample 12\spoiled\SPOILED-999-_JPG.rf.2f42605fadf7e6952691ca1e549fa296.jpg,False,public_dataset_2,public_dataset_2,,spoiled,fresh,0.58212626,0.25103185,0.16684186,fresh,0.58212626,not fresh,0.25103185,0.83315814,0.3310944,2,False,False,False,True,True,True,Borderline Fresh / Early Not Fresh,Consume Immediately / Check carefully,73.6878,Good for Consumption,0,2,True,False
08-11-2022 12-47-16_jpg.rf.xf1GOFXClQM9RZwO5DPT.jpg,11,Various Pork Meat,fresh,,E:\Thesis Code\processed_hsv_lab_threshold_roi_224\sample 11\fresh\08-11-2022 12-47-16_jpg.rf.xf1GOFXClQM9RZwO5DPT.jpg,various_pork_meat_sample_11,various,cross_rotation,all,public_dataset_2,all,all,all,file_destination,E:\Thesis Code\processed_hsv_lab_threshold_roi_224\sample 11\fresh\08-11-2022 12-47-16_jpg.rf.xf1GOFXClQM9RZwO5DPT.jpg,False,public_dataset_2,public_dataset_2,,fresh,fresh,0.9778724,0.020944968,0.0011825901,fresh,0.9778724,not fresh,0.020944968,0.9988173,0.9569274,0,True,True,True,False,False,False,Likely Fresh,Good for Consumption,98.951035,Good for Consumption,0,0,True,False
09-11-2022 12-47-17_jpg.rf.toRWXohwm85m26KJ8K9R.jpg,11,Various Pork Meat,spoiled,,E:\Thesis Code\processed_hsv_lab_threshold_roi_224\sample 11\spoiled\09-11-2022 12-47-17_jpg.rf.toRWXohwm85m26KJ8K9R.jpg,various_pork_meat_sample_11,various,cross_rotation,all,public_dataset_2,all,all,all,file_destination,E:\Thesis Code\processed_hsv_lab_threshold_roi_224\sample 11\spoiled\09-11-2022 12-47-17_jpg.rf.toRWXohwm85m26KJ8K9R.jpg,False,public_dataset_2,public_dataset_2,,spoiled,spoiled,0.031012373,0.29069805,0.6782896,spoiled,0.6782896,not fresh,0.29069805,0.96898764,0.38759154,0,True,True,True,False,True,False,Borderline Spoiled / Advanced Not Fresh,Not Suitable / Manual inspection recommended,25.872526,Not Suitable,2,2,True,False
IMG20260423094008.jpg,2,Pork Shoulder,fresh,05:09:21,E:\Thesis Code\processed_hsv_lab_threshold_roi_224\sample 2\fresh\IMG20260423094008.jpg,pork_shoulder_sample_2,shoulder,cross_rotation,all,meatlens,all,all,all,file_destination,E:\Thesis Code\processed_hsv_lab_threshold_roi_224\sample 2\fresh\IMG20260423094008.jpg,False,partner_home,old_phone,,fresh,fresh,0.98283195,0.016216744,0.00095139357,fresh,0.98283195,not fresh,0.016216744,0.9990487,0.9666152,0,True,True,True,False,False,False,Likely Fresh,Good for Consumption,99.18463,Good for Consumption,0,0,True,False
20260703_080304.jpg,10,Pork Belly,fresh,04:00:00,E:\Thesis Code\processed_hsv_lab_threshold_roi_224\sample 10\fresh\20260703_080304.jpg,pork_belly_sample_10,belly,cross_rotation,all,public_dataset_2,all,all,all,file_destination,E:\Thesis Code\processed_hsv_lab_threshold_roi_224\sample 10\fresh\20260703_080304.jpg,False,public_dataset_2,public_dataset_2,,fresh,fresh,0.89185053,0.10577763,0.002371859,fresh,0.89185053,not fresh,0.10577763,0.99762815,0.7860729,0,True,True,True,False,True,False,Borderline Fresh / Early Not Fresh,Consume Immediately / Check carefully,95.02654,Good for Consumption,0,0,True,False
20260624_161438.jpg,9,Pork Hind Leg,not fresh,12:00:00,E:\Thesis Code\processed_hsv_lab_threshold_roi_224\sample 9\not fresh\20260624_161438.jpg,pork_hind_leg_sample_9,hind_leg,cross_rotation,all,public_dataset_2,all,all,all,file_destination,E:\Thesis Code\processed_hsv_lab_threshold_roi_224\sample 9\not fresh\20260624_161438.jpg,False,public_dataset_2,public_dataset_2,,not fresh,not fresh,0.27202675,0.65642524,0.071548,not fresh,0.65642524,fresh,0.27202675,0.928452,0.3843985,0,True,True,True,False,True,False,Borderline Fresh / Early Not Fresh,Consume Immediately / Check carefully,64.021545,Consume Immediately,1,1,True,False
IMG20260509075229.jpg,6,Pork Ham,spoiled,19:03:55,E:\Thesis Code\processed_hsv_lab_threshold_roi_224\sample 6\spoiled\IMG20260509075229.jpg,pork_ham_sample_6,ham,cross_rotation,all,meatlens,all,all,all,file_destination,E:\Thesis Code\processed_hsv_lab_threshold_roi_224\sample 6\spoiled\IMG20260509075229.jpg,False,partner_home,new_phone,,spoiled,spoiled,2.3606313e-05,0.005535761,0.9944406,spoiled,0.9944406,not fresh,0.005535761,0.9999764,0.98890483,0,True,True,True,False,False,False,Likely Spoiled,Not Suitable,10.251234,Not Suitable,2,2,True,False
SPOILED-549-_JPG.rf.47c51c92793de156596240948093598e.jpg,12,Various Pork Meat,spoiled,,E:\Thesis Code\processed_hsv_lab_threshold_roi_224\sample 12\spoiled\SPOILED-549-_JPG.rf.47c51c92793de156596240948093598e.jpg,various_pork_meat_sample_12,various,cross_rotation,all,public_dataset_2,all,all,all,file_destination,E:\Thesis Code\processed_hsv_lab_threshold_roi_224\sample 12\spoiled\SPOILED-549-_JPG.rf.47c51c92793de156596240948093598e.jpg,False,public_dataset_2,public_dataset_2,,spoiled,spoiled,0.0022410934,0.030778807,0.96698004,spoiled,0.96698004,not fresh,0.030778807,0.99775887,0.9362012,0,True,True,True,False,False,False,Likely Spoiled,Not Suitable,11.586744,Not Suitable,2,2,True,False
IMG20260509094136.jpg,6,Pork Ham,spoiled,27:11:09,E:\Thesis Code\processed_hsv_lab_threshold_roi_224\sample 6\spoiled\IMG20260509094136.jpg,pork_ham_sample_6,ham,cross_rotation,all,meatlens,all,all,all,file_destination,E:\Thesis Code\processed_hsv_lab_threshold_roi_224\sample 6\spoiled\IMG20260509094136.jpg,False,partner_home,new_phone,,spoiled,spoiled,0.00017340489,0.0045684082,0.99525815,spoiled,0.99525815,not fresh,0.0045684082,0.99982655,0.99068975,0,True,True,True,False,False,False,Likely Spoiled,Not Suitable,10.221185,Not Suitable,2,2,True,False
20260624_114424.jpg,9,Pork Hind Leg,not fresh,12:00:00,E:\Thesis Code\processed_hsv_lab_threshold_roi_224\sample 9\not fresh\20260624_114424.jpg,pork_hind_leg_sample_9,hind_leg,cross_rotation,all,public_dataset_2,all,all,all,file_destination,E:\Thesis Code\processed_hsv_lab_threshold_roi_224\sample 9\not fresh\20260624_114424.jpg,False,public_dataset_2,public_dataset_2,,not fresh,fresh,0.7331619,0.25139722,0.01544086,fresh,0.7331619,not fresh,0.25139722,0.9845592,0.4817647,1,False,True,True,False,True,False,Borderline Fresh / Early Not Fresh,Consume Immediately / Check carefully,87.29745,Good for Consumption,0,1,True,False
IMG_20260509_184230.jpg,5,Pork Ham,spoiled,27:20:12,E:\Thesis Code\processed_hsv_lab_threshold_roi_224\sample 5\spoiled\IMG_20260509_184230.jpg,pork_ham_sample_5,ham,cross_rotation,all,meatlens,all,all,all,file_destination,E:\Thesis Code\processed_hsv_lab_threshold_roi_224\sample 5\spoiled\IMG_20260509_184230.jpg,False,researcher_home,new_phone,,spoiled,spoiled,0.00019825726,0.0028179935,0.9969837,spoiled,0.9969837,not fresh,0.0028179935,0.9998017,0.9941657,0,True,True,True,False,False,False,Likely Spoiled,Not Suitable,10.144652,Not Suitable,2,2,True,False
20260516_134552.jpg,8,Pork Loin,not fresh,09:34:04,E:\Thesis Code\processed_hsv_lab_threshold_roi_224\sample 8\not fresh\20260516_134552.jpg,pork_loin_sample_8,loin,cross_rotation,all,meatlens,all,all,all,file_destination,E:\Thesis Code\processed_hsv_lab_threshold_roi_224\sample 8\not fresh\20260516_134552.jpg,False,partner_home,new_phone,,not fresh,not fresh,0.10836146,0.8786985,0.012939936,not fresh,0.8786985,fresh,0.10836146,0.98706,0.77033705,0,True,True,True,False,True,False,Borderline Fresh / Early Not Fresh,Consume Immediately / Check carefully,59.293964,Consume Immediately,1,1,True,False
20260703_075650.jpg,10,Pork Belly,fresh,04:00:00,E:\Thesis Code\processed_hsv_lab_threshold_roi_224\sample 10\fresh\20260703_075650.jpg,pork_belly_sample_10,belly,cross_rotation,all,public_dataset_2,all,all,all,file_destination,E:\Thesis Code\processed_hsv_lab_threshold_roi_224\sample 10\fresh\20260703_075650.jpg,False,public_dataset_2,public_dataset_2,,fresh,fresh,0.9812165,0.018198013,0.000585498,fresh,0.9812165,not fresh,0.018198013,0.9994145,0.9630185,0,True,True,True,False,False,False,Likely Fresh,Good for Consumption,99.128395,Good for Consumption,0,0,True,False
20260704_135105.jpg,10,Pork Belly,spoiled,24:00:00,E:\Thesis Code\processed_hsv_lab_threshold_roi_224\sample 10\spoiled\20260704_135105.jpg,pork_belly_sample_10,belly,cross_rotation,all,public_dataset_2,all,all,all,file_destination,E:\Thesis Code\processed_hsv_lab_threshold_roi_224\sample 10\spoiled\20260704_135105.jpg,False,public_dataset_2,public_dataset_2,,spoiled,spoiled,6.977111e-05,0.0007317808,0.9991985,spoiled,0.9991985,not fresh,0.0007317808,0.99993026,0.99846673,0,True,True,True,False,False,False,Likely Spoiled,Not Suitable,10.03921,Not Suitable,2,2,True,False
HALF-FRESH-83-_JPG.rf.03cb9235a572ddb4d6225a4a8cbe5d42.jpg,12,Various Pork Meat,not fresh,,E:\Thesis Code\processed_hsv_lab_threshold_roi_224\sample 12\not fresh\HALF-FRESH-83-_JPG.rf.03cb9235a572ddb4d6225a4a8cbe5d42.jpg,various_pork_meat_sample_12,various,cross_rotation,all,public_dataset_2,all,all,all,file_destination,E:\Thesis Code\processed_hsv_lab_threshold_roi_224\sample 12\not fresh\HALF-FRESH-83-_JPG.rf.03cb9235a572ddb4d6225a4a8cbe5d42.jpg,False,public_dataset_2,public_dataset_2,,not fresh,not fresh,0.3183887,0.6552293,0.026382055,not fresh,0.6552293,fresh,0.3183887,0.973618,0.33684057,0,True,True,True,False,True,False,Borderline Fresh / Early Not Fresh,Consume Immediately / Check carefully,68.1403,Consume Immediately,1,1,True,False
IMG_20260517_101517.jpg,7,Pork Loin,fresh,01:55:04,E:\Thesis Code\processed_hsv_lab_threshold_roi_224\sample 7\fresh\IMG_20260517_101517.jpg,pork_loin_sample_7,loin,cross_rotation,all,meatlens,all,all,all,file_destination,E:\Thesis Code\processed_hsv_lab_threshold_roi_224\sample 7\fresh\IMG_20260517_101517.jpg,False,researcher_home,new_phone,,fresh,fresh,0.9910359,0.0082612075,0.0007029958,fresh,0.9910359,not fresh,0.0082612075,0.9992971,0.9827747,0,True,True,True,False,False,False,Likely Fresh,Good for Consumption,99.56499,Good for Consumption,0,0,True,False
20260703_080929.jpg,10,Pork Belly,fresh,04:00:00,E:\Thesis Code\processed_hsv_lab_threshold_roi_224\sample 10\fresh\20260703_080929.jpg,pork_belly_sample_10,belly,cross_rotation,all,public_dataset_2,all,all,all,file_destination,E:\Thesis Code\processed_hsv_lab_threshold_roi_224\sample 10\fresh\20260703_080929.jpg,False,public_dataset_2,public_dataset_2,,fresh,fresh,0.9103305,0.083474375,0.006195128,fresh,0.9103305,not fresh,0.083474375,0.9938049,0.8268561,0,True,True,True,False,False,False,Likely Fresh,Good for Consumption,95.68609,Good for Consumption,0,0,True,False
20260703_105451.jpg,10,Pork Belly,fresh,04:00:00,E:\Thesis Code\processed_hsv_lab_threshold_roi_224\sample 10\fresh\20260703_105451.jpg,pork_belly_sample_10,belly,cross_rotation,all,public_dataset_2,all,all,all,file_destination,E:\Thesis Code\processed_hsv_lab_threshold_roi_224\sample 10\fresh\20260703_105451.jpg,False,public_dataset_2,public_dataset_2,,fresh,fresh,0.6066979,0.39095628,0.002345864,fresh,0.6066979,not fresh,0.39095628,0.9976542,0.21574163,0,True,True,True,False,True,False,Borderline Fresh / Early Not Fresh,Consume Immediately / Check carefully,82.19585,Good for Consumption,0,0,True,False
IMG_20260517_131933.jpg,7,Pork Loin,not fresh,08:07:32,E:\Thesis Code\processed_hsv_lab_threshold_roi_224\sample 7\not fresh\IMG_20260517_131933.jpg,pork_loin_sample_7,loin,cross_rotation,all,meatlens,all,all,all,file_destination,E:\Thesis Code\processed_hsv_lab_threshold_roi_224\sample 7\not fresh\IMG_20260517_131933.jpg,False,researcher_home,new_phone,,not fresh,not fresh,0.025763566,0.954488,0.019748388,not fresh,0.954488,fresh,0.025763566,0.98025155,0.9287244,0,True,True,True,False,False,False,Likely Not Fresh,Consume Immediately / Manual inspection recommended,55.27068,Consume Immediately,1,1,True,False
IMG20260509130149.jpg,6,Pork Ham,spoiled,20:40:24,E:\Thesis Code\processed_hsv_lab_threshold_roi_224\sample 6\spoiled\IMG20260509130149.jpg,pork_ham_sample_6,ham,cross_rotation,all,meatlens,all,all,all,file_destination,E:\Thesis Code\processed_hsv_lab_threshold_roi_224\sample 6\spoiled\IMG20260509130149.jpg,False,partner_home,new_phone,,spoiled,spoiled,2.4785428e-05,0.001982986,0.9979923,spoiled,0.9979923,not fresh,0.001982986,0.99997526,0.9960093,0,True,True,True,False,False,False,Likely Spoiled,Not Suitable,10.091466,Not Suitable,2,2,True,False
IMG20260508183305.jpg,6,Pork Ham,spoiled,14:28:57,E:\Thesis Code\processed_hsv_lab_threshold_roi_224\sample 6\spoiled\IMG20260508183305.jpg,pork_ham_sample_6,ham,cross_rotation,all,meatlens,all,all,all,file_destination,E:\Thesis Code\processed_hsv_lab_threshold_roi_224\sample 6\spoiled\IMG20260508183305.jpg,False,partner_home,new_phone,,spoiled,not fresh,0.0072460966,0.6182738,0.37448004,not fresh,0.6182738,spoiled,0.37448004,0.99275386,0.24379376,1,False,True,True,False,True,False,Borderline Spoiled / Advanced Not Fresh,Not Suitable / Manual inspection recommended,38.47447,Not Suitable,1,2,True,False
IMG_20260508_113745.jpg,5,Pork Ham,fresh,07:35:53,E:\Thesis Code\processed_hsv_lab_threshold_roi_224\sample 5\fresh\IMG_20260508_113745.jpg,pork_ham_sample_5,ham,cross_rotation,all,meatlens,all,all,all,file_destination,E:\Thesis Code\processed_hsv_lab_threshold_roi_224\sample 5\fresh\IMG_20260508_113745.jpg,False,researcher_home,new_phone,,fresh,not fresh,0.27984032,0.7153224,0.0048373784,not fresh,0.7153224,fresh,0.27984032,0.9951627,0.43548205,1,False,True,True,False,True,False,Borderline Fresh / Early Not Fresh,Consume Immediately / Check carefully,67.37514,Consume Immediately,1,0,True,False
20260425_235744.jpg,1,Pork Shoulder,spoiled,43:49:09,E:\Thesis Code\processed_hsv_lab_threshold_roi_224\sample 1\spoiled\20260425_235744.jpg,pork_shoulder_sample_1,shoulder,cross_rotation,all,meatlens,all,all,all,file_destination,E:\Thesis Code\processed_hsv_lab_threshold_roi_224\sample 1\spoiled\20260425_235744.jpg,False,researcher_home,old_phone,,spoiled,spoiled,5.75309e-08,0.00064838113,0.99935156,spoiled,0.99935156,not fresh,0.00064838113,0.99999994,0.9987032,0,True,True,True,False,False,False,Likely Spoiled,Not Suitable,10.029182,Not Suitable,2,2,True,False
IMG_20260509_005125.jpg,5,Pork Ham,spoiled,18:21:06,E:\Thesis Code\processed_hsv_lab_threshold_roi_224\sample 5\spoiled\IMG_20260509_005125.jpg,pork_ham_sample_5,ham,cross_rotation,all,meatlens,all,all,all,file_destination,E:\Thesis Code\processed_hsv_lab_threshold_roi_224\sample 5\spoiled\IMG_20260509_005125.jpg,False,researcher_home,new_phone,,spoiled,spoiled,0.00085511024,0.1764772,0.8226677,spoiled,0.8226677,not fresh,0.1764772,0.9991449,0.6461905,0,True,True,True,False,True,False,Borderline Spoiled / Advanced Not Fresh,Not Suitable / Manual inspection recommended,18.018435,Not Suitable,2,2,True,False
20260429_150608.jpg,4,Pork Belly,not fresh,07:23:13,E:\Thesis Code\processed_hsv_lab_threshold_roi_224\sample 4\not fresh\20260429_150608.jpg,pork_belly_sample_4,belly,cross_rotation,all,meatlens,all,all,all,file_destination,E:\Thesis Code\processed_hsv_lab_threshold_roi_224\sample 4\not fresh\20260429_150608.jpg,False,partner_home,old_phone,,not fresh,not fresh,0.0033476562,0.98682815,0.009824104,not fresh,0.98682815,spoiled,0.009824104,0.99665225,0.97700405,0,True,True,True,False,False,False,Likely Not Fresh,Consume Immediately / Manual inspection recommended,54.708553,Consume Immediately,1,1,True,False
20260424_101845.jpg,2,Pork Shoulder,spoiled,23:40:42,E:\Thesis Code\processed_hsv_lab_threshold_roi_224\sample 2\spoiled\20260424_101845.jpg,pork_shoulder_sample_2,shoulder,cross_rotation,all,meatlens,all,all,all,file_destination,E:\Thesis Code\processed_hsv_lab_threshold_roi_224\sample 2\spoiled\20260424_101845.jpg,False,partner_home,old_phone,,spoiled,spoiled,0.0010868141,0.0020039137,0.9969093,spoiled,0.9969093,not fresh,0.0020039137,0.9989132,0.9949054,0,True,True,True,False,False,False,Likely Spoiled,Not Suitable,10.18799,Not Suitable,2,2,True,False
IMG_20260508_044435.jpg,5,Pork Ham,fresh,00:28:57,E:\Thesis Code\processed_hsv_lab_threshold_roi_224\sample 5\fresh\IMG_20260508_044435.jpg,pork_ham_sample_5,ham,cross_rotation,all,meatlens,all,all,all,file_destination,E:\Thesis Code\processed_hsv_lab_threshold_roi_224\sample 5\fresh\IMG_20260508_044435.jpg,False,researcher_home,new_phone,,fresh,fresh,0.9961875,0.003233539,0.0005788963,fresh,0.9961875,not fresh,0.003233539,0.99942106,0.99295396,0,True,True,True,False,False,False,Likely Fresh,Good for Consumption,99.80238,Good for Consumption,0,0,True,False
20260430_034432.jpg,3,Pork Belly,spoiled,21:07:32,E:\Thesis Code\processed_hsv_lab_threshold_roi_224\sample 3\spoiled\20260430_034432.jpg,pork_belly_sample_3,belly,cross_rotation,all,meatlens,all,all,all,file_destination,E:\Thesis Code\processed_hsv_lab_threshold_roi_224\sample 3\spoiled\20260430_034432.jpg,False,researcher_home,old_phone,,spoiled,spoiled,0.00059925765,0.009588299,0.98981243,spoiled,0.98981243,not fresh,0.009588299,0.99940073,0.98022413,0,True,True,True,False,False,False,Likely Spoiled,Not Suitable,10.485407,Not Suitable,2,2,True,False
20260516_092413.jpg,8,Pork Loin,fresh,05:01:49,E:\Thesis Code\processed_hsv_lab_threshold_roi_224\sample 8\fresh\20260516_092413.jpg,pork_loin_sample_8,loin,cross_rotation,all,meatlens,all,all,all,file_destination,E:\Thesis Code\processed_hsv_lab_threshold_roi_224\sample 8\fresh\20260516_092413.jpg,False,partner_home,new_phone,,fresh,fresh,0.97252953,0.026779644,0.0006908078,fresh,0.97252953,not fresh,0.026779644,0.9993092,0.9457499,0,True,True,True,False,False,False,Likely Fresh,Good for Consumption,98.73274,Good for Consumption,0,0,True,False
20260703_120153.jpg,10,Pork Belly,not fresh,12:00:00,E:\Thesis Code\processed_hsv_lab_threshold_roi_224\sample 10\not fresh\20260703_120153.jpg,pork_belly_sample_10,belly,cross_rotation,all,public_dataset_2,all,all,all,file_destination,E:\Thesis Code\processed_hsv_lab_threshold_roi_224\sample 10\not fresh\20260703_120153.jpg,False,public_dataset_2,public_dataset_2,,not fresh,fresh,0.5852795,0.40734592,0.0073745903,fresh,0.5852795,not fresh,0.40734592,0.9926255,0.1779336,1,False,True,True,False,True,True,Borderline Fresh / Early Not Fresh,Consume Immediately / Check carefully,81.00572,Good for Consumption,0,1,True,False
IMG20260509084702.jpg,6,Pork Ham,spoiled,27:59:24,E:\Thesis Code\processed_hsv_lab_threshold_roi_224\sample 6\spoiled\IMG20260509084702.jpg,pork_ham_sample_6,ham,cross_rotation,all,meatlens,all,all,all,file_destination,E:\Thesis Code\processed_hsv_lab_threshold_roi_224\sample 6\spoiled\IMG20260509084702.jpg,False,partner_home,new_phone,,spoiled,spoiled,3.6453694e-05,0.0045316275,0.99543184,spoiled,0.99543184,not fresh,0.0045316275,0.99996346,0.9909002,0,True,True,True,False,False,False,Likely Spoiled,Not Suitable,10.207203,Not Suitable,2,2,True,False
20260424_092841.jpg,1,Pork Shoulder,fresh,04:08:27,E:\Thesis Code\processed_hsv_lab_threshold_roi_224\sample 1\fresh\20260424_092841.jpg,pork_shoulder_sample_1,shoulder,cross_rotation,all,meatlens,all,all,all,file_destination,E:\Thesis Code\processed_hsv_lab_threshold_roi_224\sample 1\fresh\20260424_092841.jpg,False,researcher_home,old_phone,,fresh,fresh,0.98361593,0.014149152,0.002234885,fresh,0.98361593,not fresh,0.014149152,0.99776506,0.9694668,0,True,True,True,False,False,False,Likely Fresh,Good for Consumption,99.16215,Good for Consumption,0,0,True,False
IMG_20260508_091743.jpg,5,Pork Ham,fresh,05:11:09,E:\Thesis Code\processed_hsv_lab_threshold_roi_224\sample 5\fresh\IMG_20260508_091743.jpg,pork_ham_sample_5,ham,cross_rotation,all,meatlens,all,all,all,file_destination,E:\Thesis Code\processed_hsv_lab_threshold_roi_224\sample 5\fresh\IMG_20260508_091743.jpg,False,researcher_home,new_phone,,fresh,fresh,0.9910092,0.00865662,0.00033423534,fresh,0.9910092,not fresh,0.00865662,0.9996658,0.98235255,0,True,True,True,False,False,False,Likely Fresh,Good for Consumption,99.580376,Good for Consumption,0,0,True,False
20260624_124950.jpg,9,Pork Hind Leg,not fresh,12:00:00,E:\Thesis Code\processed_hsv_lab_threshold_roi_224\sample 9\not fresh\20260624_124950.jpg,pork_hind_leg_sample_9,hind_leg,cross_rotation,all,public_dataset_2,all,all,all,file_destination,E:\Thesis Code\processed_hsv_lab_threshold_roi_224\sample 9\not fresh\20260624_124950.jpg,False,public_dataset_2,public_dataset_2,,not fresh,not fresh,0.23459563,0.5792316,0.18617272,not fresh,0.5792316,fresh,0.23459563,0.8138273,0.344636,0,True,True,True,False,True,True,Borderline Fresh / Early Not Fresh,Consume Immediately / Check carefully,57.179028,Consume Immediately,1,1,True,False
20260516_174653.jpg,8,Pork Loin,not fresh,13:45:14,E:\Thesis Code\processed_hsv_lab_threshold_roi_224\sample 8\not fresh\20260516_174653.jpg,pork_loin_sample_8,loin,cross_rotation,all,meatlens,all,all,all,file_destination,E:\Thesis Code\processed_hsv_lab_threshold_roi_224\sample 8\not fresh\20260516_174653.jpg,False,partner_home,new_phone,,not fresh,not fresh,0.0043646605,0.5494858,0.44614956,not fresh,0.5494858,spoiled,0.44614956,0.9956354,0.103336245,0,True,True,True,False,True,True,Borderline Spoiled / Advanced Not Fresh,Not Suitable / Manual inspection recommended,35.119682,Not Suitable,1,1,True,False
IMG_20260517_100816.jpg,7,Pork Loin,fresh,01:34:56,E:\Thesis Code\processed_hsv_lab_threshold_roi_224\sample 7\fresh\IMG_20260517_100816.jpg,pork_loin_sample_7,loin,cross_rotation,all,meatlens,all,all,all,file_destination,E:\Thesis Code\processed_hsv_lab_threshold_roi_224\sample 7\fresh\IMG_20260517_100816.jpg,False,researcher_home,new_phone,,fresh,fresh,0.986842,0.012289157,0.0008688621,fresh,0.986842,not fresh,0.012289157,0.99913114,0.9745528,0,True,True,True,False,False,False,Likely Fresh,Good for Consumption,99.36879,Good for Consumption,0,0,True,False
08-11-2022 15-59-57_jpg.rf.6U1ArHu1ecjzAbo7cCo2.jpg,11,Various Pork Meat,fresh,,E:\Thesis Code\processed_hsv_lab_threshold_roi_224\sample 11\fresh\08-11-2022 15-59-57_jpg.rf.6U1ArHu1ecjzAbo7cCo2.jpg,various_pork_meat_sample_11,various,cross_rotation,all,public_dataset_2,all,all,all,file_destination,E:\Thesis Code\processed_hsv_lab_threshold_roi_224\sample 11\fresh\08-11-2022 15-59-57_jpg.rf.6U1ArHu1ecjzAbo7cCo2.jpg,False,public_dataset_2,public_dataset_2,,fresh,fresh,0.96132344,0.038370214,0.0003064146,fresh,0.96132344,not fresh,0.038370214,0.99969363,0.92295325,0,True,True,True,False,False,False,Likely Fresh,Good for Consumption,98.24577,Good for Consumption,0,0,True,False
20260430_113339.jpg,3,Pork Belly,spoiled,26:21:06,E:\Thesis Code\processed_hsv_lab_threshold_roi_224\sample 3\spoiled\20260430_113339.jpg,pork_belly_sample_3,belly,cross_rotation,all,meatlens,all,all,all,file_destination,E:\Thesis Code\processed_hsv_lab_threshold_roi_224\sample 3\spoiled\20260430_113339.jpg,False,researcher_home,old_phone,,spoiled,spoiled,0.00021041423,0.0006681323,0.9991215,spoiled,0.9991215,not fresh,0.0006681323,0.9997896,0.9984534,0,True,True,True,False,False,False,Likely Spoiled,Not Suitable,10.049004,Not Suitable,2,2,True,False
FRESH-99-_JPG.rf.3af814a06d45875dedc1f73fffbdd69d.jpg,12,Various Pork Meat,fresh,,E:\Thesis Code\processed_hsv_lab_threshold_roi_224\sample 12\fresh\FRESH-99-_JPG.rf.3af814a06d45875dedc1f73fffbdd69d.jpg,various_pork_meat_sample_12,various,cross_rotation,all,public_dataset_2,all,all,all,file_destination,E:\Thesis Code\processed_hsv_lab_threshold_roi_224\sample 12\fresh\FRESH-99-_JPG.rf.3af814a06d45875dedc1f73fffbdd69d.jpg,False,public_dataset_2,public_dataset_2,,fresh,fresh,0.939197,0.060035907,0.00076709094,fresh,0.939197,not fresh,0.060035907,0.9992329,0.8791611,0,True,True,True,False,False,False,Likely Fresh,Good for Consumption,97.22935,Good for Consumption,0,0,True,False
IMG20260508151352.jpg,6,Pork Ham,not fresh,11:13:16,E:\Thesis Code\processed_hsv_lab_threshold_roi_224\sample 6\not fresh\IMG20260508151352.jpg,pork_ham_sample_6,ham,cross_rotation,all,meatlens,all,all,all,file_destination,E:\Thesis Code\processed_hsv_lab_threshold_roi_224\sample 6\not fresh\IMG20260508151352.jpg,False,partner_home,new_phone,,not fresh,not fresh,0.004081318,0.94493705,0.050981514,not fresh,0.94493705,spoiled,0.050981514,0.9959186,0.8939555,0,True,True,True,False,False,False,Likely Not Fresh,Consume Immediately / Manual inspection recommended,52.889484,Consume Immediately,1,1,True,False
20260703_102809.jpg,10,Pork Belly,fresh,04:00:00,E:\Thesis Code\processed_hsv_lab_threshold_roi_224\sample 10\fresh\20260703_102809.jpg,pork_belly_sample_10,belly,cross_rotation,all,public_dataset_2,all,all,all,file_destination,E:\Thesis Code\processed_hsv_lab_threshold_roi_224\sample 10\fresh\20260703_102809.jpg,False,public_dataset_2,public_dataset_2,,fresh,fresh,0.84394443,0.15470253,0.0013530732,fresh,0.84394443,not fresh,0.15470253,0.998647,0.6892419,0,True,True,True,False,True,False,Borderline Fresh / Early Not Fresh,Consume Immediately / Check carefully,92.91661,Good for Consumption,0,0,True,False
IMG20260509135652.jpg,6,Pork Ham,spoiled,21:28:39,E:\Thesis Code\processed_hsv_lab_threshold_roi_224\sample 6\spoiled\IMG20260509135652.jpg,pork_ham_sample_6,ham,cross_rotation,all,meatlens,all,all,all,file_destination,E:\Thesis Code\processed_hsv_lab_threshold_roi_224\sample 6\spoiled\IMG20260509135652.jpg,False,partner_home,new_phone,,spoiled,spoiled,7.6078086e-06,0.0024959957,0.9974964,spoiled,0.9974964,not fresh,0.0024959957,0.99999243,0.9950004,0,True,True,True,False,False,False,Likely Spoiled,Not Suitable,10.113005,Not Suitable,2,2,True,False
20260429_135821.jpg,3,Pork Belly,not fresh,09:53:22,E:\Thesis Code\processed_hsv_lab_threshold_roi_224\sample 3\not fresh\20260429_135821.jpg,pork_belly_sample_3,belly,cross_rotation,all,meatlens,all,all,all,file_destination,E:\Thesis Code\processed_hsv_lab_threshold_roi_224\sample 3\not fresh\20260429_135821.jpg,False,researcher_home,old_phone,,not fresh,not fresh,0.019440075,0.9672382,0.013321765,not fresh,0.9672382,fresh,0.019440075,0.98667824,0.94779813,0,True,True,True,False,False,False,Likely Not Fresh,Consume Immediately / Manual inspection recommended,55.275326,Consume Immediately,1,1,True,False
20260424_173957.jpg,1,Pork Shoulder,not fresh,13:37:41,E:\Thesis Code\processed_hsv_lab_threshold_roi_224\sample 1\not fresh\20260424_173957.jpg,pork_shoulder_sample_1,shoulder,cross_rotation,all,meatlens,all,all,all,file_destination,E:\Thesis Code\processed_hsv_lab_threshold_roi_224\sample 1\not fresh\20260424_173957.jpg,False,researcher_home,old_phone,,not fresh,not fresh,0.010452851,0.9808781,0.008669069,not fresh,0.9808781,fresh,0.010452851,0.991331,0.97042525,0,True,True,True,False,False,False,Likely Not Fresh,Consume Immediately / Manual inspection recommended,55.080273,Consume Immediately,1,1,True,False
20260430_145028.jpg,4,Pork Belly,spoiled,28:24:07,E:\Thesis Code\processed_hsv_lab_threshold_roi_224\sample 4\spoiled\20260430_145028.jpg,pork_belly_sample_4,belly,cross_rotation,all,meatlens,all,all,all,file_destination,E:\Thesis Code\processed_hsv_lab_threshold_roi_224\sample 4\spoiled\20260430_145028.jpg,False,partner_home,old_phone,,spoiled,spoiled,0.00012782427,0.003910577,0.99596155,spoiled,0.99596155,not fresh,0.003910577,0.99987215,0.99205095,0,True,True,True,False,False,False,Likely Spoiled,Not Suitable,10.18748,Not Suitable,2,2,True,False
20260429_115947.jpg,3,Pork Belly,fresh,03:08:43,E:\Thesis Code\processed_hsv_lab_threshold_roi_224\sample 3\fresh\20260429_115947.jpg,pork_belly_sample_3,belly,cross_rotation,all,meatlens,all,all,all,file_destination,E:\Thesis Code\processed_hsv_lab_threshold_roi_224\sample 3\fresh\20260429_115947.jpg,False,researcher_home,old_phone,,fresh,fresh,0.66808593,0.31040308,0.021510992,fresh,0.66808593,not fresh,0.31040308,0.97848904,0.35768285,0,True,True,True,False,True,False,Borderline Fresh / Early Not Fresh,Consume Immediately / Check carefully,84.09587,Good for Consumption,0,0,True,False
20260703_072219.jpg,10,Pork Belly,fresh,04:00:00,E:\Thesis Code\processed_hsv_lab_threshold_roi_224\sample 10\fresh\20260703_072219.jpg,pork_belly_sample_10,belly,cross_rotation,all,public_dataset_2,all,all,all,file_destination,E:\Thesis Code\processed_hsv_lab_threshold_roi_224\sample 10\fresh\20260703_072219.jpg,False,public_dataset_2,public_dataset_2,,fresh,fresh,0.9511755,0.04658977,0.00223472,fresh,0.9511755,not fresh,0.04658977,0.9977653,0.9045857,0,True,True,True,False,False,False,Likely Fresh,Good for Consumption,97.70234,Good for Consumption,0,0,True,False
FRESH-559-_JPG.rf.779bed2e73908f371a4e8867837d6652.jpg,12,Various Pork Meat,fresh,,E:\Thesis Code\processed_hsv_lab_threshold_roi_224\sample 12\fresh\FRESH-559-_JPG.rf.779bed2e73908f371a4e8867837d6652.jpg,various_pork_meat_sample_12,various,cross_rotation,all,public_dataset_2,all,all,all,file_destination,E:\Thesis Code\processed_hsv_lab_threshold_roi_224\sample 12\fresh\FRESH-559-_JPG.rf.779bed2e73908f371a4e8867837d6652.jpg,False,public_dataset_2,public_dataset_2,,fresh,fresh,0.953384,0.044323657,0.002292357,fresh,0.953384,not fresh,0.044323657,0.99770766,0.9090603,0,True,True,True,False,False,False,Likely Fresh,Good for Consumption,97.799126,Good for Consumption,0,0,True,False
IMG_20260508_060839.jpg,5,Pork Ham,fresh,01:55:47,E:\Thesis Code\processed_hsv_lab_threshold_roi_224\sample 5\fresh\IMG_20260508_060839.jpg,pork_ham_sample_5,ham,cross_rotation,all,meatlens,all,all,all,file_destination,E:\Thesis Code\processed_hsv_lab_threshold_roi_224\sample 5\fresh\IMG_20260508_060839.jpg,False,researcher_home,new_phone,,fresh,fresh,0.9976409,0.0023067936,5.2243802e-05,fresh,0.9976409,not fresh,0.0023067936,0.9999477,0.9953341,0,True,True,True,False,False,False,Likely Fresh,Good for Consumption,99.89149,Good for Consumption,0,0,True,False
20260516_150534.jpg,8,Pork Loin,not fresh,11:11:09,E:\Thesis Code\processed_hsv_lab_threshold_roi_224\sample 8\not fresh\20260516_150534.jpg,pork_loin_sample_8,loin,cross_rotation,all,meatlens,all,all,all,file_destination,E:\Thesis Code\processed_hsv_lab_threshold_roi_224\sample 8\not fresh\20260516_150534.jpg,False,partner_home,new_phone,,not fresh,not fresh,0.009492229,0.9184886,0.07201916,not fresh,0.9184886,spoiled,0.07201916,0.9905078,0.84646946,0,True,True,True,False,False,False,Likely Not Fresh,Consume Immediately / Manual inspection recommended,52.186287,Consume Immediately,1,1,True,False
20260429_201327.jpg,3,Pork Belly,spoiled,16:06:02,E:\Thesis Code\processed_hsv_lab_threshold_roi_224\sample 3\spoiled\20260429_201327.jpg,pork_belly_sample_3,belly,cross_rotation,all,meatlens,all,all,all,file_destination,E:\Thesis Code\processed_hsv_lab_threshold_roi_224\sample 3\spoiled\20260429_201327.jpg,False,researcher_home,old_phone,,spoiled,not fresh,0.001636497,0.68699867,0.31136492,not fresh,0.68699867,spoiled,0.31136492,0.9983636,0.37563375,1,False,True,True,False,True,False,Borderline Spoiled / Advanced Not Fresh,Not Suitable / Manual inspection recommended,41.062225,Consume Immediately,1,2,True,False
20260516_211456.jpg,8,Pork Loin,spoiled,17:55:11,E:\Thesis Code\processed_hsv_lab_threshold_roi_224\sample 8\spoiled\20260516_211456.jpg,pork_loin_sample_8,loin,cross_rotation,all,meatlens,all,all,all,file_destination,E:\Thesis Code\processed_hsv_lab_threshold_roi_224\sample 8\spoiled\20260516_211456.jpg,False,partner_home,new_phone,,spoiled,spoiled,0.009327358,0.37946087,0.6112118,spoiled,0.6112118,not fresh,0.37946087,0.99067265,0.2317509,0,True,True,True,False,True,False,Borderline Spoiled / Advanced Not Fresh,Not Suitable / Manual inspection recommended,27.915201,Not Suitable,2,2,True,False
20260516_163241.jpg,8,Pork Loin,not fresh,12:16:35,E:\Thesis Code\processed_hsv_lab_threshold_roi_224\sample 8\not fresh\20260516_163241.jpg,pork_loin_sample_8,loin,cross_rotation,all,meatlens,all,all,all,file_destination,E:\Thesis Code\processed_hsv_lab_threshold_roi_224\sample 8\not fresh\20260516_163241.jpg,False,partner_home,new_phone,,not fresh,not fresh,0.013405013,0.8233659,0.16322903,not fresh,0.8233659,spoiled,0.16322903,0.986595,0.6601369,0,True,True,True,False,True,False,Borderline Spoiled / Advanced Not Fresh,Not Suitable / Manual inspection recommended,48.25792,Consume Immediately,1,1,True,False
20260429_170828.jpg,4,Pork Belly,not fresh,10:38:36,E:\Thesis Code\processed_hsv_lab_threshold_roi_224\sample 4\not fresh\20260429_170828.jpg,pork_belly_sample_4,belly,cross_rotation,all,meatlens,all,all,all,file_destination,E:\Thesis Code\processed_hsv_lab_threshold_roi_224\sample 4\not fresh\20260429_170828.jpg,False,partner_home,old_phone,,not fresh,not fresh,0.011860079,0.8658917,0.12224833,not fresh,0.8658917,spoiled,0.12224833,0.98814005,0.74364334,0,True,True,True,False,True,False,Borderline Spoiled / Advanced Not Fresh,Not Suitable / Manual inspection recommended,50.032536,Consume Immediately,1,1,True,False
20260624_110202.jpg,9,Pork Hind Leg,not fresh,12:00:00,E:\Thesis Code\processed_hsv_lab_threshold_roi_224\sample 9\not fresh\20260624_110202.jpg,pork_hind_leg_sample_9,hind_leg,cross_rotation,all,public_dataset_2,all,all,all,file_destination,E:\Thesis Code\processed_hsv_lab_threshold_roi_224\sample 9\not fresh\20260624_110202.jpg,False,public_dataset_2,public_dataset_2,,not fresh,fresh,0.56204325,0.3701739,0.06778279,fresh,0.56204325,not fresh,0.3701739,0.9322171,0.19186935,1,False,True,True,False,True,True,Borderline Fresh / Early Not Fresh,Consume Immediately / Check carefully,77.241714,Good for Consumption,0,1,True,False
IMG_20260508_175323.jpg,5,Pork Ham,not fresh,13:42:31,E:\Thesis Code\processed_hsv_lab_threshold_roi_224\sample 5\not fresh\IMG_20260508_175323.jpg,pork_ham_sample_5,ham,cross_rotation,all,meatlens,all,all,all,file_destination,E:\Thesis Code\processed_hsv_lab_threshold_roi_224\sample 5\not fresh\IMG_20260508_175323.jpg,False,researcher_home,new_phone,,not fresh,not fresh,0.0059092497,0.8499551,0.14413571,not fresh,0.8499551,spoiled,0.14413571,0.9940908,0.70581937,0,True,True,True,False,True,False,Borderline Spoiled / Advanced Not Fresh,Not Suitable / Manual inspection recommended,48.77981,Consume Immediately,1,1,True,False
SPOILED-111-_JPG.rf.5238ce07a45a93e8cc632f6dbf7c80c3.jpg,12,Various Pork Meat,spoiled,,E:\Thesis Code\processed_hsv_lab_threshold_roi_224\sample 12\spoiled\SPOILED-111-_JPG.rf.5238ce07a45a93e8cc632f6dbf7c80c3.jpg,various_pork_meat_sample_12,various,cross_rotation,all,public_dataset_2,all,all,all,file_destination,E:\Thesis Code\processed_hsv_lab_threshold_roi_224\sample 12\spoiled\SPOILED-111-_JPG.rf.5238ce07a45a93e8cc632f6dbf7c80c3.jpg,False,public_dataset_2,public_dataset_2,,spoiled,spoiled,0.0002325591,0.048888166,0.9508792,spoiled,0.9508792,not fresh,0.048888166,0.99976736,0.90199107,0,True,True,True,False,False,False,Likely Spoiled,Not Suitable,12.220897,Not Suitable,2,2,True,False
20260424_132346.jpg,1,Pork Shoulder,not fresh,09:22:01,E:\Thesis Code\processed_hsv_lab_threshold_roi_224\sample 1\not fresh\20260424_132346.jpg,pork_shoulder_sample_1,shoulder,cross_rotation,all,meatlens,all,all,all,file_destination,E:\Thesis Code\processed_hsv_lab_threshold_roi_224\sample 1\not fresh\20260424_132346.jpg,False,researcher_home,old_phone,,not fresh,not fresh,0.017189508,0.97854793,0.004262538,not fresh,0.97854793,fresh,0.017189508,0.99573743,0.9613584,0,True,True,True,False,False,False,Likely Not Fresh,Consume Immediately / Manual inspection recommended,55.58171,Consume Immediately,1,1,True,False
HALF-FRESH-85-_JPG.rf.47062c0607dc05e07053fbdd5ac2486e.jpg,12,Various Pork Meat,not fresh,,E:\Thesis Code\processed_hsv_lab_threshold_roi_224\sample 12\not fresh\HALF-FRESH-85-_JPG.rf.47062c0607dc05e07053fbdd5ac2486e.jpg,various_pork_meat_sample_12,various,cross_rotation,all,public_dataset_2,all,all,all,file_destination,E:\Thesis Code\processed_hsv_lab_threshold_roi_224\sample 12\not fresh\HALF-FRESH-85-_JPG.rf.47062c0607dc05e07053fbdd5ac2486e.jpg,False,public_dataset_2,public_dataset_2,,not fresh,not fresh,0.15705994,0.42635447,0.41658553,not fresh,0.42635447,spoiled,0.41658553,0.84294,0.009768933,0,True,True,True,False,True,True,Borderline Spoiled / Advanced Not Fresh,Not Suitable / Manual inspection recommended,43.321346,Consume Immediately,1,1,True,False
20260424_212700.jpg,1,Pork Shoulder,spoiled,17:26:50,E:\Thesis Code\processed_hsv_lab_threshold_roi_224\sample 1\spoiled\20260424_212700.jpg,pork_shoulder_sample_1,shoulder,cross_rotation,all,meatlens,all,all,all,file_destination,E:\Thesis Code\processed_hsv_lab_threshold_roi_224\sample 1\spoiled\20260424_212700.jpg,False,researcher_home,old_phone,,spoiled,spoiled,6.83246e-05,0.18801905,0.8119126,spoiled,0.8119126,not fresh,0.18801905,0.99993163,0.62389356,0,True,True,True,False,True,False,Borderline Spoiled / Advanced Not Fresh,Not Suitable / Manual inspection recommended,18.467007,Not Suitable,2,2,True,False
08-11-2022 09-42-23_jpg.rf.XNSIivNhvynvNVNta0qK.jpg,11,Various Pork Meat,fresh,,E:\Thesis Code\processed_hsv_lab_threshold_roi_224\sample 11\fresh\08-11-2022 09-42-23_jpg.rf.XNSIivNhvynvNVNta0qK.jpg,various_pork_meat_sample_11,various,cross_rotation,all,public_dataset_2,all,all,all,file_destination,E:\Thesis Code\processed_hsv_lab_threshold_roi_224\sample 11\fresh\08-11-2022 09-42-23_jpg.rf.XNSIivNhvynvNVNta0qK.jpg,False,public_dataset_2,public_dataset_2,,fresh,fresh,0.84869695,0.14742582,0.0038772349,fresh,0.84869695,not fresh,0.14742582,0.9961228,0.7012711,0,True,True,True,False,True,False,Borderline Fresh / Early Not Fresh,Consume Immediately / Check carefully,93.016884,Good for Consumption,0,0,True,False
IMG20260508165629.jpg,6,Pork Ham,not fresh,12:56:41,E:\Thesis Code\processed_hsv_lab_threshold_roi_224\sample 6\not fresh\IMG20260508165629.jpg,pork_ham_sample_6,ham,cross_rotation,all,meatlens,all,all,all,file_destination,E:\Thesis Code\processed_hsv_lab_threshold_roi_224\sample 6\not fresh\IMG20260508165629.jpg,False,partner_home,new_phone,,not fresh,not fresh,0.015932322,0.88148904,0.10257873,not fresh,0.88148904,spoiled,0.10257873,0.9840678,0.7789103,0,True,True,True,False,True,False,Borderline Spoiled / Advanced Not Fresh,Not Suitable / Manual inspection recommended,51.100918,Consume Immediately,1,1,True,False
20260517_101743.jpg,8,Pork Loin,spoiled,27:27:26,E:\Thesis Code\processed_hsv_lab_threshold_roi_224\sample 8\spoiled\20260517_101743.jpg,pork_loin_sample_8,loin,cross_rotation,all,meatlens,all,all,all,file_destination,E:\Thesis Code\processed_hsv_lab_threshold_roi_224\sample 8\spoiled\20260517_101743.jpg,False,partner_home,new_phone,,spoiled,spoiled,2.8556618e-05,0.011908391,0.98806304,spoiled,0.98806304,not fresh,0.011908391,0.99997145,0.9761546,0,True,True,True,False,False,False,Likely Spoiled,Not Suitable,10.538447,Not Suitable,2,2,True,False
20260430_172653.jpg,3,Pork Belly,spoiled,29:40:06,E:\Thesis Code\processed_hsv_lab_threshold_roi_224\sample 3\spoiled\20260430_172653.jpg,pork_belly_sample_3,belly,cross_rotation,all,meatlens,all,all,all,file_destination,E:\Thesis Code\processed_hsv_lab_threshold_roi_224\sample 3\spoiled\20260430_172653.jpg,False,researcher_home,old_phone,,spoiled,spoiled,0.00020141593,0.0016371944,0.9981614,spoiled,0.9981614,not fresh,0.0016371944,0.9997986,0.99652416,0,True,True,True,False,False,False,Likely Spoiled,Not Suitable,10.091801,Not Suitable,2,2,True,False
20260703_093823.jpg,10,Pork Belly,fresh,04:00:00,E:\Thesis Code\processed_hsv_lab_threshold_roi_224\sample 10\fresh\20260703_093823.jpg,pork_belly_sample_10,belly,cross_rotation,all,public_dataset_2,all,all,all,file_destination,E:\Thesis Code\processed_hsv_lab_threshold_roi_224\sample 10\fresh\20260703_093823.jpg,False,public_dataset_2,public_dataset_2,,fresh,fresh,0.78684634,0.21014483,0.0030088706,fresh,0.78684634,not fresh,0.21014483,0.99699116,0.5767015,0,True,True,True,False,True,False,Borderline Fresh / Early Not Fresh,Consume Immediately / Check carefully,90.27269,Good for Consumption,0,0,True,False
20260429_071318.jpg,4,Pork Belly,fresh,01:48:43,E:\Thesis Code\processed_hsv_lab_threshold_roi_224\sample 4\fresh\20260429_071318.jpg,pork_belly_sample_4,belly,cross_rotation,all,meatlens,all,all,all,file_destination,E:\Thesis Code\processed_hsv_lab_threshold_roi_224\sample 4\fresh\20260429_071318.jpg,False,partner_home,old_phone,,fresh,fresh,0.9986584,0.00095238717,0.00038911583,fresh,0.9986584,not fresh,0.00095238717,0.9996108,0.99770606,0,True,True,True,False,False,False,Likely Fresh,Good for Consumption,99.92211,Good for Consumption,0,0,True,False
IMG_20260509_173729.jpg,5,Pork Ham,spoiled,26:47:38,E:\Thesis Code\processed_hsv_lab_threshold_roi_224\sample 5\spoiled\IMG_20260509_173729.jpg,pork_ham_sample_5,ham,cross_rotation,all,meatlens,all,all,all,file_destination,E:\Thesis Code\processed_hsv_lab_threshold_roi_224\sample 5\spoiled\IMG_20260509_173729.jpg,False,researcher_home,new_phone,,spoiled,spoiled,0.00063834875,0.013340615,0.986021,spoiled,0.986021,not fresh,0.013340615,0.9993616,0.9726804,0,True,True,True,False,False,False,Likely Spoiled,Not Suitable,10.657779,Not Suitable,2,2,True,False
20260424_191758.jpg,1,Pork Shoulder,not fresh,15:16:35,E:\Thesis Code\processed_hsv_lab_threshold_roi_224\sample 1\not fresh\20260424_191758.jpg,pork_shoulder_sample_1,shoulder,cross_rotation,all,meatlens,all,all,all,file_destination,E:\Thesis Code\processed_hsv_lab_threshold_roi_224\sample 1\not fresh\20260424_191758.jpg,False,researcher_home,old_phone,,not fresh,not fresh,0.0027461404,0.93791187,0.059341967,not fresh,0.93791187,spoiled,0.059341967,0.99725384,0.8785699,0,True,True,True,False,False,False,Likely Not Fresh,Consume Immediately / Manual inspection recommended,52.453186,Consume Immediately,1,1,True,False
20260516_090209.jpg,8,Pork Loin,fresh,04:25:56,E:\Thesis Code\processed_hsv_lab_threshold_roi_224\sample 8\fresh\20260516_090209.jpg,pork_loin_sample_8,loin,cross_rotation,all,meatlens,all,all,all,file_destination,E:\Thesis Code\processed_hsv_lab_threshold_roi_224\sample 8\fresh\20260516_090209.jpg,False,partner_home,new_phone,,fresh,fresh,0.98832184,0.011422836,0.00025526123,fresh,0.98832184,not fresh,0.011422836,0.99974465,0.976899,0,True,True,True,False,False,False,Likely Fresh,Good for Consumption,99.46299,Good for Consumption,0,0,True,False
IMG20260423063227.jpg,2,Pork Shoulder,fresh,00:16:17,E:\Thesis Code\processed_hsv_lab_threshold_roi_224\sample 2\fresh\IMG20260423063227.jpg,pork_shoulder_sample_2,shoulder,cross_rotation,all,meatlens,all,all,all,file_destination,E:\Thesis Code\processed_hsv_lab_threshold_roi_224\sample 2\fresh\IMG20260423063227.jpg,False,partner_home,old_phone,,fresh,fresh,0.9976915,0.0014234328,0.000885089,fresh,0.9976915,not fresh,0.0014234328,0.99911493,0.9962681,0,True,True,True,False,False,False,Likely Fresh,Good for Consumption,99.85629,Good for Consumption,0,0,True,False
IMG20260508080226.jpg,6,Pork Ham,fresh,02:29:51,E:\Thesis Code\processed_hsv_lab_threshold_roi_224\sample 6\fresh\IMG20260508080226.jpg,pork_ham_sample_6,ham,cross_rotation,all,meatlens,all,all,all,file_destination,E:\Thesis Code\processed_hsv_lab_threshold_roi_224\sample 6\fresh\IMG20260508080226.jpg,False,partner_home,new_phone,,fresh,fresh,0.9955272,0.003576424,0.0008963204,fresh,0.9955272,not fresh,0.003576424,0.9991036,0.9919508,0,True,True,True,False,False,False,Likely Fresh,Good for Consumption,99.758385,Good for Consumption,0,0,True,False
20260429_160317.jpg,4,Pork Belly,not fresh,08:53:40,E:\Thesis Code\processed_hsv_lab_threshold_roi_224\sample 4\not fresh\20260429_160317.jpg,pork_belly_sample_4,belly,cross_rotation,all,meatlens,all,all,all,file_destination,E:\Thesis Code\processed_hsv_lab_threshold_roi_224\sample 4\not fresh\20260429_160317.jpg,False,partner_home,old_phone,,not fresh,not fresh,0.0008611439,0.98610497,0.01303379,not fresh,0.98610497,spoiled,0.01303379,0.9991388,0.97307116,0,True,True,True,False,False,False,Likely Not Fresh,Consume Immediately / Manual inspection recommended,54.452225,Consume Immediately,1,1,True,False
IMG_20260517_141233.jpg,7,Pork Loin,not fresh,08:53:58,E:\Thesis Code\processed_hsv_lab_threshold_roi_224\sample 7\not fresh\IMG_20260517_141233.jpg,pork_loin_sample_7,loin,cross_rotation,all,meatlens,all,all,all,file_destination,E:\Thesis Code\processed_hsv_lab_threshold_roi_224\sample 7\not fresh\IMG_20260517_141233.jpg,False,researcher_home,new_phone,,not fresh,not fresh,0.014817729,0.96204025,0.023142004,not fresh,0.96204025,spoiled,0.023142004,0.9851822,0.93889827,0,True,True,True,False,False,False,Likely Not Fresh,Consume Immediately / Manual inspection recommended,54.62541,Consume Immediately,1,1,True,False
20260517_063037.jpg,8,Pork Loin,spoiled,22:53:04,E:\Thesis Code\processed_hsv_lab_threshold_roi_224\sample 8\spoiled\20260517_063037.jpg,pork_loin_sample_8,loin,cross_rotation,all,meatlens,all,all,all,file_destination,E:\Thesis Code\processed_hsv_lab_threshold_roi_224\sample 8\spoiled\20260517_063037.jpg,False,partner_home,new_phone,,spoiled,spoiled,0.09750882,0.36293846,0.5395527,spoiled,0.5395527,not fresh,0.36293846,0.90249115,0.17661422,0,True,True,True,False,True,True,Borderline Spoiled / Advanced Not Fresh,Not Suitable / Manual inspection recommended,35.108025,Not Suitable,2,2,True,False
FRESH-272-_JPG.rf.3d9aa93b943913be0110d133da63e337.jpg,12,Various Pork Meat,fresh,,E:\Thesis Code\processed_hsv_lab_threshold_roi_224\sample 12\fresh\FRESH-272-_JPG.rf.3d9aa93b943913be0110d133da63e337.jpg,various_pork_meat_sample_12,various,cross_rotation,all,public_dataset_2,all,all,all,file_destination,E:\Thesis Code\processed_hsv_lab_threshold_roi_224\sample 12\fresh\FRESH-272-_JPG.rf.3d9aa93b943913be0110d133da63e337.jpg,False,public_dataset_2,public_dataset_2,,fresh,fresh,0.6801617,0.3180623,0.0017759495,fresh,0.6801617,not fresh,0.3180623,0.998224,0.3620994,0,True,True,True,False,True,False,Borderline Fresh / Early Not Fresh,Consume Immediately / Check carefully,85.52736,Good for Consumption,0,0,True,False
IMG_20260518_235227.jpg,7,Pork Loin,spoiled,40:00:00,E:\Thesis Code\processed_hsv_lab_threshold_roi_224\sample 7\spoiled\IMG_20260518_235227.jpg,pork_loin_sample_7,loin,cross_rotation,all,meatlens,all,all,all,file_destination,E:\Thesis Code\processed_hsv_lab_threshold_roi_224\sample 7\spoiled\IMG_20260518_235227.jpg,False,researcher_home,new_phone,,spoiled,spoiled,0.00011333625,0.0003324734,0.9995542,spoiled,0.9995542,not fresh,0.0003324734,0.9998867,0.99922174,0,True,True,True,False,False,False,Likely Spoiled,Not Suitable,10.025162,Not Suitable,2,2,True,False
20260425_035813.jpg,1,Pork Shoulder,spoiled,23:52:46,E:\Thesis Code\processed_hsv_lab_threshold_roi_224\sample 1\spoiled\20260425_035813.jpg,pork_shoulder_sample_1,shoulder,cross_rotation,all,meatlens,all,all,all,file_destination,E:\Thesis Code\processed_hsv_lab_threshold_roi_224\sample 1\spoiled\20260425_035813.jpg,False,researcher_home,old_phone,,spoiled,spoiled,5.138098e-07,0.0021301124,0.9978694,spoiled,0.9978694,not fresh,0.0021301124,0.99999946,0.9957393,0,True,True,True,False,False,False,Likely Spoiled,Not Suitable,10.0959015,Not Suitable,2,2,True,False
20260429_064301.jpg,3,Pork Belly,fresh,07:10:46,E:\Thesis Code\processed_hsv_lab_threshold_roi_224\sample 3\fresh\20260429_064301.jpg,pork_belly_sample_3,belly,cross_rotation,all,meatlens,all,all,all,file_destination,E:\Thesis Code\processed_hsv_lab_threshold_roi_224\sample 3\fresh\20260429_064301.jpg,False,researcher_home,old_phone,,fresh,fresh,0.82916063,0.16898775,0.0018516823,fresh,0.82916063,not fresh,0.16898775,0.9981484,0.6601729,0,True,True,True,False,True,False,Borderline Fresh / Early Not Fresh,Consume Immediately / Check carefully,92.228905,Good for Consumption,0,0,True,False
FRESH-291-_JPG.rf.715fefcbe9e95b40505996f79fb8d635.jpg,12,Various Pork Meat,fresh,,E:\Thesis Code\processed_hsv_lab_threshold_roi_224\sample 12\fresh\FRESH-291-_JPG.rf.715fefcbe9e95b40505996f79fb8d635.jpg,various_pork_meat_sample_12,various,cross_rotation,all,public_dataset_2,all,all,all,file_destination,E:\Thesis Code\processed_hsv_lab_threshold_roi_224\sample 12\fresh\FRESH-291-_JPG.rf.715fefcbe9e95b40505996f79fb8d635.jpg,False,public_dataset_2,public_dataset_2,,fresh,fresh,0.5304623,0.4031592,0.06637842,fresh,0.5304623,not fresh,0.4031592,0.9336215,0.12730312,0,True,True,True,False,True,True,Borderline Fresh / Early Not Fresh,Consume Immediately / Check carefully,75.88377,Good for Consumption,0,0,True,False
20260423_112339.jpg,2,Pork Shoulder,not fresh,07:15:59,E:\Thesis Code\processed_hsv_lab_threshold_roi_224\sample 2\not fresh\20260423_112339.jpg,pork_shoulder_sample_2,shoulder,cross_rotation,all,meatlens,all,all,all,file_destination,E:\Thesis Code\processed_hsv_lab_threshold_roi_224\sample 2\not fresh\20260423_112339.jpg,False,partner_home,old_phone,,not fresh,not fresh,0.028627804,0.96314925,0.008222886,not fresh,0.96314925,fresh,0.028627804,0.99177706,0.93452144,0,True,True,True,False,False,False,Likely Not Fresh,Consume Immediately / Manual inspection recommended,55.918217,Consume Immediately,1,1,True,False
08-11-2022 22-28-45_jpg.rf.qleE7sIJFqiDTgHxrUg5.jpg,11,Various Pork Meat,not fresh,,E:\Thesis Code\processed_hsv_lab_threshold_roi_224\sample 11\half fresh\08-11-2022 22-28-45_jpg.rf.qleE7sIJFqiDTgHxrUg5.jpg,various_pork_meat_sample_11,various,cross_rotation,all,public_dataset_2,all,all,all,file_destination,E:\Thesis Code\processed_hsv_lab_threshold_roi_224\sample 11\half fresh\08-11-2022 22-28-45_jpg.rf.qleE7sIJFqiDTgHxrUg5.jpg,False,public_dataset_2,public_dataset_2,,not fresh,not fresh,0.09681433,0.71705157,0.18613403,not fresh,0.71705157,spoiled,0.18613403,0.9031856,0.5309175,0,True,True,True,False,True,False,Borderline Spoiled / Advanced Not Fresh,Not Suitable / Manual inspection recommended,50.98061,Consume Immediately,1,1,True,False
HALF-FRESH-155-_JPG.rf.b979c2d0e8634828c070b7cead6f686b.jpg,12,Various Pork Meat,not fresh,,E:\Thesis Code\processed_hsv_lab_threshold_roi_224\sample 12\not fresh\HALF-FRESH-155-_JPG.rf.b979c2d0e8634828c070b7cead6f686b.jpg,various_pork_meat_sample_12,various,cross_rotation,all,public_dataset_2,all,all,all,file_destination,E:\Thesis Code\processed_hsv_lab_threshold_roi_224\sample 12\not fresh\HALF-FRESH-155-_JPG.rf.b979c2d0e8634828c070b7cead6f686b.jpg,False,public_dataset_2,public_dataset_2,,not fresh,not fresh,0.2681166,0.71136594,0.020517424,not fresh,0.71136594,fresh,0.2681166,0.97948253,0.44324934,0,True,True,True,False,True,False,Borderline Fresh / Early Not Fresh,Consume Immediately / Check carefully,66.14196,Consume Immediately,1,1,True,False
20260625_133435.jpg,9,Pork Hind Leg,spoiled,24:00:00,E:\Thesis Code\processed_hsv_lab_threshold_roi_224\sample 9\spoiled\20260625_133435.jpg,pork_hind_leg_sample_9,hind_leg,cross_rotation,all,public_dataset_2,all,all,all,file_destination,E:\Thesis Code\processed_hsv_lab_threshold_roi_224\sample 9\spoiled\20260625_133435.jpg,False,public_dataset_2,public_dataset_2,,spoiled,spoiled,0.008728603,0.00087278074,0.99039865,spoiled,0.99039865,fresh,0.008728603,0.99912727,0.98167,0,True,True,True,False,False,False,Likely Spoiled,Not Suitable,10.82485,Not Suitable,2,2,False,False
SPOILED-126-_JPG.rf.1b638b1f916cf4b6557da16b27e9e07f.jpg,12,Various Pork Meat,spoiled,,E:\Thesis Code\processed_hsv_lab_threshold_roi_224\sample 12\spoiled\SPOILED-126-_JPG.rf.1b638b1f916cf4b6557da16b27e9e07f.jpg,various_pork_meat_sample_12,various,cross_rotation,all,public_dataset_2,all,all,all,file_destination,E:\Thesis Code\processed_hsv_lab_threshold_roi_224\sample 12\spoiled\SPOILED-126-_JPG.rf.1b638b1f916cf4b6557da16b27e9e07f.jpg,False,public_dataset_2,public_dataset_2,,spoiled,spoiled,0.011996781,0.21985817,0.7681451,spoiled,0.7681451,not fresh,0.21985817,0.98800325,0.5482869,0,True,True,True,False,True,False,Borderline Spoiled / Advanced Not Fresh,Not Suitable / Manual inspection recommended,20.973328,Not Suitable,2,2,True,False
20260429_133121.jpg,3,Pork Belly,not fresh,09:26:50,E:\Thesis Code\processed_hsv_lab_threshold_roi_224\sample 3\not fresh\20260429_133121.jpg,pork_belly_sample_3,belly,cross_rotation,all,meatlens,all,all,all,file_destination,E:\Thesis Code\processed_hsv_lab_threshold_roi_224\sample 3\not fresh\20260429_133121.jpg,False,researcher_home,old_phone,,not fresh,not fresh,0.02195904,0.9721897,0.0058512697,not fresh,0.9721897,fresh,0.02195904,0.9941488,0.95023066,0,True,True,True,False,False,False,Likely Not Fresh,Consume Immediately / Manual inspection recommended,55.72485,Consume Immediately,1,1,True,False
20260425_190623.jpg,1,Pork Shoulder,spoiled,39:19:00,E:\Thesis Code\processed_hsv_lab_threshold_roi_224\sample 1\spoiled\20260425_190623.jpg,pork_shoulder_sample_1,shoulder,cross_rotation,all,meatlens,all,all,all,file_destination,E:\Thesis Code\processed_hsv_lab_threshold_roi_224\sample 1\spoiled\20260425_190623.jpg,False,researcher_home,old_phone,,spoiled,spoiled,7.5190417e-07,0.004670296,0.99532896,spoiled,0.99532896,not fresh,0.004670296,0.9999993,0.99065864,0,True,True,True,False,False,False,Likely Spoiled,Not Suitable,10.210231,Not Suitable,2,2,True,False
20260516_085938.jpg,8,Pork Loin,fresh,04:19:36,E:\Thesis Code\processed_hsv_lab_threshold_roi_224\sample 8\fresh\20260516_085938.jpg,pork_loin_sample_8,loin,cross_rotation,all,meatlens,all,all,all,file_destination,E:\Thesis Code\processed_hsv_lab_threshold_roi_224\sample 8\fresh\20260516_085938.jpg,False,partner_home,new_phone,,fresh,fresh,0.9876533,0.0121111,0.00023558742,fresh,0.9876533,not fresh,0.0121111,0.99976444,0.9755422,0,True,True,True,False,False,False,Likely Fresh,Good for Consumption,99.4338,Good for Consumption,0,0,True,False
20260703_162510.jpg,10,Pork Belly,not fresh,12:00:00,E:\Thesis Code\processed_hsv_lab_threshold_roi_224\sample 10\not fresh\20260703_162510.jpg,pork_belly_sample_10,belly,cross_rotation,all,public_dataset_2,all,all,all,file_destination,E:\Thesis Code\processed_hsv_lab_threshold_roi_224\sample 10\not fresh\20260703_162510.jpg,False,public_dataset_2,public_dataset_2,,not fresh,not fresh,0.019113604,0.5599367,0.42094967,not fresh,0.5599367,spoiled,0.42094967,0.98088634,0.13898703,0,True,True,True,False,True,True,Borderline Spoiled / Advanced Not Fresh,Not Suitable / Manual inspection recommended,36.917377,Not Suitable,1,1,True,False
20260516_071522.jpg,8,Pork Loin,fresh,00:04:13,E:\Thesis Code\processed_hsv_lab_threshold_roi_224\sample 8\fresh\20260516_071522.jpg,pork_loin_sample_8,loin,cross_rotation,all,meatlens,all,all,all,file_destination,E:\Thesis Code\processed_hsv_lab_threshold_roi_224\sample 8\fresh\20260516_071522.jpg,False,partner_home,new_phone,,fresh,fresh,0.99197114,0.0076847114,0.00034406627,fresh,0.99197114,not fresh,0.0076847114,0.99965584,0.9842864,0,True,True,True,False,False,False,Likely Fresh,Good for Consumption,99.623215,Good for Consumption,0,0,True,False
FRESH-931-_JPG.rf.41ab323d2c8911ce2797bfa897c78abc.jpg,12,Various Pork Meat,fresh,,E:\Thesis Code\processed_hsv_lab_threshold_roi_224\sample 12\fresh\FRESH-931-_JPG.rf.41ab323d2c8911ce2797bfa897c78abc.jpg,various_pork_meat_sample_12,various,cross_rotation,all,public_dataset_2,all,all,all,file_destination,E:\Thesis Code\processed_hsv_lab_threshold_roi_224\sample 12\fresh\FRESH-931-_JPG.rf.41ab323d2c8911ce2797bfa897c78abc.jpg,False,public_dataset_2,public_dataset_2,,fresh,not fresh,0.07064589,0.91646975,0.012884421,not fresh,0.91646975,fresh,0.07064589,0.9871156,0.8458239,1,False,True,True,False,False,False,Likely Not Fresh,Consume Immediately / Manual inspection recommended,57.59927,Consume Immediately,1,0,True,False
20260429_134321.jpg,3,Pork Belly,not fresh,09:38:54,E:\Thesis Code\processed_hsv_lab_threshold_roi_224\sample 3\not fresh\20260429_134321.jpg,pork_belly_sample_3,belly,cross_rotation,all,meatlens,all,all,all,file_destination,E:\Thesis Code\processed_hsv_lab_threshold_roi_224\sample 3\not fresh\20260429_134321.jpg,False,researcher_home,old_phone,,not fresh,not fresh,0.025340594,0.96951896,0.005140485,not fresh,0.96951896,fresh,0.025340594,0.9948596,0.94417834,0,True,True,True,False,False,False,Likely Not Fresh,Consume Immediately / Manual inspection recommended,55.909008,Consume Immediately,1,1,True,False
IMG_20260508_170444.jpg,5,Pork Ham,not fresh,12:59:06,E:\Thesis Code\processed_hsv_lab_threshold_roi_224\sample 5\not fresh\IMG_20260508_170444.jpg,pork_ham_sample_5,ham,cross_rotation,all,meatlens,all,all,all,file_destination,E:\Thesis Code\processed_hsv_lab_threshold_roi_224\sample 5\not fresh\IMG_20260508_170444.jpg,False,researcher_home,new_phone,,not fresh,not fresh,0.014978418,0.97781676,0.0072047655,not fresh,0.97781676,fresh,0.014978418,0.99279517,0.96283835,0,True,True,True,False,False,False,Likely Not Fresh,Consume Immediately / Manual inspection recommended,55.34981,Consume Immediately,1,1,True,False
20260703_165152.jpg,10,Pork Belly,spoiled,24:00:00,E:\Thesis Code\processed_hsv_lab_threshold_roi_224\sample 10\spoiled\20260703_165152.jpg,pork_belly_sample_10,belly,cross_rotation,all,public_dataset_2,all,all,all,file_destination,E:\Thesis Code\processed_hsv_lab_threshold_roi_224\sample 10\spoiled\20260703_165152.jpg,False,public_dataset_2,public_dataset_2,,spoiled,not fresh,0.020384286,0.5808934,0.39872232,not fresh,0.5808934,spoiled,0.39872232,0.9796157,0.18217108,1,False,True,True,False,True,True,Borderline Spoiled / Advanced Not Fresh,Not Suitable / Manual inspection recommended,37.97479,Not Suitable,1,2,True,False
20260703_114036.jpg,10,Pork Belly,not fresh,12:00:00,E:\Thesis Code\processed_hsv_lab_threshold_roi_224\sample 10\not fresh\20260703_114036.jpg,pork_belly_sample_10,belly,cross_rotation,all,public_dataset_2,all,all,all,file_destination,E:\Thesis Code\processed_hsv_lab_threshold_roi_224\sample 10\not fresh\20260703_114036.jpg,False,public_dataset_2,public_dataset_2,,not fresh,fresh,0.5212006,0.4761586,0.0026407717,fresh,0.5212006,not fresh,0.4761586,0.99735916,0.04504201,1,False,True,True,False,True,True,Borderline Fresh / Early Not Fresh,Consume Immediately / Check carefully,78.33519,Good for Consumption,0,1,True,False
20260424_080238.jpg,1,Pork Shoulder,fresh,01:58:11,E:\Thesis Code\processed_hsv_lab_threshold_roi_224\sample 1\fresh\20260424_080238.jpg,pork_shoulder_sample_1,shoulder,cross_rotation,all,meatlens,all,all,all,file_destination,E:\Thesis Code\processed_hsv_lab_threshold_roi_224\sample 1\fresh\20260424_080238.jpg,False,researcher_home,old_phone,,fresh,fresh,0.9882746,0.009684241,0.0020411783,fresh,0.9882746,not fresh,0.009684241,0.99795884,0.9785903,0,True,True,True,False,False,False,Likely Fresh,Good for Consumption,99.3805,Good for Consumption,0,0,True,False
20260516_143300.jpg,8,Pork Loin,not fresh,10:31:03,E:\Thesis Code\processed_hsv_lab_threshold_roi_224\sample 8\not fresh\20260516_143300.jpg,pork_loin_sample_8,loin,cross_rotation,all,meatlens,all,all,all,file_destination,E:\Thesis Code\processed_hsv_lab_threshold_roi_224\sample 8\not fresh\20260516_143300.jpg,False,partner_home,new_phone,,not fresh,not fresh,0.009049944,0.9355261,0.05542405,not fresh,0.9355261,spoiled,0.05542405,0.9909501,0.88010204,0,True,True,True,False,False,False,Likely Not Fresh,Consume Immediately / Manual inspection recommended,52.91317,Consume Immediately,1,1,True,False
20260424_113344.jpg,1,Pork Shoulder,fresh,07:19:00,E:\Thesis Code\processed_hsv_lab_threshold_roi_224\sample 1\fresh\20260424_113344.jpg,pork_shoulder_sample_1,shoulder,cross_rotation,all,meatlens,all,all,all,file_destination,E:\Thesis Code\processed_hsv_lab_threshold_roi_224\sample 1\fresh\20260424_113344.jpg,False,researcher_home,old_phone,,fresh,fresh,0.84692526,0.15262401,0.0004508069,fresh,0.84692526,not fresh,0.15262401,0.99954927,0.69430125,0,True,True,True,False,True,False,Borderline Fresh / Early Not Fresh,Consume Immediately / Check carefully,93.091354,Good for Consumption,0,0,True,False
09-11-2022 12-42-11_jpg.rf.W9viDFawlVDztRL5JYBp.jpg,11,Various Pork Meat,spoiled,,E:\Thesis Code\processed_hsv_lab_threshold_roi_224\sample 11\spoiled\09-11-2022 12-42-11_jpg.rf.W9viDFawlVDztRL5JYBp.jpg,various_pork_meat_sample_11,various,cross_rotation,all,public_dataset_2,all,all,all,file_destination,E:\Thesis Code\processed_hsv_lab_threshold_roi_224\sample 11\spoiled\09-11-2022 12-42-11_jpg.rf.W9viDFawlVDztRL5JYBp.jpg,False,public_dataset_2,public_dataset_2,,spoiled,spoiled,0.12438591,0.1792004,0.6964137,spoiled,0.6964137,not fresh,0.1792004,0.8756141,0.5172133,0,True,True,True,False,True,False,Borderline Spoiled / Advanced Not Fresh,Not Suitable / Manual inspection recommended,29.258749,Not Suitable,2,2,True,False
IMG_20260517_215035.jpg,7,Pork Loin,spoiled,15:41:55,E:\Thesis Code\processed_hsv_lab_threshold_roi_224\sample 7\spoiled\IMG_20260517_215035.jpg,pork_loin_sample_7,loin,cross_rotation,all,meatlens,all,all,all,file_destination,E:\Thesis Code\processed_hsv_lab_threshold_roi_224\sample 7\spoiled\IMG_20260517_215035.jpg,False,researcher_home,new_phone,,spoiled,spoiled,0.040994313,0.38103902,0.57796663,spoiled,0.57796663,not fresh,0.38103902,0.95900565,0.1969276,0,True,True,True,False,True,True,Borderline Spoiled / Advanced Not Fresh,Not Suitable / Manual inspection recommended,30.836245,Not Suitable,2,2,True,False
IMG20260508091700.jpg,6,Pork Ham,fresh,04:23:49,E:\Thesis Code\processed_hsv_lab_threshold_roi_224\sample 6\fresh\IMG20260508091700.jpg,pork_ham_sample_6,ham,cross_rotation,all,meatlens,all,all,all,file_destination,E:\Thesis Code\processed_hsv_lab_threshold_roi_224\sample 6\fresh\IMG20260508091700.jpg,False,partner_home,new_phone,,fresh,fresh,0.94418,0.05477893,0.0010409722,fresh,0.94418,not fresh,0.05477893,0.99895895,0.8894011,0,True,True,True,False,False,False,Likely Fresh,Good for Consumption,97.44125,Good for Consumption,0,0,True,False
20260624_084725.jpg,9,Pork Hind Leg,fresh,04:00:00,E:\Thesis Code\processed_hsv_lab_threshold_roi_224\sample 9\fresh\20260624_084725.jpg,pork_hind_leg_sample_9,hind_leg,cross_rotation,all,public_dataset_2,all,all,all,file_destination,E:\Thesis Code\processed_hsv_lab_threshold_roi_224\sample 9\fresh\20260624_084725.jpg,False,public_dataset_2,public_dataset_2,,fresh,fresh,0.80667293,0.1757516,0.017575493,fresh,0.80667293,not fresh,0.1757516,0.9824245,0.63092136,0,True,True,True,False,True,False,Borderline Fresh / Early Not Fresh,Consume Immediately / Check carefully,90.509384,Good for Consumption,0,0,True,False
20260423_142528.jpg,2,Pork Shoulder,not fresh,10:34:58,E:\Thesis Code\processed_hsv_lab_threshold_roi_224\sample 2\not fresh\20260423_142528.jpg,pork_shoulder_sample_2,shoulder,cross_rotation,all,meatlens,all,all,all,file_destination,E:\Thesis Code\processed_hsv_lab_threshold_roi_224\sample 2\not fresh\20260423_142528.jpg,False,partner_home,old_phone,,not fresh,not fresh,0.005267605,0.97722876,0.017503604,not fresh,0.97722876,spoiled,0.017503604,0.9947324,0.95972514,0,True,True,True,False,False,False,Likely Not Fresh,Consume Immediately / Manual inspection recommended,54.44938,Consume Immediately,1,1,True,False
20260423_111223.jpg,2,Pork Shoulder,not fresh,07:03:19,E:\Thesis Code\processed_hsv_lab_threshold_roi_224\sample 2\not fresh\20260423_111223.jpg,pork_shoulder_sample_2,shoulder,cross_rotation,all,meatlens,all,all,all,file_destination,E:\Thesis Code\processed_hsv_lab_threshold_roi_224\sample 2\not fresh\20260423_111223.jpg,False,partner_home,old_phone,,not fresh,not fresh,0.02342639,0.9625261,0.014047487,not fresh,0.9625261,fresh,0.02342639,0.9859525,0.93909967,0,True,True,True,False,False,False,Likely Not Fresh,Consume Immediately / Manual inspection recommended,55.422047,Consume Immediately,1,1,True,False
IMG_20260508_154234.jpg,5,Pork Ham,not fresh,11:37:05,E:\Thesis Code\processed_hsv_lab_threshold_roi_224\sample 5\not fresh\IMG_20260508_154234.jpg,pork_ham_sample_5,ham,cross_rotation,all,meatlens,all,all,all,file_destination,E:\Thesis Code\processed_hsv_lab_threshold_roi_224\sample 5\not fresh\IMG_20260508_154234.jpg,False,researcher_home,new_phone,,not fresh,not fresh,0.03363753,0.963722,0.0026404974,not fresh,0.963722,fresh,0.03363753,0.9973595,0.93008447,0,True,True,True,False,False,False,Likely Not Fresh,Consume Immediately / Manual inspection recommended,56.394867,Consume Immediately,1,1,True,False
IMG_20260508_104544.jpg,5,Pork Ham,fresh,06:42:49,E:\Thesis Code\processed_hsv_lab_threshold_roi_224\sample 5\fresh\IMG_20260508_104544.jpg,pork_ham_sample_5,ham,cross_rotation,all,meatlens,all,all,all,file_destination,E:\Thesis Code\processed_hsv_lab_threshold_roi_224\sample 5\fresh\IMG_20260508_104544.jpg,False,researcher_home,new_phone,,fresh,fresh,0.9263918,0.07206539,0.0015429097,fresh,0.9263918,not fresh,0.07206539,0.9984572,0.85432637,0,True,True,True,False,False,False,Likely Fresh,Good for Consumption,96.6182,Good for Consumption,0,0,True,False
IMG20260509194144.jpg,6,Pork Ham,spoiled,26:32:34,E:\Thesis Code\processed_hsv_lab_threshold_roi_224\sample 6\spoiled\IMG20260509194144.jpg,pork_ham_sample_6,ham,cross_rotation,all,meatlens,all,all,all,file_destination,E:\Thesis Code\processed_hsv_lab_threshold_roi_224\sample 6\spoiled\IMG20260509194144.jpg,False,partner_home,new_phone,,spoiled,spoiled,4.658774e-06,0.0017520722,0.99824333,spoiled,0.99824333,not fresh,0.0017520722,0.9999954,0.99649125,0,True,True,True,False,False,False,Likely Spoiled,Not Suitable,10.079263,Not Suitable,2,2,True,False
IMG_20260508_183924.jpg,5,Pork Ham,not fresh,14:28:21,E:\Thesis Code\processed_hsv_lab_threshold_roi_224\sample 5\not fresh\IMG_20260508_183924.jpg,pork_ham_sample_5,ham,cross_rotation,all,meatlens,all,all,all,file_destination,E:\Thesis Code\processed_hsv_lab_threshold_roi_224\sample 5\not fresh\IMG_20260508_183924.jpg,False,researcher_home,new_phone,,not fresh,not fresh,0.004509363,0.9503013,0.04518934,not fresh,0.9503013,spoiled,0.04518934,0.9954906,0.90511197,0,True,True,True,False,False,False,Likely Not Fresh,Consume Immediately / Manual inspection recommended,53.1694,Consume Immediately,1,1,True,False
20260424_062421.jpg,1,Pork Shoulder,fresh,00:21:43,E:\Thesis Code\processed_hsv_lab_threshold_roi_224\sample 1\fresh\20260424_062421.jpg,pork_shoulder_sample_1,shoulder,cross_rotation,all,meatlens,all,all,all,file_destination,E:\Thesis Code\processed_hsv_lab_threshold_roi_224\sample 1\fresh\20260424_062421.jpg,False,researcher_home,old_phone,,fresh,fresh,0.9638236,0.03560442,0.0005719467,fresh,0.9638236,not fresh,0.03560442,0.99942803,0.9282192,0,True,True,True,False,False,False,Likely Fresh,Good for Consumption,98.34632,Good for Consumption,0,0,True,False
HALF-FRESH-312-_JPG.rf.9b8ef85f71f295bd89ad460f60223143.jpg,12,Various Pork Meat,not fresh,,E:\Thesis Code\processed_hsv_lab_threshold_roi_224\sample 12\not fresh\HALF-FRESH-312-_JPG.rf.9b8ef85f71f295bd89ad460f60223143.jpg,various_pork_meat_sample_12,various,cross_rotation,all,public_dataset_2,all,all,all,file_destination,E:\Thesis Code\processed_hsv_lab_threshold_roi_224\sample 12\not fresh\HALF-FRESH-312-_JPG.rf.9b8ef85f71f295bd89ad460f60223143.jpg,False,public_dataset_2,public_dataset_2,,not fresh,not fresh,0.25044954,0.61742765,0.13212286,not fresh,0.61742765,fresh,0.25044954,0.8678772,0.3669781,0,True,True,True,False,True,False,Borderline Fresh / Early Not Fresh,Consume Immediately / Check carefully,60.324703,Consume Immediately,1,1,True,False
20260424_114344.jpg,1,Pork Shoulder,fresh,07:33:28,E:\Thesis Code\processed_hsv_lab_threshold_roi_224\sample 1\fresh\20260424_114344.jpg,pork_shoulder_sample_1,shoulder,cross_rotation,all,meatlens,all,all,all,file_destination,E:\Thesis Code\processed_hsv_lab_threshold_roi_224\sample 1\fresh\20260424_114344.jpg,False,researcher_home,old_phone,,fresh,fresh,0.95435864,0.045155853,0.00048555547,fresh,0.95435864,not fresh,0.045155853,0.99951446,0.9092028,0,True,True,True,False,False,False,Likely Fresh,Good for Consumption,97.92429,Good for Consumption,0,0,True,False
20260624_080619.jpg,9,Pork Hind Leg,fresh,04:00:00,E:\Thesis Code\processed_hsv_lab_threshold_roi_224\sample 9\fresh\20260624_080619.jpg,pork_hind_leg_sample_9,hind_leg,cross_rotation,all,public_dataset_2,all,all,all,file_destination,E:\Thesis Code\processed_hsv_lab_threshold_roi_224\sample 9\fresh\20260624_080619.jpg,False,public_dataset_2,public_dataset_2,,fresh,fresh,0.7231209,0.21410917,0.06276987,fresh,0.7231209,not fresh,0.21410917,0.9372301,0.50901175,0,True,True,True,False,True,False,Borderline Fresh / Early Not Fresh,Consume Immediately / Check carefully,84.7158,Good for Consumption,0,0,True,False
IMG_20260508_192924.jpg,5,Pork Ham,not fresh,15:19:00,E:\Thesis Code\processed_hsv_lab_threshold_roi_224\sample 5\not fresh\IMG_20260508_192924.jpg,pork_ham_sample_5,ham,cross_rotation,all,meatlens,all,all,all,file_destination,E:\Thesis Code\processed_hsv_lab_threshold_roi_224\sample 5\not fresh\IMG_20260508_192924.jpg,False,researcher_home,new_phone,,not fresh,not fresh,0.0088937655,0.7078391,0.28326714,not fresh,0.7078391,spoiled,0.28326714,0.9911062,0.42457193,0,True,True,True,False,True,False,Borderline Spoiled / Advanced Not Fresh,Not Suitable / Manual inspection recommended,42.6532,Consume Immediately,1,1,True,False
20260517_200417.jpg,8,Pork Loin,spoiled,39:28:39,E:\Thesis Code\processed_hsv_lab_threshold_roi_224\sample 8\spoiled\20260517_200417.jpg,pork_loin_sample_8,loin,cross_rotation,all,meatlens,all,all,all,file_destination,E:\Thesis Code\processed_hsv_lab_threshold_roi_224\sample 8\spoiled\20260517_200417.jpg,False,partner_home,new_phone,,spoiled,spoiled,6.624554e-05,0.010236747,0.989697,spoiled,0.989697,not fresh,0.010236747,0.9999337,0.97946024,0,True,True,True,False,False,False,Likely Spoiled,Not Suitable,10.466616,Not Suitable,2,2,True,False
09-11-2022 10-27-20_jpg.rf.kDTA22RpJW8o9Qfc8Fnb.jpg,11,Various Pork Meat,spoiled,,E:\Thesis Code\processed_hsv_lab_threshold_roi_224\sample 11\spoiled\09-11-2022 10-27-20_jpg.rf.kDTA22RpJW8o9Qfc8Fnb.jpg,various_pork_meat_sample_11,various,cross_rotation,all,public_dataset_2,all,all,all,file_destination,E:\Thesis Code\processed_hsv_lab_threshold_roi_224\sample 11\spoiled\09-11-2022 10-27-20_jpg.rf.kDTA22RpJW8o9Qfc8Fnb.jpg,False,public_dataset_2,public_dataset_2,,spoiled,spoiled,0.0065551936,0.095056765,0.8983881,spoiled,0.8983881,not fresh,0.095056765,0.99344486,0.8033313,0,True,True,True,False,True,False,Borderline Spoiled / Advanced Not Fresh,Not Suitable / Manual inspection recommended,14.867522,Not Suitable,2,2,True,False
20260501_025558.jpg,3,Pork Belly,spoiled,36:00:00,E:\Thesis Code\processed_hsv_lab_threshold_roi_224\sample 3\spoiled\20260501_025558.jpg,pork_belly_sample_3,belly,cross_rotation,all,meatlens,all,all,all,file_destination,E:\Thesis Code\processed_hsv_lab_threshold_roi_224\sample 3\spoiled\20260501_025558.jpg,False,researcher_home,old_phone,,spoiled,spoiled,3.1574928e-05,0.0008504928,0.9991179,spoiled,0.9991179,not fresh,0.0008504928,0.9999684,0.9982674,0,True,True,True,False,False,False,Likely Spoiled,Not Suitable,10.041114,Not Suitable,2,2,True,False
20260704_114953.jpg,10,Pork Belly,spoiled,24:00:00,E:\Thesis Code\processed_hsv_lab_threshold_roi_224\sample 10\spoiled\20260704_114953.jpg,pork_belly_sample_10,belly,cross_rotation,all,public_dataset_2,all,all,all,file_destination,E:\Thesis Code\processed_hsv_lab_threshold_roi_224\sample 10\spoiled\20260704_114953.jpg,False,public_dataset_2,public_dataset_2,,spoiled,spoiled,0.0005799861,0.00090109155,0.9985189,spoiled,0.9985189,not fresh,0.00090109155,0.99942,0.9976178,0,True,True,True,False,False,False,Likely Spoiled,Not Suitable,10.092748,Not Suitable,2,2,True,False
20260423_125949.jpg,2,Pork Shoulder,not fresh,09:00:54,E:\Thesis Code\processed_hsv_lab_threshold_roi_224\sample 2\not fresh\20260423_125949.jpg,pork_shoulder_sample_2,shoulder,cross_rotation,all,meatlens,all,all,all,file_destination,E:\Thesis Code\processed_hsv_lab_threshold_roi_224\sample 2\not fresh\20260423_125949.jpg,False,partner_home,old_phone,,not fresh,not fresh,0.020233301,0.95476747,0.024999222,not fresh,0.95476747,spoiled,0.024999222,0.97976667,0.92976826,0,True,True,True,False,False,False,Likely Not Fresh,Consume Immediately / Manual inspection recommended,54.785534,Consume Immediately,1,1,True,False
IMG20260509091404.jpg,6,Pork Ham,spoiled,27:35:17,E:\Thesis Code\processed_hsv_lab_threshold_roi_224\sample 6\spoiled\IMG20260509091404.jpg,pork_ham_sample_6,ham,cross_rotation,all,meatlens,all,all,all,file_destination,E:\Thesis Code\processed_hsv_lab_threshold_roi_224\sample 6\spoiled\IMG20260509091404.jpg,False,partner_home,new_phone,,spoiled,spoiled,2.2668368e-05,0.0049925474,0.99498475,spoiled,0.99498475,not fresh,0.0049925474,0.9999773,0.9899922,0,True,True,True,False,False,False,Likely Spoiled,Not Suitable,10.226705,Not Suitable,2,2,True,False
20260703_120341.jpg,10,Pork Belly,not fresh,12:00:00,E:\Thesis Code\processed_hsv_lab_threshold_roi_224\sample 10\not fresh\20260703_120341.jpg,pork_belly_sample_10,belly,cross_rotation,all,public_dataset_2,all,all,all,file_destination,E:\Thesis Code\processed_hsv_lab_threshold_roi_224\sample 10\not fresh\20260703_120341.jpg,False,public_dataset_2,public_dataset_2,,not fresh,fresh,0.6440039,0.35387728,0.0021188103,fresh,0.6440039,not fresh,0.35387728,0.9978812,0.29012665,1,False,True,True,False,True,False,Borderline Fresh / Early Not Fresh,Consume Immediately / Check carefully,83.884834,Good for Consumption,0,1,True,False
IMG20260508070352.jpg,6,Pork Ham,fresh,01:01:12,E:\Thesis Code\processed_hsv_lab_threshold_roi_224\sample 6\fresh\IMG20260508070352.jpg,pork_ham_sample_6,ham,cross_rotation,all,meatlens,all,all,all,file_destination,E:\Thesis Code\processed_hsv_lab_threshold_roi_224\sample 6\fresh\IMG20260508070352.jpg,False,partner_home,new_phone,,fresh,fresh,0.98915267,0.007966137,0.002881167,fresh,0.98915267,not fresh,0.007966137,0.99711883,0.9811865,0,True,True,True,False,False,False,Likely Fresh,Good for Consumption,99.38222,Good for Consumption,0,0,True,False
08-11-2022 14-33-34_jpg.rf.tZj99y3famsa4OZvqCEr.jpg,11,Various Pork Meat,fresh,,E:\Thesis Code\processed_hsv_lab_threshold_roi_224\sample 11\fresh\08-11-2022 14-33-34_jpg.rf.tZj99y3famsa4OZvqCEr.jpg,various_pork_meat_sample_11,various,cross_rotation,all,public_dataset_2,all,all,all,file_destination,E:\Thesis Code\processed_hsv_lab_threshold_roi_224\sample 11\fresh\08-11-2022 14-33-34_jpg.rf.tZj99y3famsa4OZvqCEr.jpg,False,public_dataset_2,public_dataset_2,,fresh,fresh,0.8380131,0.16124159,0.00074524205,fresh,0.8380131,not fresh,0.16124159,0.9992547,0.6767715,0,True,True,True,False,True,False,Borderline Fresh / Early Not Fresh,Consume Immediately / Check carefully,92.67705,Good for Consumption,0,0,True,False
IMG_20260518_142925.jpg,7,Pork Loin,spoiled,31:06:56,E:\Thesis Code\processed_hsv_lab_threshold_roi_224\sample 7\spoiled\IMG_20260518_142925.jpg,pork_loin_sample_7,loin,cross_rotation,all,meatlens,all,all,all,file_destination,E:\Thesis Code\processed_hsv_lab_threshold_roi_224\sample 7\spoiled\IMG_20260518_142925.jpg,False,researcher_home,new_phone,,spoiled,spoiled,0.0008206523,0.0043812185,0.99479806,spoiled,0.99479806,not fresh,0.0043812185,0.9991793,0.9904168,0,True,True,True,False,False,False,Likely Spoiled,Not Suitable,10.271013,Not Suitable,2,2,True,False
20260423_140211.jpg,2,Pork Shoulder,not fresh,10:09:39,E:\Thesis Code\processed_hsv_lab_threshold_roi_224\sample 2\not fresh\20260423_140211.jpg,pork_shoulder_sample_2,shoulder,cross_rotation,all,meatlens,all,all,all,file_destination,E:\Thesis Code\processed_hsv_lab_threshold_roi_224\sample 2\not fresh\20260423_140211.jpg,False,partner_home,old_phone,,not fresh,not fresh,0.017215032,0.9601782,0.022606807,not fresh,0.9601782,spoiled,0.022606807,0.982785,0.9375714,0,True,True,True,False,False,False,Likely Not Fresh,Consume Immediately / Manual inspection recommended,54.757374,Consume Immediately,1,1,True,False
IMG20260508163528.jpg,6,Pork Ham,not fresh,12:35:35,E:\Thesis Code\processed_hsv_lab_threshold_roi_224\sample 6\not fresh\IMG20260508163528.jpg,pork_ham_sample_6,ham,cross_rotation,all,meatlens,all,all,all,file_destination,E:\Thesis Code\processed_hsv_lab_threshold_roi_224\sample 6\not fresh\IMG20260508163528.jpg,False,partner_home,new_phone,,not fresh,not fresh,0.0195395,0.8756107,0.104849815,not fresh,0.8756107,spoiled,0.104849815,0.9804605,0.7707609,0,True,True,True,False,True,False,Borderline Spoiled / Advanced Not Fresh,Not Suitable / Manual inspection recommended,51.161037,Consume Immediately,1,1,True,False
20260517_115258.jpg,8,Pork Loin,spoiled,29:25:02,E:\Thesis Code\processed_hsv_lab_threshold_roi_224\sample 8\spoiled\20260517_115258.jpg,pork_loin_sample_8,loin,cross_rotation,all,meatlens,all,all,all,file_destination,E:\Thesis Code\processed_hsv_lab_threshold_roi_224\sample 8\spoiled\20260517_115258.jpg,False,partner_home,new_phone,,spoiled,spoiled,1.5960075e-05,0.006756379,0.99322766,spoiled,0.99322766,not fresh,0.006756379,0.999984,0.9864713,0,True,True,True,False,False,False,Likely Spoiled,Not Suitable,10.305473,Not Suitable,2,2,True,False
20260425_155522.jpg,1,Pork Shoulder,spoiled,36:06:02,E:\Thesis Code\processed_hsv_lab_threshold_roi_224\sample 1\spoiled\20260425_155522.jpg,pork_shoulder_sample_1,shoulder,cross_rotation,all,meatlens,all,all,all,file_destination,E:\Thesis Code\processed_hsv_lab_threshold_roi_224\sample 1\spoiled\20260425_155522.jpg,False,researcher_home,old_phone,,spoiled,spoiled,5.624946e-05,0.007465339,0.99247843,spoiled,0.99247843,not fresh,0.007465339,0.9999438,0.98501307,0,True,True,True,False,False,False,Likely Spoiled,Not Suitable,10.341002,Not Suitable,2,2,True,False
20260429_140021.jpg,3,Pork Belly,not fresh,09:55:47,E:\Thesis Code\processed_hsv_lab_threshold_roi_224\sample 3\not fresh\20260429_140021.jpg,pork_belly_sample_3,belly,cross_rotation,all,meatlens,all,all,all,file_destination,E:\Thesis Code\processed_hsv_lab_threshold_roi_224\sample 3\not fresh\20260429_140021.jpg,False,researcher_home,old_phone,,not fresh,not fresh,0.021097623,0.9755246,0.0033778118,not fresh,0.9755246,fresh,0.021097623,0.9966222,0.954427,0,True,True,True,False,False,False,Likely Not Fresh,Consume Immediately / Manual inspection recommended,55.797394,Consume Immediately,1,1,True,False
20260703_102257.jpg,10,Pork Belly,fresh,04:00:00,E:\Thesis Code\processed_hsv_lab_threshold_roi_224\sample 10\fresh\20260703_102257.jpg,pork_belly_sample_10,belly,cross_rotation,all,public_dataset_2,all,all,all,file_destination,E:\Thesis Code\processed_hsv_lab_threshold_roi_224\sample 10\fresh\20260703_102257.jpg,False,public_dataset_2,public_dataset_2,,fresh,fresh,0.7851986,0.21106537,0.0037360408,fresh,0.7851986,not fresh,0.21106537,0.996264,0.5741333,0,True,True,True,False,True,False,Borderline Fresh / Early Not Fresh,Consume Immediately / Check carefully,90.16582,Good for Consumption,0,0,True,False
09-11-2022 11-00-48_jpg.rf.ufKdWySAcruCqbwaeK9I.jpg,11,Various Pork Meat,spoiled,,E:\Thesis Code\processed_hsv_lab_threshold_roi_224\sample 11\spoiled\09-11-2022 11-00-48_jpg.rf.ufKdWySAcruCqbwaeK9I.jpg,various_pork_meat_sample_11,various,cross_rotation,all,public_dataset_2,all,all,all,file_destination,E:\Thesis Code\processed_hsv_lab_threshold_roi_224\sample 11\spoiled\09-11-2022 11-00-48_jpg.rf.ufKdWySAcruCqbwaeK9I.jpg,False,public_dataset_2,public_dataset_2,,spoiled,spoiled,0.0006935059,0.0034196498,0.99588686,spoiled,0.99588686,not fresh,0.0034196498,0.9993065,0.9924672,0,True,True,True,False,False,False,Likely Spoiled,Not Suitable,10.2163,Not Suitable,2,2,True,False
20260430_104118.jpg,4,Pork Belly,spoiled,23:05:44,E:\Thesis Code\processed_hsv_lab_threshold_roi_224\sample 4\spoiled\20260430_104118.jpg,pork_belly_sample_4,belly,cross_rotation,all,meatlens,all,all,all,file_destination,E:\Thesis Code\processed_hsv_lab_threshold_roi_224\sample 4\spoiled\20260430_104118.jpg,False,partner_home,old_phone,,spoiled,spoiled,0.00061743194,0.0098556895,0.98952687,spoiled,0.98952687,not fresh,0.0098556895,0.99938256,0.9796712,0,True,True,True,False,False,False,Likely Spoiled,Not Suitable,10.499075,Not Suitable,2,2,True,False
20260429_140321.jpg,3,Pork Belly,not fresh,09:58:11,E:\Thesis Code\processed_hsv_lab_threshold_roi_224\sample 3\not fresh\20260429_140321.jpg,pork_belly_sample_3,belly,cross_rotation,all,meatlens,all,all,all,file_destination,E:\Thesis Code\processed_hsv_lab_threshold_roi_224\sample 3\not fresh\20260429_140321.jpg,False,researcher_home,old_phone,,not fresh,not fresh,0.019852517,0.97571397,0.0044335625,not fresh,0.97571397,fresh,0.019852517,0.9955665,0.95586145,0,True,True,True,False,False,False,Likely Not Fresh,Consume Immediately / Manual inspection recommended,55.693855,Consume Immediately,1,1,True,False
20260429_080055.jpg,4,Pork Belly,fresh,05:38:15,E:\Thesis Code\processed_hsv_lab_threshold_roi_224\sample 4\fresh\20260429_080055.jpg,pork_belly_sample_4,belly,cross_rotation,all,meatlens,all,all,all,file_destination,E:\Thesis Code\processed_hsv_lab_threshold_roi_224\sample 4\fresh\20260429_080055.jpg,False,partner_home,old_phone,,fresh,fresh,0.99492323,0.0034877677,0.0015889085,fresh,0.99492323,not fresh,0.0034877677,0.998411,0.99143547,0,True,True,True,False,False,False,Likely Fresh,Good for Consumption,99.70004,Good for Consumption,0,0,True,False
20260429_161223.jpg,3,Pork Belly,not fresh,12:08:27,E:\Thesis Code\processed_hsv_lab_threshold_roi_224\sample 3\not fresh\20260429_161223.jpg,pork_belly_sample_3,belly,cross_rotation,all,meatlens,all,all,all,file_destination,E:\Thesis Code\processed_hsv_lab_threshold_roi_224\sample 3\not fresh\20260429_161223.jpg,False,researcher_home,old_phone,,not fresh,not fresh,0.019185148,0.9733778,0.0074370573,not fresh,0.9733778,fresh,0.019185148,0.99256295,0.9541927,0,True,True,True,False,False,False,Likely Not Fresh,Consume Immediately / Manual inspection recommended,55.528667,Consume Immediately,1,1,True,False
20260423_111007.jpg,2,Pork Shoulder,not fresh,07:01:30,E:\Thesis Code\processed_hsv_lab_threshold_roi_224\sample 2\not fresh\20260423_111007.jpg,pork_shoulder_sample_2,shoulder,cross_rotation,all,meatlens,all,all,all,file_destination,E:\Thesis Code\processed_hsv_lab_threshold_roi_224\sample 2\not fresh\20260423_111007.jpg,False,partner_home,old_phone,,not fresh,not fresh,0.05535669,0.9233678,0.02127559,not fresh,0.9233678,fresh,0.05535669,0.9787245,0.8680111,0,True,True,True,False,False,False,Likely Not Fresh,Consume Immediately / Manual inspection recommended,56.533653,Consume Immediately,1,1,True,False
IMG20260508074524.jpg,6,Pork Ham,fresh,02:04:31,E:\Thesis Code\processed_hsv_lab_threshold_roi_224\sample 6\fresh\IMG20260508074524.jpg,pork_ham_sample_6,ham,cross_rotation,all,meatlens,all,all,all,file_destination,E:\Thesis Code\processed_hsv_lab_threshold_roi_224\sample 6\fresh\IMG20260508074524.jpg,False,partner_home,new_phone,,fresh,fresh,0.99313,0.0055364924,0.0013334093,fresh,0.99313,not fresh,0.0055364924,0.9986665,0.98759353,0,True,True,True,False,False,False,Likely Fresh,Good for Consumption,99.630844,Good for Consumption,0,0,True,False
IMG_20260517_141933.jpg,7,Pork Loin,not fresh,09:00:18,E:\Thesis Code\processed_hsv_lab_threshold_roi_224\sample 7\not fresh\IMG_20260517_141933.jpg,pork_loin_sample_7,loin,cross_rotation,all,meatlens,all,all,all,file_destination,E:\Thesis Code\processed_hsv_lab_threshold_roi_224\sample 7\not fresh\IMG_20260517_141933.jpg,False,researcher_home,new_phone,,not fresh,not fresh,0.027779555,0.9612853,0.010935172,not fresh,0.9612853,fresh,0.027779555,0.9890649,0.9335057,0,True,True,True,False,False,False,Likely Not Fresh,Consume Immediately / Manual inspection recommended,55.758,Consume Immediately,1,1,True,False
20260429_042501.jpg,3,Pork Belly,fresh,00:04:06,E:\Thesis Code\processed_hsv_lab_threshold_roi_224\sample 3\fresh\20260429_042501.jpg,pork_belly_sample_3,belly,cross_rotation,all,meatlens,all,all,all,file_destination,E:\Thesis Code\processed_hsv_lab_threshold_roi_224\sample 3\fresh\20260429_042501.jpg,False,researcher_home,old_phone,,fresh,fresh,0.96423197,0.023583937,0.0121840425,fresh,0.96423197,not fresh,0.023583937,0.9878159,0.940648,0,True,True,True,False,False,False,Likely Fresh,Good for Consumption,97.842155,Good for Consumption,0,0,True,False
IMG_20260518_014236.jpg,7,Pork Loin,spoiled,19:21:24,E:\Thesis Code\processed_hsv_lab_threshold_roi_224\sample 7\spoiled\IMG_20260518_014236.jpg,pork_loin_sample_7,loin,cross_rotation,all,meatlens,all,all,all,file_destination,E:\Thesis Code\processed_hsv_lab_threshold_roi_224\sample 7\spoiled\IMG_20260518_014236.jpg,False,researcher_home,new_phone,,spoiled,spoiled,0.0035524713,0.1851033,0.8113442,spoiled,0.8113442,not fresh,0.1851033,0.9964475,0.6262409,0,True,True,True,False,True,False,Borderline Spoiled / Advanced Not Fresh,Not Suitable / Manual inspection recommended,18.64937,Not Suitable,2,2,True,False
20260703_144614.jpg,10,Pork Belly,not fresh,12:00:00,E:\Thesis Code\processed_hsv_lab_threshold_roi_224\sample 10\not fresh\20260703_144614.jpg,pork_belly_sample_10,belly,cross_rotation,all,public_dataset_2,all,all,all,file_destination,E:\Thesis Code\processed_hsv_lab_threshold_roi_224\sample 10\not fresh\20260703_144614.jpg,False,public_dataset_2,public_dataset_2,,not fresh,not fresh,0.05627825,0.88644004,0.057281792,not fresh,0.88644004,spoiled,0.057281792,0.94372183,0.82915825,0,True,True,True,False,True,False,Borderline Spoiled / Advanced Not Fresh,Not Suitable / Manual inspection recommended,54.954845,Consume Immediately,1,1,True,False
20260429_070747.jpg,4,Pork Belly,fresh,01:22:09,E:\Thesis Code\processed_hsv_lab_threshold_roi_224\sample 4\fresh\20260429_070747.jpg,pork_belly_sample_4,belly,cross_rotation,all,meatlens,all,all,all,file_destination,E:\Thesis Code\processed_hsv_lab_threshold_roi_224\sample 4\fresh\20260429_070747.jpg,False,partner_home,old_phone,,fresh,fresh,0.99847883,0.0010991207,0.0004220179,fresh,0.99847883,not fresh,0.0010991207,0.99957794,0.9973797,0,True,True,True,False,False,False,Likely Fresh,Good for Consumption,99.91255,Good for Consumption,0,0,True,False
IMG_20260508_143100.jpg,5,Pork Ham,not fresh,10:27:08,E:\Thesis Code\processed_hsv_lab_threshold_roi_224\sample 5\not fresh\IMG_20260508_143100.jpg,pork_ham_sample_5,ham,cross_rotation,all,meatlens,all,all,all,file_destination,E:\Thesis Code\processed_hsv_lab_threshold_roi_224\sample 5\not fresh\IMG_20260508_143100.jpg,False,researcher_home,new_phone,,not fresh,not fresh,0.10553458,0.89138407,0.003081339,not fresh,0.89138407,fresh,0.10553458,0.9969187,0.78584945,0,True,True,True,False,True,False,Borderline Fresh / Early Not Fresh,Consume Immediately / Check carefully,59.610394,Consume Immediately,1,1,True,False
08-11-2022 21-25-29_jpg.rf.FUEnqL7lWfxP4c131tch.jpg,11,Various Pork Meat,not fresh,,E:\Thesis Code\processed_hsv_lab_threshold_roi_224\sample 11\half fresh\08-11-2022 21-25-29_jpg.rf.FUEnqL7lWfxP4c131tch.jpg,various_pork_meat_sample_11,various,cross_rotation,all,public_dataset_2,all,all,all,file_destination,E:\Thesis Code\processed_hsv_lab_threshold_roi_224\sample 11\half fresh\08-11-2022 21-25-29_jpg.rf.FUEnqL7lWfxP4c131tch.jpg,False,public_dataset_2,public_dataset_2,,not fresh,not fresh,0.05754293,0.68467,0.25778708,not fresh,0.68467,spoiled,0.25778708,0.9424571,0.4268829,0,True,True,True,False,True,False,Borderline Spoiled / Advanced Not Fresh,Not Suitable / Manual inspection recommended,45.989014,Consume Immediately,1,1,True,False
08-11-2022 13-01-03_jpg.rf.wbNgrsObXyJwQ08kp8KD.jpg,11,Various Pork Meat,fresh,,E:\Thesis Code\processed_hsv_lab_threshold_roi_224\sample 11\fresh\08-11-2022 13-01-03_jpg.rf.wbNgrsObXyJwQ08kp8KD.jpg,various_pork_meat_sample_11,various,cross_rotation,all,public_dataset_2,all,all,all,file_destination,E:\Thesis Code\processed_hsv_lab_threshold_roi_224\sample 11\fresh\08-11-2022 13-01-03_jpg.rf.wbNgrsObXyJwQ08kp8KD.jpg,False,public_dataset_2,public_dataset_2,,fresh,fresh,0.8691457,0.106375225,0.024479177,fresh,0.8691457,not fresh,0.106375225,0.9755209,0.7627705,0,True,True,True,False,True,False,Borderline Fresh / Early Not Fresh,Consume Immediately / Check carefully,93.009995,Good for Consumption,0,0,True,False
IMG_20260518_151025.jpg,7,Pork Loin,spoiled,31:46:08,E:\Thesis Code\processed_hsv_lab_threshold_roi_224\sample 7\spoiled\IMG_20260518_151025.jpg,pork_loin_sample_7,loin,cross_rotation,all,meatlens,all,all,all,file_destination,E:\Thesis Code\processed_hsv_lab_threshold_roi_224\sample 7\spoiled\IMG_20260518_151025.jpg,False,researcher_home,new_phone,,spoiled,spoiled,0.0001287225,0.0061500333,0.9937212,spoiled,0.9937212,not fresh,0.0061500333,0.9998712,0.9875712,0,True,True,True,False,False,False,Likely Spoiled,Not Suitable,10.288336,Not Suitable,2,2,True,False
20260429_052700.jpg,3,Pork Belly,fresh,04:38:58,E:\Thesis Code\processed_hsv_lab_threshold_roi_224\sample 3\fresh\20260429_052700.jpg,pork_belly_sample_3,belly,cross_rotation,all,meatlens,all,all,all,file_destination,E:\Thesis Code\processed_hsv_lab_threshold_roi_224\sample 3\fresh\20260429_052700.jpg,False,researcher_home,old_phone,,fresh,fresh,0.9838192,0.013788396,0.002392404,fresh,0.9838192,not fresh,0.013788396,0.9976076,0.9700308,0,True,True,True,False,False,False,Likely Fresh,Good for Consumption,99.16421,Good for Consumption,0,0,True,False
SPOILED-993-_JPG.rf.6882247e8e421d54cfd121fa82926171.jpg,12,Various Pork Meat,spoiled,,E:\Thesis Code\processed_hsv_lab_threshold_roi_224\sample 12\spoiled\SPOILED-993-_JPG.rf.6882247e8e421d54cfd121fa82926171.jpg,various_pork_meat_sample_12,various,cross_rotation,all,public_dataset_2,all,all,all,file_destination,E:\Thesis Code\processed_hsv_lab_threshold_roi_224\sample 12\spoiled\SPOILED-993-_JPG.rf.6882247e8e421d54cfd121fa82926171.jpg,False,public_dataset_2,public_dataset_2,,spoiled,spoiled,0.009991531,0.016979765,0.9730287,spoiled,0.9730287,not fresh,0.016979765,0.9900085,0.95604897,0,True,True,True,False,False,False,Likely Spoiled,Not Suitable,11.663327,Not Suitable,2,2,True,False
SPOILED-476-_JPG.rf.a57743c8cb76d6c0e4ce57edae4e982a.jpg,12,Various Pork Meat,spoiled,,E:\Thesis Code\processed_hsv_lab_threshold_roi_224\sample 12\spoiled\SPOILED-476-_JPG.rf.a57743c8cb76d6c0e4ce57edae4e982a.jpg,various_pork_meat_sample_12,various,cross_rotation,all,public_dataset_2,all,all,all,file_destination,E:\Thesis Code\processed_hsv_lab_threshold_roi_224\sample 12\spoiled\SPOILED-476-_JPG.rf.a57743c8cb76d6c0e4ce57edae4e982a.jpg,False,public_dataset_2,public_dataset_2,,spoiled,spoiled,0.14922379,0.25562516,0.59515107,spoiled,0.59515107,not fresh,0.25562516,0.8507762,0.3395259,0,True,True,True,False,True,True,Borderline Spoiled / Advanced Not Fresh,Not Suitable / Manual inspection recommended,34.933273,Not Suitable,2,2,True,False
IMG20260508215017.jpg,6,Pork Ham,spoiled,17:22:37,E:\Thesis Code\processed_hsv_lab_threshold_roi_224\sample 6\spoiled\IMG20260508215017.jpg,pork_ham_sample_6,ham,cross_rotation,all,meatlens,all,all,all,file_destination,E:\Thesis Code\processed_hsv_lab_threshold_roi_224\sample 6\spoiled\IMG20260508215017.jpg,False,partner_home,new_phone,,spoiled,spoiled,0.00037215318,0.10368726,0.89594054,spoiled,0.89594054,not fresh,0.10368726,0.9996278,0.79225326,0,True,True,True,False,True,False,Borderline Spoiled / Advanced Not Fresh,Not Suitable / Manual inspection recommended,14.69942,Not Suitable,2,2,True,False
20260424_131058.jpg,2,Pork Shoulder,spoiled,30:25:56,E:\Thesis Code\processed_hsv_lab_threshold_roi_224\sample 2\spoiled\20260424_131058.jpg,pork_shoulder_sample_2,shoulder,cross_rotation,all,meatlens,all,all,all,file_destination,E:\Thesis Code\processed_hsv_lab_threshold_roi_224\sample 2\spoiled\20260424_131058.jpg,False,partner_home,old_phone,,spoiled,spoiled,0.0009290762,0.0003924783,0.9986784,spoiled,0.9986784,fresh,0.0009290762,0.99960744,0.9977493,0,True,True,True,False,False,False,Likely Spoiled,Not Suitable,10.101277,Not Suitable,2,2,False,False
20260517_121201.jpg,8,Pork Loin,spoiled,29:48:33,E:\Thesis Code\processed_hsv_lab_threshold_roi_224\sample 8\spoiled\20260517_121201.jpg,pork_loin_sample_8,loin,cross_rotation,all,meatlens,all,all,all,file_destination,E:\Thesis Code\processed_hsv_lab_threshold_roi_224\sample 8\spoiled\20260517_121201.jpg,False,partner_home,new_phone,,spoiled,spoiled,1.1776831e-05,0.006961088,0.99302715,spoiled,0.99302715,not fresh,0.006961088,0.99998826,0.98606604,0,True,True,True,False,False,False,Likely Spoiled,Not Suitable,10.314309,Not Suitable,2,2,True,False
20260625_171911.jpg,9,Pork Hind Leg,spoiled,24:00:00,E:\Thesis Code\processed_hsv_lab_threshold_roi_224\sample 9\spoiled\20260625_171911.jpg,pork_hind_leg_sample_9,hind_leg,cross_rotation,all,public_dataset_2,all,all,all,file_destination,E:\Thesis Code\processed_hsv_lab_threshold_roi_224\sample 9\spoiled\20260625_171911.jpg,False,public_dataset_2,public_dataset_2,,spoiled,spoiled,0.011310557,0.002236652,0.98645276,spoiled,0.98645276,fresh,0.011310557,0.99776334,0.9751422,0,True,True,True,False,False,False,Likely Spoiled,Not Suitable,11.118599,Not Suitable,2,2,False,False
20260430_153742.jpg,3,Pork Belly,spoiled,28:57:53,E:\Thesis Code\processed_hsv_lab_threshold_roi_224\sample 3\spoiled\20260430_153742.jpg,pork_belly_sample_3,belly,cross_rotation,all,meatlens,all,all,all,file_destination,E:\Thesis Code\processed_hsv_lab_threshold_roi_224\sample 3\spoiled\20260430_153742.jpg,False,researcher_home,old_phone,,spoiled,spoiled,0.002125403,0.0057644323,0.9921102,spoiled,0.9921102,not fresh,0.0057644323,0.9978746,0.98634577,0,True,True,True,False,False,False,Likely Spoiled,Not Suitable,10.450686,Not Suitable,2,2,True,False
IMG20260508093802.jpg,6,Pork Ham,fresh,04:55:29,E:\Thesis Code\processed_hsv_lab_threshold_roi_224\sample 6\fresh\IMG20260508093802.jpg,pork_ham_sample_6,ham,cross_rotation,all,meatlens,all,all,all,file_destination,E:\Thesis Code\processed_hsv_lab_threshold_roi_224\sample 6\fresh\IMG20260508093802.jpg,False,partner_home,new_phone,,fresh,fresh,0.8952388,0.10356398,0.0011972131,fresh,0.8952388,not fresh,0.10356398,0.9988028,0.79167485,0,True,True,True,False,True,False,Borderline Fresh / Early Not Fresh,Consume Immediately / Check carefully,95.23187,Good for Consumption,0,0,True,False
20260430_161512.jpg,4,Pork Belly,spoiled,30:12:40,E:\Thesis Code\processed_hsv_lab_threshold_roi_224\sample 4\spoiled\20260430_161512.jpg,pork_belly_sample_4,belly,cross_rotation,all,meatlens,all,all,all,file_destination,E:\Thesis Code\processed_hsv_lab_threshold_roi_224\sample 4\spoiled\20260430_161512.jpg,False,partner_home,old_phone,,spoiled,spoiled,0.00013477186,0.0023890713,0.99747616,spoiled,0.99747616,not fresh,0.0023890713,0.99986523,0.9950871,0,True,True,True,False,False,False,Likely Spoiled,Not Suitable,10.1196375,Not Suitable,2,2,True,False
20260424_153949.jpg,1,Pork Shoulder,not fresh,11:39:30,E:\Thesis Code\processed_hsv_lab_threshold_roi_224\sample 1\not fresh\20260424_153949.jpg,pork_shoulder_sample_1,shoulder,cross_rotation,all,meatlens,all,all,all,file_destination,E:\Thesis Code\processed_hsv_lab_threshold_roi_224\sample 1\not fresh\20260424_153949.jpg,False,researcher_home,old_phone,,not fresh,not fresh,0.035757627,0.9625652,0.0016772303,not fresh,0.9625652,fresh,0.035757627,0.9983228,0.9268076,0,True,True,True,False,False,False,Likely Not Fresh,Consume Immediately / Manual inspection recommended,56.53362,Consume Immediately,1,1,True,False
IMG20260509191442.jpg,6,Pork Ham,spoiled,26:08:27,E:\Thesis Code\processed_hsv_lab_threshold_roi_224\sample 6\spoiled\IMG20260509191442.jpg,pork_ham_sample_6,ham,cross_rotation,all,meatlens,all,all,all,file_destination,E:\Thesis Code\processed_hsv_lab_threshold_roi_224\sample 6\spoiled\IMG20260509191442.jpg,False,partner_home,new_phone,,spoiled,spoiled,2.1549188e-06,0.0031014686,0.9968964,spoiled,0.9968964,not fresh,0.0031014686,0.99999785,0.9937949,0,True,True,True,False,False,False,Likely Spoiled,Not Suitable,10.13976,Not Suitable,2,2,True,False
09-11-2022 11-24-43_jpg.rf.mIcy8EK7iF38KdApFmiC.jpg,11,Various Pork Meat,spoiled,,E:\Thesis Code\processed_hsv_lab_threshold_roi_224\sample 11\spoiled\09-11-2022 11-24-43_jpg.rf.mIcy8EK7iF38KdApFmiC.jpg,various_pork_meat_sample_11,various,cross_rotation,all,public_dataset_2,all,all,all,file_destination,E:\Thesis Code\processed_hsv_lab_threshold_roi_224\sample 11\spoiled\09-11-2022 11-24-43_jpg.rf.mIcy8EK7iF38KdApFmiC.jpg,False,public_dataset_2,public_dataset_2,,spoiled,spoiled,0.058734305,0.13885269,0.80241305,spoiled,0.80241305,not fresh,0.13885269,0.9412657,0.6635604,0,True,True,True,False,True,False,Borderline Spoiled / Advanced Not Fresh,Not Suitable / Manual inspection recommended,21.534458,Not Suitable,2,2,True,False
IMG_20260508_120846.jpg,5,Pork Ham,not fresh,08:07:14,E:\Thesis Code\processed_hsv_lab_threshold_roi_224\sample 5\not fresh\IMG_20260508_120846.jpg,pork_ham_sample_5,ham,cross_rotation,all,meatlens,all,all,all,file_destination,E:\Thesis Code\processed_hsv_lab_threshold_roi_224\sample 5\not fresh\IMG_20260508_120846.jpg,False,researcher_home,new_phone,,not fresh,fresh,0.7334805,0.26139888,0.0051206774,fresh,0.7334805,not fresh,0.26139888,0.99487936,0.47208163,1,False,True,True,False,True,False,Borderline Fresh / Early Not Fresh,Consume Immediately / Check carefully,87.7762,Good for Consumption,0,1,True,False
IMG_20260508_115345.jpg,5,Pork Ham,fresh,07:52:46,E:\Thesis Code\processed_hsv_lab_threshold_roi_224\sample 5\fresh\IMG_20260508_115345.jpg,pork_ham_sample_5,ham,cross_rotation,all,meatlens,all,all,all,file_destination,E:\Thesis Code\processed_hsv_lab_threshold_roi_224\sample 5\fresh\IMG_20260508_115345.jpg,False,researcher_home,new_phone,,fresh,fresh,0.7682294,0.22354023,0.008230386,fresh,0.7682294,not fresh,0.22354023,0.9917697,0.5446892,0,True,True,True,False,True,False,Borderline Fresh / Early Not Fresh,Consume Immediately / Check carefully,89.19996,Good for Consumption,0,0,True,False
IMG_20260517_134633.jpg,7,Pork Loin,not fresh,08:30:45,E:\Thesis Code\processed_hsv_lab_threshold_roi_224\sample 7\not fresh\IMG_20260517_134633.jpg,pork_loin_sample_7,loin,cross_rotation,all,meatlens,all,all,all,file_destination,E:\Thesis Code\processed_hsv_lab_threshold_roi_224\sample 7\not fresh\IMG_20260517_134633.jpg,False,researcher_home,new_phone,,not fresh,not fresh,0.02380377,0.96384245,0.0123538,not fresh,0.96384245,fresh,0.02380377,0.9876462,0.9400387,0,True,True,True,False,False,False,Likely Not Fresh,Consume Immediately / Manual inspection recommended,55.51525,Consume Immediately,1,1,True,False
20260424_185158.jpg,1,Pork Shoulder,not fresh,14:50:03,E:\Thesis Code\processed_hsv_lab_threshold_roi_224\sample 1\not fresh\20260424_185158.jpg,pork_shoulder_sample_1,shoulder,cross_rotation,all,meatlens,all,all,all,file_destination,E:\Thesis Code\processed_hsv_lab_threshold_roi_224\sample 1\not fresh\20260424_185158.jpg,False,researcher_home,old_phone,,not fresh,not fresh,0.0037327895,0.9459609,0.05030632,not fresh,0.9459609,spoiled,0.05030632,0.9962672,0.89565456,0,True,True,True,False,False,False,Likely Not Fresh,Consume Immediately / Manual inspection recommended,52.90419,Consume Immediately,1,1,True,False
IMG_20260518_180425.jpg,7,Pork Loin,spoiled,34:30:45,E:\Thesis Code\processed_hsv_lab_threshold_roi_224\sample 7\spoiled\IMG_20260518_180425.jpg,pork_loin_sample_7,loin,cross_rotation,all,meatlens,all,all,all,file_destination,E:\Thesis Code\processed_hsv_lab_threshold_roi_224\sample 7\spoiled\IMG_20260518_180425.jpg,False,researcher_home,new_phone,,spoiled,spoiled,3.038813e-05,0.0010751662,0.99889445,spoiled,0.99889445,not fresh,0.0010751662,0.9999696,0.9978193,0,True,True,True,False,False,False,Likely Spoiled,Not Suitable,10.051118,Not Suitable,2,2,True,False
20260424_082038.jpg,1,Pork Shoulder,fresh,02:24:43,E:\Thesis Code\processed_hsv_lab_threshold_roi_224\sample 1\fresh\20260424_082038.jpg,pork_shoulder_sample_1,shoulder,cross_rotation,all,meatlens,all,all,all,file_destination,E:\Thesis Code\processed_hsv_lab_threshold_roi_224\sample 1\fresh\20260424_082038.jpg,False,researcher_home,old_phone,,fresh,fresh,0.9951101,0.0047054873,0.00018441502,fresh,0.9951101,not fresh,0.0047054873,0.9998156,0.9904046,0,True,True,True,False,False,False,Likely Fresh,Good for Consumption,99.77165,Good for Consumption,0,0,True,False
IMG_20260508_115545.jpg,5,Pork Ham,fresh,07:55:11,E:\Thesis Code\processed_hsv_lab_threshold_roi_224\sample 5\fresh\IMG_20260508_115545.jpg,pork_ham_sample_5,ham,cross_rotation,all,meatlens,all,all,all,file_destination,E:\Thesis Code\processed_hsv_lab_threshold_roi_224\sample 5\fresh\IMG_20260508_115545.jpg,False,researcher_home,new_phone,,fresh,fresh,0.8770871,0.11808592,0.0048268777,fresh,0.8770871,not fresh,0.11808592,0.99517304,0.7590012,0,True,True,True,False,True,False,Borderline Fresh / Early Not Fresh,Consume Immediately / Check carefully,94.25171,Good for Consumption,0,0,True,False
20260516_192508.jpg,8,Pork Loin,spoiled,15:41:55,E:\Thesis Code\processed_hsv_lab_threshold_roi_224\sample 8\spoiled\20260516_192508.jpg,pork_loin_sample_8,loin,cross_rotation,all,meatlens,all,all,all,file_destination,E:\Thesis Code\processed_hsv_lab_threshold_roi_224\sample 8\spoiled\20260516_192508.jpg,False,partner_home,new_phone,,spoiled,spoiled,0.0025002174,0.3247295,0.6727703,spoiled,0.6727703,not fresh,0.3247295,0.9974998,0.34804082,0,True,True,True,False,True,False,Borderline Spoiled / Advanced Not Fresh,Not Suitable / Manual inspection recommended,24.837847,Not Suitable,2,2,True,False
IMG20260423070158.jpg,2,Pork Shoulder,fresh,01:01:30,E:\Thesis Code\processed_hsv_lab_threshold_roi_224\sample 2\fresh\IMG20260423070158.jpg,pork_shoulder_sample_2,shoulder,cross_rotation,all,meatlens,all,all,all,file_destination,E:\Thesis Code\processed_hsv_lab_threshold_roi_224\sample 2\fresh\IMG20260423070158.jpg,False,partner_home,old_phone,,fresh,fresh,0.99350476,0.0051013394,0.001393832,fresh,0.99350476,not fresh,0.0051013394,0.9986061,0.98840344,0,True,True,True,False,False,False,Likely Fresh,Good for Consumption,99.64499,Good for Consumption,0,0,True,False
20260424_202959.jpg,1,Pork Shoulder,spoiled,16:28:57,E:\Thesis Code\processed_hsv_lab_threshold_roi_224\sample 1\spoiled\20260424_202959.jpg,pork_shoulder_sample_1,shoulder,cross_rotation,all,meatlens,all,all,all,file_destination,E:\Thesis Code\processed_hsv_lab_threshold_roi_224\sample 1\spoiled\20260424_202959.jpg,False,researcher_home,old_phone,,spoiled,not fresh,0.0048250915,0.93328923,0.06188568,not fresh,0.93328923,spoiled,0.06188568,0.9951749,0.8714036,1,False,True,True,False,False,False,Likely Not Fresh,Consume Immediately / Manual inspection recommended,52.432274,Consume Immediately,1,2,True,False
20260423_101902.jpg,2,Pork Shoulder,not fresh,06:05:26,E:\Thesis Code\processed_hsv_lab_threshold_roi_224\sample 2\not fresh\20260423_101902.jpg,pork_shoulder_sample_2,shoulder,cross_rotation,all,meatlens,all,all,all,file_destination,E:\Thesis Code\processed_hsv_lab_threshold_roi_224\sample 2\not fresh\20260423_101902.jpg,False,partner_home,old_phone,,not fresh,not fresh,0.04104477,0.8562281,0.10272717,not fresh,0.8562281,spoiled,0.10272717,0.9589553,0.75350094,0,True,True,True,False,True,False,Borderline Spoiled / Advanced Not Fresh,Not Suitable / Manual inspection recommended,52.224297,Consume Immediately,1,1,True,False
IMG_20260508_192224.jpg,5,Pork Ham,not fresh,15:11:46,E:\Thesis Code\processed_hsv_lab_threshold_roi_224\sample 5\not fresh\IMG_20260508_192224.jpg,pork_ham_sample_5,ham,cross_rotation,all,meatlens,all,all,all,file_destination,E:\Thesis Code\processed_hsv_lab_threshold_roi_224\sample 5\not fresh\IMG_20260508_192224.jpg,False,researcher_home,new_phone,,not fresh,not fresh,0.011038391,0.70342064,0.28554088,not fresh,0.70342064,spoiled,0.28554088,0.9889615,0.41787976,0,True,True,True,False,True,False,Borderline Spoiled / Advanced Not Fresh,Not Suitable / Manual inspection recommended,42.647385,Consume Immediately,1,1,True,False
20260703_125640.jpg,10,Pork Belly,not fresh,12:00:00,E:\Thesis Code\processed_hsv_lab_threshold_roi_224\sample 10\not fresh\20260703_125640.jpg,pork_belly_sample_10,belly,cross_rotation,all,public_dataset_2,all,all,all,file_destination,E:\Thesis Code\processed_hsv_lab_threshold_roi_224\sample 10\not fresh\20260703_125640.jpg,False,public_dataset_2,public_dataset_2,,not fresh,not fresh,0.45072517,0.5463976,0.0028771479,not fresh,0.5463976,fresh,0.45072517,0.99712276,0.09567246,0,True,True,True,False,True,True,Borderline Fresh / Early Not Fresh,Consume Immediately / Check carefully,75.15316,Good for Consumption,1,1,True,False
20260704_132837.jpg,10,Pork Belly,spoiled,24:00:00,E:\Thesis Code\processed_hsv_lab_threshold_roi_224\sample 10\spoiled\20260704_132837.jpg,pork_belly_sample_10,belly,cross_rotation,all,public_dataset_2,all,all,all,file_destination,E:\Thesis Code\processed_hsv_lab_threshold_roi_224\sample 10\spoiled\20260704_132837.jpg,False,public_dataset_2,public_dataset_2,,spoiled,spoiled,0.0003190303,0.0010895089,0.9985915,spoiled,0.9985915,not fresh,0.0010895089,0.999681,0.99750197,0,True,True,True,False,False,False,Likely Spoiled,Not Suitable,10.077741,Not Suitable,2,2,True,False
20260517_084729.jpg,8,Pork Loin,spoiled,25:37:41,E:\Thesis Code\processed_hsv_lab_threshold_roi_224\sample 8\spoiled\20260517_084729.jpg,pork_loin_sample_8,loin,cross_rotation,all,meatlens,all,all,all,file_destination,E:\Thesis Code\processed_hsv_lab_threshold_roi_224\sample 8\spoiled\20260517_084729.jpg,False,partner_home,new_phone,,spoiled,spoiled,0.00011389969,0.025131866,0.9747542,spoiled,0.9747542,not fresh,0.025131866,0.9998861,0.94962233,0,True,True,True,False,False,False,Likely Spoiled,Not Suitable,11.141185,Not Suitable,2,2,True,False
FRESH-75-_JPG.rf.63da179af60430fb636c594883f726d2.jpg,12,Various Pork Meat,fresh,,E:\Thesis Code\processed_hsv_lab_threshold_roi_224\sample 12\fresh\FRESH-75-_JPG.rf.63da179af60430fb636c594883f726d2.jpg,various_pork_meat_sample_12,various,cross_rotation,all,public_dataset_2,all,all,all,file_destination,E:\Thesis Code\processed_hsv_lab_threshold_roi_224\sample 12\fresh\FRESH-75-_JPG.rf.63da179af60430fb636c594883f726d2.jpg,False,public_dataset_2,public_dataset_2,,fresh,fresh,0.89018625,0.10726619,0.0025475556,fresh,0.89018625,not fresh,0.10726619,0.99745244,0.78292006,0,True,True,True,False,True,False,Borderline Fresh / Early Not Fresh,Consume Immediately / Check carefully,94.94374,Good for Consumption,0,0,True,False
20260703_200355.jpg,10,Pork Belly,spoiled,24:00:00,E:\Thesis Code\processed_hsv_lab_threshold_roi_224\sample 10\spoiled\20260703_200355.jpg,pork_belly_sample_10,belly,cross_rotation,all,public_dataset_2,all,all,all,file_destination,E:\Thesis Code\processed_hsv_lab_threshold_roi_224\sample 10\spoiled\20260703_200355.jpg,False,public_dataset_2,public_dataset_2,,spoiled,spoiled,0.0030858675,0.26655662,0.7303576,spoiled,0.7303576,not fresh,0.26655662,0.9969142,0.46380097,0,True,True,True,False,True,False,Borderline Spoiled / Advanced Not Fresh,Not Suitable / Manual inspection recommended,22.272778,Not Suitable,2,2,True,False
20260424_174957.jpg,1,Pork Shoulder,not fresh,13:47:20,E:\Thesis Code\processed_hsv_lab_threshold_roi_224\sample 1\not fresh\20260424_174957.jpg,pork_shoulder_sample_1,shoulder,cross_rotation,all,meatlens,all,all,all,file_destination,E:\Thesis Code\processed_hsv_lab_threshold_roi_224\sample 1\not fresh\20260424_174957.jpg,False,researcher_home,old_phone,,not fresh,not fresh,0.0072433716,0.9823843,0.010372355,not fresh,0.9823843,spoiled,0.010372355,0.99275666,0.972012,0,True,True,True,False,False,False,Likely Not Fresh,Consume Immediately / Manual inspection recommended,54.8592,Consume Immediately,1,1,True,False
20260517_084128.jpg,8,Pork Loin,spoiled,25:29:51,E:\Thesis Code\processed_hsv_lab_threshold_roi_224\sample 8\spoiled\20260517_084128.jpg,pork_loin_sample_8,loin,cross_rotation,all,meatlens,all,all,all,file_destination,E:\Thesis Code\processed_hsv_lab_threshold_roi_224\sample 8\spoiled\20260517_084128.jpg,False,partner_home,new_phone,,spoiled,spoiled,3.435276e-05,0.019063601,0.9809021,spoiled,0.9809021,not fresh,0.019063601,0.99996567,0.9618385,0,True,True,True,False,False,False,Likely Spoiled,Not Suitable,10.860954,Not Suitable,2,2,True,False
IMG_20260509_191130.jpg,5,Pork Ham,spoiled,27:34:40,E:\Thesis Code\processed_hsv_lab_threshold_roi_224\sample 5\spoiled\IMG_20260509_191130.jpg,pork_ham_sample_5,ham,cross_rotation,all,meatlens,all,all,all,file_destination,E:\Thesis Code\processed_hsv_lab_threshold_roi_224\sample 5\spoiled\IMG_20260509_191130.jpg,False,researcher_home,new_phone,,spoiled,spoiled,0.00010408198,0.0017233815,0.9981725,spoiled,0.9981725,not fresh,0.0017233815,0.99989593,0.9964491,0,True,True,True,False,False,False,Likely Spoiled,Not Suitable,10.08692,Not Suitable,2,2,True,False
IMG_20260517_104517.jpg,7,Pork Loin,fresh,03:21:22,E:\Thesis Code\processed_hsv_lab_threshold_roi_224\sample 7\fresh\IMG_20260517_104517.jpg,pork_loin_sample_7,loin,cross_rotation,all,meatlens,all,all,all,file_destination,E:\Thesis Code\processed_hsv_lab_threshold_roi_224\sample 7\fresh\IMG_20260517_104517.jpg,False,researcher_home,new_phone,,fresh,fresh,0.98678565,0.012487417,0.00072683225,fresh,0.98678565,not fresh,0.012487417,0.99927306,0.97429824,0,True,True,True,False,False,False,Likely Fresh,Good for Consumption,99.37264,Good for Consumption,0,0,True,False
IMG20260509164633.jpg,6,Pork Ham,spoiled,23:58:11,E:\Thesis Code\processed_hsv_lab_threshold_roi_224\sample 6\spoiled\IMG20260509164633.jpg,pork_ham_sample_6,ham,cross_rotation,all,meatlens,all,all,all,file_destination,E:\Thesis Code\processed_hsv_lab_threshold_roi_224\sample 6\spoiled\IMG20260509164633.jpg,False,partner_home,new_phone,,spoiled,spoiled,9.351036e-06,0.004188861,0.99580175,spoiled,0.99580175,not fresh,0.004188861,0.9999906,0.9916129,0,True,True,True,False,False,False,Likely Spoiled,Not Suitable,10.18934,Not Suitable,2,2,True,False
20260424_152048.jpg,1,Pork Shoulder,not fresh,11:20:12,E:\Thesis Code\processed_hsv_lab_threshold_roi_224\sample 1\not fresh\20260424_152048.jpg,pork_shoulder_sample_1,shoulder,cross_rotation,all,meatlens,all,all,all,file_destination,E:\Thesis Code\processed_hsv_lab_threshold_roi_224\sample 1\not fresh\20260424_152048.jpg,False,researcher_home,old_phone,,not fresh,not fresh,0.011142879,0.9800887,0.008768458,not fresh,0.9800887,fresh,0.011142879,0.99123156,0.96894586,0,True,True,True,False,False,False,Likely Not Fresh,Consume Immediately / Manual inspection recommended,55.10685,Consume Immediately,1,1,True,False
20260703_093322.jpg,10,Pork Belly,fresh,04:00:00,E:\Thesis Code\processed_hsv_lab_threshold_roi_224\sample 10\fresh\20260703_093322.jpg,pork_belly_sample_10,belly,cross_rotation,all,public_dataset_2,all,all,all,file_destination,E:\Thesis Code\processed_hsv_lab_threshold_roi_224\sample 10\fresh\20260703_093322.jpg,False,public_dataset_2,public_dataset_2,,fresh,fresh,0.9323228,0.066171475,0.0015057998,fresh,0.9323228,not fresh,0.066171475,0.99849427,0.86615133,0,True,True,True,False,False,False,Likely Fresh,Good for Consumption,96.88677,Good for Consumption,0,0,True,False
20260516_144631.jpg,8,Pork Loin,not fresh,10:47:56,E:\Thesis Code\processed_hsv_lab_threshold_roi_224\sample 8\not fresh\20260516_144631.jpg,pork_loin_sample_8,loin,cross_rotation,all,meatlens,all,all,all,file_destination,E:\Thesis Code\processed_hsv_lab_threshold_roi_224\sample 8\not fresh\20260516_144631.jpg,False,partner_home,new_phone,,not fresh,not fresh,0.019878544,0.90983367,0.07028782,not fresh,0.90983367,spoiled,0.07028782,0.9801215,0.83954585,0,True,True,True,False,False,False,Likely Not Fresh,Consume Immediately / Manual inspection recommended,52.731583,Consume Immediately,1,1,True,False
20260429_074924.jpg,4,Pork Belly,fresh,04:42:41,E:\Thesis Code\processed_hsv_lab_threshold_roi_224\sample 4\fresh\20260429_074924.jpg,pork_belly_sample_4,belly,cross_rotation,all,meatlens,all,all,all,file_destination,E:\Thesis Code\processed_hsv_lab_threshold_roi_224\sample 4\fresh\20260429_074924.jpg,False,partner_home,old_phone,,fresh,fresh,0.9950814,0.0024071012,0.0025114557,fresh,0.9950814,spoiled,0.0025114557,0.99759287,0.99257,0,True,True,True,False,False,False,Likely Fresh,Good for Consumption,99.66565,Good for Consumption,0,0,False,False
20260703_175853.jpg,10,Pork Belly,spoiled,24:00:00,E:\Thesis Code\processed_hsv_lab_threshold_roi_224\sample 10\spoiled\20260703_175853.jpg,pork_belly_sample_10,belly,cross_rotation,all,public_dataset_2,all,all,all,file_destination,E:\Thesis Code\processed_hsv_lab_threshold_roi_224\sample 10\spoiled\20260703_175853.jpg,False,public_dataset_2,public_dataset_2,,spoiled,spoiled,0.0055100485,0.30959713,0.6848928,spoiled,0.6848928,not fresh,0.30959713,0.9944899,0.37529564,0,True,True,True,False,True,False,Borderline Spoiled / Advanced Not Fresh,Not Suitable / Manual inspection recommended,24.427774,Not Suitable,2,2,True,False
20260703_081707.jpg,10,Pork Belly,fresh,04:00:00,E:\Thesis Code\processed_hsv_lab_threshold_roi_224\sample 10\fresh\20260703_081707.jpg,pork_belly_sample_10,belly,cross_rotation,all,public_dataset_2,all,all,all,file_destination,E:\Thesis Code\processed_hsv_lab_threshold_roi_224\sample 10\fresh\20260703_081707.jpg,False,public_dataset_2,public_dataset_2,,fresh,fresh,0.69617057,0.29384154,0.009987923,fresh,0.69617057,not fresh,0.29384154,0.9900121,0.40232903,0,True,True,True,False,True,False,Borderline Fresh / Early Not Fresh,Consume Immediately / Check carefully,85.87822,Good for Consumption,0,0,True,False
IMG_20260509_193930.jpg,5,Pork Ham,spoiled,27:49:09,E:\Thesis Code\processed_hsv_lab_threshold_roi_224\sample 5\spoiled\IMG_20260509_193930.jpg,pork_ham_sample_5,ham,cross_rotation,all,meatlens,all,all,all,file_destination,E:\Thesis Code\processed_hsv_lab_threshold_roi_224\sample 5\spoiled\IMG_20260509_193930.jpg,False,researcher_home,new_phone,,spoiled,spoiled,0.00040208315,0.004157451,0.9954405,spoiled,0.9954405,not fresh,0.004157451,0.9995979,0.99128306,0,True,True,True,False,False,False,Likely Spoiled,Not Suitable,10.223273,Not Suitable,2,2,True,False
IMG20260508170259.jpg,6,Pork Ham,not fresh,13:03:01,E:\Thesis Code\processed_hsv_lab_threshold_roi_224\sample 6\not fresh\IMG20260508170259.jpg,pork_ham_sample_6,ham,cross_rotation,all,meatlens,all,all,all,file_destination,E:\Thesis Code\processed_hsv_lab_threshold_roi_224\sample 6\not fresh\IMG20260508170259.jpg,False,partner_home,new_phone,,not fresh,not fresh,0.010705341,0.8597481,0.12954652,not fresh,0.8597481,spoiled,0.12954652,0.98929465,0.7302016,0,True,True,True,False,True,False,Borderline Spoiled / Advanced Not Fresh,Not Suitable / Manual inspection recommended,49.652145,Consume Immediately,1,1,True,False
20260423_112509.jpg,2,Pork Shoulder,not fresh,07:17:47,E:\Thesis Code\processed_hsv_lab_threshold_roi_224\sample 2\not fresh\20260423_112509.jpg,pork_shoulder_sample_2,shoulder,cross_rotation,all,meatlens,all,all,all,file_destination,E:\Thesis Code\processed_hsv_lab_threshold_roi_224\sample 2\not fresh\20260423_112509.jpg,False,partner_home,old_phone,,not fresh,not fresh,0.016217269,0.9739672,0.009815575,not fresh,0.9739672,fresh,0.016217269,0.9901845,0.9577499,0,True,True,True,False,False,False,Likely Not Fresh,Consume Immediately / Manual inspection recommended,55.28808,Consume Immediately,1,1,True,False
IMG_20260517_200135.jpg,7,Pork Loin,not fresh,14:00:00,E:\Thesis Code\processed_hsv_lab_threshold_roi_224\sample 7\not fresh\IMG_20260517_200135.jpg,pork_loin_sample_7,loin,cross_rotation,all,meatlens,all,all,all,file_destination,E:\Thesis Code\processed_hsv_lab_threshold_roi_224\sample 7\not fresh\IMG_20260517_200135.jpg,False,researcher_home,new_phone,,not fresh,not fresh,0.001763932,0.68475944,0.3134766,not fresh,0.68475944,spoiled,0.3134766,0.99823606,0.37128285,0,True,True,True,False,True,False,Borderline Spoiled / Advanced Not Fresh,Not Suitable / Manual inspection recommended,40.972927,Consume Immediately,1,1,True,False
IMG_20260508_101744.jpg,5,Pork Ham,fresh,06:13:52,E:\Thesis Code\processed_hsv_lab_threshold_roi_224\sample 5\fresh\IMG_20260508_101744.jpg,pork_ham_sample_5,ham,cross_rotation,all,meatlens,all,all,all,file_destination,E:\Thesis Code\processed_hsv_lab_threshold_roi_224\sample 5\fresh\IMG_20260508_101744.jpg,False,researcher_home,new_phone,,fresh,fresh,0.98545927,0.0139744,0.0005663679,fresh,0.98545927,not fresh,0.0139744,0.9994337,0.97148484,0,True,True,True,False,False,False,Likely Fresh,Good for Consumption,99.32018,Good for Consumption,0,0,True,False
20260429_143734.jpg,4,Pork Belly,not fresh,06:37:59,E:\Thesis Code\processed_hsv_lab_threshold_roi_224\sample 4\not fresh\20260429_143734.jpg,pork_belly_sample_4,belly,cross_rotation,all,meatlens,all,all,all,file_destination,E:\Thesis Code\processed_hsv_lab_threshold_roi_224\sample 4\not fresh\20260429_143734.jpg,False,partner_home,old_phone,,not fresh,not fresh,0.0025139328,0.98304665,0.014439505,not fresh,0.98304665,spoiled,0.014439505,0.9974862,0.9686071,0,True,True,True,False,False,False,Likely Not Fresh,Consume Immediately / Manual inspection recommended,54.463356,Consume Immediately,1,1,True,False
IMG_20260517_114933.jpg,7,Pork Loin,fresh,06:25:29,E:\Thesis Code\processed_hsv_lab_threshold_roi_224\sample 7\fresh\IMG_20260517_114933.jpg,pork_loin_sample_7,loin,cross_rotation,all,meatlens,all,all,all,file_destination,E:\Thesis Code\processed_hsv_lab_threshold_roi_224\sample 7\fresh\IMG_20260517_114933.jpg,False,researcher_home,new_phone,,fresh,fresh,0.8893208,0.10792738,0.0027518417,fresh,0.8893208,not fresh,0.10792738,0.9972482,0.7813934,0,True,True,True,False,True,False,Borderline Fresh / Early Not Fresh,Consume Immediately / Check carefully,94.89561,Good for Consumption,0,0,True,False
IMG_20260517_222335.jpg,7,Pork Loin,spoiled,16:13:16,E:\Thesis Code\processed_hsv_lab_threshold_roi_224\sample 7\spoiled\IMG_20260517_222335.jpg,pork_loin_sample_7,loin,cross_rotation,all,meatlens,all,all,all,file_destination,E:\Thesis Code\processed_hsv_lab_threshold_roi_224\sample 7\spoiled\IMG_20260517_222335.jpg,False,researcher_home,new_phone,,spoiled,spoiled,0.02722,0.42347127,0.54930866,spoiled,0.54930866,not fresh,0.42347127,0.9727799,0.12583739,0,True,True,True,False,True,True,Borderline Spoiled / Advanced Not Fresh,Not Suitable / Manual inspection recommended,31.506006,Not Suitable,2,2,True,False
20260625_124827.jpg,9,Pork Hind Leg,spoiled,24:00:00,E:\Thesis Code\processed_hsv_lab_threshold_roi_224\sample 9\spoiled\20260625_124827.jpg,pork_hind_leg_sample_9,hind_leg,cross_rotation,all,public_dataset_2,all,all,all,file_destination,E:\Thesis Code\processed_hsv_lab_threshold_roi_224\sample 9\spoiled\20260625_124827.jpg,False,public_dataset_2,public_dataset_2,,spoiled,spoiled,0.0031698085,0.00012246767,0.9967077,spoiled,0.9967077,fresh,0.0031698085,0.9998775,0.99353784,0,True,True,True,False,False,False,Likely Spoiled,Not Suitable,10.290793,Not Suitable,2,2,False,False
20260516_072824.jpg,8,Pork Loin,fresh,00:35:53,E:\Thesis Code\processed_hsv_lab_threshold_roi_224\sample 8\fresh\20260516_072824.jpg,pork_loin_sample_8,loin,cross_rotation,all,meatlens,all,all,all,file_destination,E:\Thesis Code\processed_hsv_lab_threshold_roi_224\sample 8\fresh\20260516_072824.jpg,False,partner_home,new_phone,,fresh,fresh,0.9947176,0.0052045863,7.7759956e-05,fresh,0.9947176,not fresh,0.0052045863,0.99992216,0.98951304,0,True,True,True,False,False,False,Likely Fresh,Good for Consumption,99.75879,Good for Consumption,0,0,True,False
20260704_114103.jpg,10,Pork Belly,spoiled,24:00:00,E:\Thesis Code\processed_hsv_lab_threshold_roi_224\sample 10\spoiled\20260704_114103.jpg,pork_belly_sample_10,belly,cross_rotation,all,public_dataset_2,all,all,all,file_destination,E:\Thesis Code\processed_hsv_lab_threshold_roi_224\sample 10\spoiled\20260704_114103.jpg,False,public_dataset_2,public_dataset_2,,spoiled,spoiled,0.0003183847,0.00093599065,0.99874556,spoiled,0.99874556,not fresh,0.00093599065,0.99968153,0.9978096,0,True,True,True,False,False,False,Likely Spoiled,Not Suitable,10.070773,Not Suitable,2,2,True,False
20260429_202700.jpg,4,Pork Belly,spoiled,15:08:08,E:\Thesis Code\processed_hsv_lab_threshold_roi_224\sample 4\spoiled\20260429_202700.jpg,pork_belly_sample_4,belly,cross_rotation,all,meatlens,all,all,all,file_destination,E:\Thesis Code\processed_hsv_lab_threshold_roi_224\sample 4\spoiled\20260429_202700.jpg,False,partner_home,old_phone,,spoiled,not fresh,0.03722651,0.8287975,0.13397597,not fresh,0.8287975,spoiled,0.13397597,0.9627735,0.69482154,1,False,True,True,False,True,False,Borderline Spoiled / Advanced Not Fresh,Not Suitable / Manual inspection recommended,50.646275,Consume Immediately,1,2,True,False
IMG20260423094609.jpg,2,Pork Shoulder,fresh,05:18:24,E:\Thesis Code\processed_hsv_lab_threshold_roi_224\sample 2\fresh\IMG20260423094609.jpg,pork_shoulder_sample_2,shoulder,cross_rotation,all,meatlens,all,all,all,file_destination,E:\Thesis Code\processed_hsv_lab_threshold_roi_224\sample 2\fresh\IMG20260423094609.jpg,False,partner_home,old_phone,,fresh,fresh,0.97403616,0.023992024,0.0019718192,fresh,0.97403616,not fresh,0.023992024,0.99802816,0.95004416,0,True,True,True,False,False,False,Likely Fresh,Good for Consumption,98.7429,Good for Consumption,0,0,True,False
20260703_100741.jpg,10,Pork Belly,fresh,04:00:00,E:\Thesis Code\processed_hsv_lab_threshold_roi_224\sample 10\fresh\20260703_100741.jpg,pork_belly_sample_10,belly,cross_rotation,all,public_dataset_2,all,all,all,file_destination,E:\Thesis Code\processed_hsv_lab_threshold_roi_224\sample 10\fresh\20260703_100741.jpg,False,public_dataset_2,public_dataset_2,,fresh,fresh,0.7843546,0.21404286,0.0016024993,fresh,0.7843546,not fresh,0.21404286,0.99839747,0.5703118,0,True,True,True,False,True,False,Borderline Fresh / Early Not Fresh,Consume Immediately / Check carefully,90.22385,Good for Consumption,0,0,True,False
FRESH-190-_JPG.rf.5b7c4fac61a0754d48107654d39a6657.jpg,12,Various Pork Meat,fresh,,E:\Thesis Code\processed_hsv_lab_threshold_roi_224\sample 12\fresh\FRESH-190-_JPG.rf.5b7c4fac61a0754d48107654d39a6657.jpg,various_pork_meat_sample_12,various,cross_rotation,all,public_dataset_2,all,all,all,file_destination,E:\Thesis Code\processed_hsv_lab_threshold_roi_224\sample 12\fresh\FRESH-190-_JPG.rf.5b7c4fac61a0754d48107654d39a6657.jpg,False,public_dataset_2,public_dataset_2,,fresh,fresh,0.9970888,0.0023714167,0.00053970626,fresh,0.9970888,not fresh,0.0023714167,0.9994602,0.99471736,0,True,True,True,False,False,False,Likely Fresh,Good for Consumption,99.8447,Good for Consumption,0,0,True,False
20260430_013830.jpg,3,Pork Belly,spoiled,19:43:07,E:\Thesis Code\processed_hsv_lab_threshold_roi_224\sample 3\spoiled\20260430_013830.jpg,pork_belly_sample_3,belly,cross_rotation,all,meatlens,all,all,all,file_destination,E:\Thesis Code\processed_hsv_lab_threshold_roi_224\sample 3\spoiled\20260430_013830.jpg,False,researcher_home,old_phone,,spoiled,spoiled,0.0012066228,0.1563656,0.8424278,spoiled,0.8424278,not fresh,0.1563656,0.99879336,0.6860622,0,True,True,True,False,True,False,Borderline Spoiled / Advanced Not Fresh,Not Suitable / Manual inspection recommended,17.145048,Not Suitable,2,2,True,False
FRESH-456-_JPG.rf.5a0ad245eb0dcc37a6a321addc1b28ea.jpg,12,Various Pork Meat,fresh,,E:\Thesis Code\processed_hsv_lab_threshold_roi_224\sample 12\fresh\FRESH-456-_JPG.rf.5a0ad245eb0dcc37a6a321addc1b28ea.jpg,various_pork_meat_sample_12,various,cross_rotation,all,public_dataset_2,all,all,all,file_destination,E:\Thesis Code\processed_hsv_lab_threshold_roi_224\sample 12\fresh\FRESH-456-_JPG.rf.5a0ad245eb0dcc37a6a321addc1b28ea.jpg,False,public_dataset_2,public_dataset_2,,fresh,fresh,0.9882509,0.011713009,3.6038695e-05,fresh,0.9882509,not fresh,0.011713009,0.99996394,0.9765379,0,True,True,True,False,False,False,Likely Fresh,Good for Consumption,99.469666,Good for Consumption,0,0,True,False
IMG_20260508_074841.jpg,5,Pork Ham,fresh,03:39:30,E:\Thesis Code\processed_hsv_lab_threshold_roi_224\sample 5\fresh\IMG_20260508_074841.jpg,pork_ham_sample_5,ham,cross_rotation,all,meatlens,all,all,all,file_destination,E:\Thesis Code\processed_hsv_lab_threshold_roi_224\sample 5\fresh\IMG_20260508_074841.jpg,False,researcher_home,new_phone,,fresh,fresh,0.99620545,0.0036877256,0.00010678312,fresh,0.99620545,not fresh,0.0036877256,0.9998932,0.9925177,0,True,True,True,False,False,False,Likely Fresh,Good for Consumption,99.82444,Good for Consumption,0,0,True,False
IMG_20260508_103444.jpg,5,Pork Ham,fresh,06:30:45,E:\Thesis Code\processed_hsv_lab_threshold_roi_224\sample 5\fresh\IMG_20260508_103444.jpg,pork_ham_sample_5,ham,cross_rotation,all,meatlens,all,all,all,file_destination,E:\Thesis Code\processed_hsv_lab_threshold_roi_224\sample 5\fresh\IMG_20260508_103444.jpg,False,researcher_home,new_phone,,fresh,fresh,0.96779513,0.031712983,0.00049196836,fresh,0.96779513,not fresh,0.031712983,0.99950814,0.9360821,0,True,True,True,False,False,False,Likely Fresh,Good for Consumption,98.52865,Good for Consumption,0,0,True,False
20260625_151135.jpg,9,Pork Hind Leg,spoiled,24:00:00,E:\Thesis Code\processed_hsv_lab_threshold_roi_224\sample 9\spoiled\20260625_151135.jpg,pork_hind_leg_sample_9,hind_leg,cross_rotation,all,public_dataset_2,all,all,all,file_destination,E:\Thesis Code\processed_hsv_lab_threshold_roi_224\sample 9\spoiled\20260625_151135.jpg,False,public_dataset_2,public_dataset_2,,spoiled,spoiled,0.024154082,0.007144088,0.96870184,spoiled,0.96870184,fresh,0.024154082,0.9928559,0.9445478,0,True,True,True,False,False,False,Likely Spoiled,Not Suitable,12.495352,Not Suitable,2,2,False,False
20260429_135321.jpg,3,Pork Belly,not fresh,09:48:33,E:\Thesis Code\processed_hsv_lab_threshold_roi_224\sample 3\not fresh\20260429_135321.jpg,pork_belly_sample_3,belly,cross_rotation,all,meatlens,all,all,all,file_destination,E:\Thesis Code\processed_hsv_lab_threshold_roi_224\sample 3\not fresh\20260429_135321.jpg,False,researcher_home,old_phone,,not fresh,not fresh,0.026831977,0.96917814,0.003989862,not fresh,0.96917814,fresh,0.026831977,0.9960101,0.94234616,0,True,True,True,False,False,False,Likely Not Fresh,Consume Immediately / Manual inspection recommended,56.027893,Consume Immediately,1,1,True,False
20260429_153713.jpg,4,Pork Belly,not fresh,08:12:04,E:\Thesis Code\processed_hsv_lab_threshold_roi_224\sample 4\not fresh\20260429_153713.jpg,pork_belly_sample_4,belly,cross_rotation,all,meatlens,all,all,all,file_destination,E:\Thesis Code\processed_hsv_lab_threshold_roi_224\sample 4\not fresh\20260429_153713.jpg,False,partner_home,old_phone,,not fresh,not fresh,0.003122979,0.8243049,0.1725721,not fresh,0.8243049,spoiled,0.1725721,0.99687696,0.6517328,0,True,True,True,False,True,False,Borderline Spoiled / Advanced Not Fresh,Not Suitable / Manual inspection recommended,47.374786,Consume Immediately,1,1,True,False
IMG_20260508_125658.jpg,5,Pork Ham,not fresh,08:53:04,E:\Thesis Code\processed_hsv_lab_threshold_roi_224\sample 5\not fresh\IMG_20260508_125658.jpg,pork_ham_sample_5,ham,cross_rotation,all,meatlens,all,all,all,file_destination,E:\Thesis Code\processed_hsv_lab_threshold_roi_224\sample 5\not fresh\IMG_20260508_125658.jpg,False,researcher_home,new_phone,,not fresh,not fresh,0.028007977,0.97094,0.0010520578,not fresh,0.97094,fresh,0.028007977,0.998948,0.942932,0,True,True,True,False,False,False,Likely Not Fresh,Consume Immediately / Manual inspection recommended,56.213017,Consume Immediately,1,1,True,False
20260424_092141.jpg,1,Pork Shoulder,fresh,03:58:48,E:\Thesis Code\processed_hsv_lab_threshold_roi_224\sample 1\fresh\20260424_092141.jpg,pork_shoulder_sample_1,shoulder,cross_rotation,all,meatlens,all,all,all,file_destination,E:\Thesis Code\processed_hsv_lab_threshold_roi_224\sample 1\fresh\20260424_092141.jpg,False,researcher_home,old_phone,,fresh,fresh,0.9923467,0.0074775512,0.00017582966,fresh,0.9923467,not fresh,0.0074775512,0.9998242,0.9848692,0,True,True,True,False,False,False,Likely Fresh,Good for Consumption,99.6477,Good for Consumption,0,0,True,False
IMG20260423063057.jpg,2,Pork Shoulder,fresh,00:14:28,E:\Thesis Code\processed_hsv_lab_threshold_roi_224\sample 2\fresh\IMG20260423063057.jpg,pork_shoulder_sample_2,shoulder,cross_rotation,all,meatlens,all,all,all,file_destination,E:\Thesis Code\processed_hsv_lab_threshold_roi_224\sample 2\fresh\IMG20260423063057.jpg,False,partner_home,old_phone,,fresh,fresh,0.9988752,0.0008104886,0.0003142466,fresh,0.9988752,not fresh,0.0008104886,0.9996857,0.9980647,0,True,True,True,False,False,False,Likely Fresh,Good for Consumption,99.93524,Good for Consumption,0,0,True,False
20260516_093915.jpg,8,Pork Loin,fresh,05:29:15,E:\Thesis Code\processed_hsv_lab_threshold_roi_224\sample 8\fresh\20260516_093915.jpg,pork_loin_sample_8,loin,cross_rotation,all,meatlens,all,all,all,file_destination,E:\Thesis Code\processed_hsv_lab_threshold_roi_224\sample 8\fresh\20260516_093915.jpg,False,partner_home,new_phone,,fresh,fresh,0.89169496,0.10720047,0.0011045957,fresh,0.89169496,not fresh,0.10720047,0.9988954,0.7844945,0,True,True,True,False,True,False,Borderline Fresh / Early Not Fresh,Consume Immediately / Check carefully,95.07657,Good for Consumption,0,0,True,False
IMG20260509165733.jpg,6,Pork Ham,spoiled,24:07:50,E:\Thesis Code\processed_hsv_lab_threshold_roi_224\sample 6\spoiled\IMG20260509165733.jpg,pork_ham_sample_6,ham,cross_rotation,all,meatlens,all,all,all,file_destination,E:\Thesis Code\processed_hsv_lab_threshold_roi_224\sample 6\spoiled\IMG20260509165733.jpg,False,partner_home,new_phone,,spoiled,spoiled,6.617379e-05,0.021279398,0.97865444,spoiled,0.97865444,not fresh,0.021279398,0.99993384,0.95737505,0,True,True,True,False,False,False,Likely Spoiled,Not Suitable,10.963529,Not Suitable,2,2,True,False
20260625_155728.jpg,9,Pork Hind Leg,spoiled,24:00:00,E:\Thesis Code\processed_hsv_lab_threshold_roi_224\sample 9\spoiled\20260625_155728.jpg,pork_hind_leg_sample_9,hind_leg,cross_rotation,all,public_dataset_2,all,all,all,file_destination,E:\Thesis Code\processed_hsv_lab_threshold_roi_224\sample 9\spoiled\20260625_155728.jpg,False,public_dataset_2,public_dataset_2,,spoiled,spoiled,0.0043085185,0.0002030633,0.99548846,spoiled,0.99548846,fresh,0.0043085185,0.999797,0.99117994,0,True,True,True,False,False,False,Likely Spoiled,Not Suitable,10.396905,Not Suitable,2,2,False,False
20260704_164152.jpg,10,Pork Belly,spoiled,24:00:00,E:\Thesis Code\processed_hsv_lab_threshold_roi_224\sample 10\spoiled\20260704_164152.jpg,pork_belly_sample_10,belly,cross_rotation,all,public_dataset_2,all,all,all,file_destination,E:\Thesis Code\processed_hsv_lab_threshold_roi_224\sample 10\spoiled\20260704_164152.jpg,False,public_dataset_2,public_dataset_2,,spoiled,spoiled,0.00063346705,0.0011911279,0.9981754,spoiled,0.9981754,not fresh,0.0011911279,0.9993665,0.99698424,0,True,True,True,False,False,False,Likely Spoiled,Not Suitable,10.110613,Not Suitable,2,2,True,False
09-11-2022 10-54-21_jpg.rf.KgvmVIA0SbN3XiLrQHuA.jpg,11,Various Pork Meat,spoiled,,E:\Thesis Code\processed_hsv_lab_threshold_roi_224\sample 11\spoiled\09-11-2022 10-54-21_jpg.rf.KgvmVIA0SbN3XiLrQHuA.jpg,various_pork_meat_sample_11,various,cross_rotation,all,public_dataset_2,all,all,all,file_destination,E:\Thesis Code\processed_hsv_lab_threshold_roi_224\sample 11\spoiled\09-11-2022 10-54-21_jpg.rf.KgvmVIA0SbN3XiLrQHuA.jpg,False,public_dataset_2,public_dataset_2,,spoiled,spoiled,0.001208891,0.026322927,0.9724682,spoiled,0.9724682,not fresh,0.026322927,0.9987911,0.9461453,0,True,True,True,False,False,False,Likely Spoiled,Not Suitable,11.293332,Not Suitable,2,2,True,False
20260703_210206.jpg,10,Pork Belly,spoiled,24:00:00,E:\Thesis Code\processed_hsv_lab_threshold_roi_224\sample 10\spoiled\20260703_210206.jpg,pork_belly_sample_10,belly,cross_rotation,all,public_dataset_2,all,all,all,file_destination,E:\Thesis Code\processed_hsv_lab_threshold_roi_224\sample 10\spoiled\20260703_210206.jpg,False,public_dataset_2,public_dataset_2,,spoiled,spoiled,0.003152811,0.117607385,0.8792398,spoiled,0.8792398,not fresh,0.117607385,0.99684715,0.76163244,0,True,True,True,False,True,False,Borderline Spoiled / Advanced Not Fresh,Not Suitable / Manual inspection recommended,15.576085,Not Suitable,2,2,True,False
20260430_053234.jpg,3,Pork Belly,spoiled,22:19:54,E:\Thesis Code\processed_hsv_lab_threshold_roi_224\sample 3\spoiled\20260430_053234.jpg,pork_belly_sample_3,belly,cross_rotation,all,meatlens,all,all,all,file_destination,E:\Thesis Code\processed_hsv_lab_threshold_roi_224\sample 3\spoiled\20260430_053234.jpg,False,researcher_home,old_phone,,spoiled,spoiled,0.0002662405,0.005625522,0.9941082,spoiled,0.9941082,not fresh,0.005625522,0.99973375,0.98848265,0,True,True,True,False,False,False,Likely Spoiled,Not Suitable,10.27711,Not Suitable,2,2,True,False
IMG_20260508_125858.jpg,5,Pork Ham,not fresh,08:55:29,E:\Thesis Code\processed_hsv_lab_threshold_roi_224\sample 5\not fresh\IMG_20260508_125858.jpg,pork_ham_sample_5,ham,cross_rotation,all,meatlens,all,all,all,file_destination,E:\Thesis Code\processed_hsv_lab_threshold_roi_224\sample 5\not fresh\IMG_20260508_125858.jpg,False,researcher_home,new_phone,,not fresh,not fresh,0.014239511,0.9847552,0.0010052383,not fresh,0.9847552,fresh,0.014239511,0.9989947,0.9705157,0,True,True,True,False,False,False,Likely Not Fresh,Consume Immediately / Manual inspection recommended,55.59554,Consume Immediately,1,1,True,False
20260429_072419.jpg,4,Pork Belly,fresh,02:41:53,E:\Thesis Code\processed_hsv_lab_threshold_roi_224\sample 4\fresh\20260429_072419.jpg,pork_belly_sample_4,belly,cross_rotation,all,meatlens,all,all,all,file_destination,E:\Thesis Code\processed_hsv_lab_threshold_roi_224\sample 4\fresh\20260429_072419.jpg,False,partner_home,old_phone,,fresh,fresh,0.99884343,0.0009250885,0.0002314229,fresh,0.99884343,not fresh,0.0009250885,0.9997685,0.99791837,0,True,True,True,False,False,False,Likely Fresh,Good for Consumption,99.93754,Good for Consumption,0,0,True,False
IMG_20260509_122828.jpg,5,Pork Ham,spoiled,24:12:04,E:\Thesis Code\processed_hsv_lab_threshold_roi_224\sample 5\spoiled\IMG_20260509_122828.jpg,pork_ham_sample_5,ham,cross_rotation,all,meatlens,all,all,all,file_destination,E:\Thesis Code\processed_hsv_lab_threshold_roi_224\sample 5\spoiled\IMG_20260509_122828.jpg,False,researcher_home,new_phone,,spoiled,spoiled,0.0016670089,0.0020022898,0.9963306,spoiled,0.9963306,not fresh,0.0020022898,0.9983329,0.9943283,0,True,True,True,False,False,False,Likely Spoiled,Not Suitable,10.240133,Not Suitable,2,2,True,False
FRESH-916-_JPG.rf.e0b72645714ae5011adefce1b9cf6780.jpg,12,Various Pork Meat,fresh,,E:\Thesis Code\processed_hsv_lab_threshold_roi_224\sample 12\fresh\FRESH-916-_JPG.rf.e0b72645714ae5011adefce1b9cf6780.jpg,various_pork_meat_sample_12,various,cross_rotation,all,public_dataset_2,all,all,all,file_destination,E:\Thesis Code\processed_hsv_lab_threshold_roi_224\sample 12\fresh\FRESH-916-_JPG.rf.e0b72645714ae5011adefce1b9cf6780.jpg,False,public_dataset_2,public_dataset_2,,fresh,fresh,0.9718164,0.028084034,9.950923e-05,fresh,0.9718164,not fresh,0.028084034,0.99990046,0.9437324,0,True,True,True,False,False,False,Likely Fresh,Good for Consumption,98.72726,Good for Consumption,0,0,True,False
IMG_20260508_041734.jpg,5,Pork Ham,fresh,00:02:25,E:\Thesis Code\processed_hsv_lab_threshold_roi_224\sample 5\fresh\IMG_20260508_041734.jpg,pork_ham_sample_5,ham,cross_rotation,all,meatlens,all,all,all,file_destination,E:\Thesis Code\processed_hsv_lab_threshold_roi_224\sample 5\fresh\IMG_20260508_041734.jpg,False,researcher_home,new_phone,,fresh,fresh,0.75444376,0.2334843,0.012071935,fresh,0.75444376,not fresh,0.2334843,0.98792803,0.5209595,0,True,True,True,False,True,False,Borderline Fresh / Early Not Fresh,Consume Immediately / Check carefully,88.40673,Good for Consumption,0,0,True,False
08-11-2022 18-59-12_jpg.rf.BCgFNwkJWo8rNEpnYVQv.jpg,11,Various Pork Meat,fresh,,E:\Thesis Code\processed_hsv_lab_threshold_roi_224\sample 11\fresh\08-11-2022 18-59-12_jpg.rf.BCgFNwkJWo8rNEpnYVQv.jpg,various_pork_meat_sample_11,various,cross_rotation,all,public_dataset_2,all,all,all,file_destination,E:\Thesis Code\processed_hsv_lab_threshold_roi_224\sample 11\fresh\08-11-2022 18-59-12_jpg.rf.BCgFNwkJWo8rNEpnYVQv.jpg,False,public_dataset_2,public_dataset_2,,fresh,fresh,0.6758383,0.2844152,0.039746545,fresh,0.6758383,not fresh,0.2844152,0.9602535,0.3914231,0,True,True,True,False,True,False,Borderline Fresh / Early Not Fresh,Consume Immediately / Check carefully,83.62413,Good for Consumption,0,0,True,False
20260624_095807.jpg,9,Pork Hind Leg,fresh,04:00:00,E:\Thesis Code\processed_hsv_lab_threshold_roi_224\sample 9\fresh\20260624_095807.jpg,pork_hind_leg_sample_9,hind_leg,cross_rotation,all,public_dataset_2,all,all,all,file_destination,E:\Thesis Code\processed_hsv_lab_threshold_roi_224\sample 9\fresh\20260624_095807.jpg,False,public_dataset_2,public_dataset_2,,fresh,fresh,0.60786927,0.32089785,0.071232915,fresh,0.60786927,not fresh,0.32089785,0.9287671,0.28697142,0,True,True,True,False,True,False,Borderline Fresh / Early Not Fresh,Consume Immediately / Check carefully,79.148636,Good for Consumption,0,0,True,False
IMG_20260517_233736.jpg,7,Pork Loin,spoiled,17:23:49,E:\Thesis Code\processed_hsv_lab_threshold_roi_224\sample 7\spoiled\IMG_20260517_233736.jpg,pork_loin_sample_7,loin,cross_rotation,all,meatlens,all,all,all,file_destination,E:\Thesis Code\processed_hsv_lab_threshold_roi_224\sample 7\spoiled\IMG_20260517_233736.jpg,False,researcher_home,new_phone,,spoiled,not fresh,0.032415245,0.48658845,0.48099634,not fresh,0.48658845,spoiled,0.48099634,0.9675848,0.005592108,1,False,True,True,False,True,True,Borderline Spoiled / Advanced Not Fresh,Not Suitable / Manual inspection recommended,34.813854,Not Suitable,1,2,True,False
IMG20260508100833.jpg,6,Pork Ham,fresh,05:41:55,E:\Thesis Code\processed_hsv_lab_threshold_roi_224\sample 6\fresh\IMG20260508100833.jpg,pork_ham_sample_6,ham,cross_rotation,all,meatlens,all,all,all,file_destination,E:\Thesis Code\processed_hsv_lab_threshold_roi_224\sample 6\fresh\IMG20260508100833.jpg,False,partner_home,new_phone,,fresh,fresh,0.89259577,0.10475354,0.0026507226,fresh,0.89259577,not fresh,0.10475354,0.9973493,0.7878422,0,True,True,True,False,True,False,Borderline Fresh / Early Not Fresh,Consume Immediately / Check carefully,95.04753,Good for Consumption,0,0,True,False
20260624_075001.jpg,9,Pork Hind Leg,fresh,04:00:00,E:\Thesis Code\processed_hsv_lab_threshold_roi_224\sample 9\fresh\20260624_075001.jpg,pork_hind_leg_sample_9,hind_leg,cross_rotation,all,public_dataset_2,all,all,all,file_destination,E:\Thesis Code\processed_hsv_lab_threshold_roi_224\sample 9\fresh\20260624_075001.jpg,False,public_dataset_2,public_dataset_2,,fresh,fresh,0.9409845,0.051054038,0.007961463,fresh,0.9409845,not fresh,0.051054038,0.99203855,0.8899304,0,True,True,True,False,False,False,Likely Fresh,Good for Consumption,96.98604,Good for Consumption,0,0,True,False
IMG20260423072030.jpg,2,Pork Shoulder,fresh,01:30:27,E:\Thesis Code\processed_hsv_lab_threshold_roi_224\sample 2\fresh\IMG20260423072030.jpg,pork_shoulder_sample_2,shoulder,cross_rotation,all,meatlens,all,all,all,file_destination,E:\Thesis Code\processed_hsv_lab_threshold_roi_224\sample 2\fresh\IMG20260423072030.jpg,False,partner_home,old_phone,,fresh,fresh,0.99690706,0.0021513193,0.00094159803,fresh,0.99690706,not fresh,0.0021513193,0.99905837,0.99475574,0,True,True,True,False,False,False,Likely Fresh,Good for Consumption,99.81844,Good for Consumption,0,0,True,False
20260424_120611.jpg,2,Pork Shoulder,spoiled,27:53:58,E:\Thesis Code\processed_hsv_lab_threshold_roi_224\sample 2\spoiled\20260424_120611.jpg,pork_shoulder_sample_2,shoulder,cross_rotation,all,meatlens,all,all,all,file_destination,E:\Thesis Code\processed_hsv_lab_threshold_roi_224\sample 2\spoiled\20260424_120611.jpg,False,partner_home,old_phone,,spoiled,spoiled,0.0025929525,0.0016313854,0.9957756,spoiled,0.9957756,fresh,0.0025929525,0.99836856,0.9931826,0,True,True,True,False,False,False,Likely Spoiled,Not Suitable,10.306777,Not Suitable,2,2,False,False
20260516_095718.jpg,8,Pork Loin,fresh,05:50:21,E:\Thesis Code\processed_hsv_lab_threshold_roi_224\sample 8\fresh\20260516_095718.jpg,pork_loin_sample_8,loin,cross_rotation,all,meatlens,all,all,all,file_destination,E:\Thesis Code\processed_hsv_lab_threshold_roi_224\sample 8\fresh\20260516_095718.jpg,False,partner_home,new_phone,,fresh,fresh,0.8691047,0.12975211,0.0011432065,fresh,0.8691047,not fresh,0.12975211,0.9988568,0.7393526,0,True,True,True,False,True,False,Borderline Fresh / Early Not Fresh,Consume Immediately / Check carefully,94.058266,Good for Consumption,0,0,True,False
IMG20260508064551.jpg,6,Pork Ham,fresh,00:33:46,E:\Thesis Code\processed_hsv_lab_threshold_roi_224\sample 6\fresh\IMG20260508064551.jpg,pork_ham_sample_6,ham,cross_rotation,all,meatlens,all,all,all,file_destination,E:\Thesis Code\processed_hsv_lab_threshold_roi_224\sample 6\fresh\IMG20260508064551.jpg,False,partner_home,new_phone,,fresh,fresh,0.9953017,0.0035647412,0.001133601,fresh,0.9953017,not fresh,0.0035647412,0.99886644,0.991737,0,True,True,True,False,False,False,Likely Fresh,Good for Consumption,99.73757,Good for Consumption,0,0,True,False
20260425_184723.jpg,1,Pork Shoulder,spoiled,38:59:42,E:\Thesis Code\processed_hsv_lab_threshold_roi_224\sample 1\spoiled\20260425_184723.jpg,pork_shoulder_sample_1,shoulder,cross_rotation,all,meatlens,all,all,all,file_destination,E:\Thesis Code\processed_hsv_lab_threshold_roi_224\sample 1\spoiled\20260425_184723.jpg,False,researcher_home,old_phone,,spoiled,spoiled,4.9166283e-07,0.0031184347,0.9968811,spoiled,0.9968811,not fresh,0.0031184347,0.9999996,0.9937627,0,True,True,True,False,False,False,Likely Spoiled,Not Suitable,10.140374,Not Suitable,2,2,True,False
IMG20260508190007.jpg,6,Pork Ham,spoiled,14:53:04,E:\Thesis Code\processed_hsv_lab_threshold_roi_224\sample 6\spoiled\IMG20260508190007.jpg,pork_ham_sample_6,ham,cross_rotation,all,meatlens,all,all,all,file_destination,E:\Thesis Code\processed_hsv_lab_threshold_roi_224\sample 6\spoiled\IMG20260508190007.jpg,False,partner_home,new_phone,,spoiled,spoiled,0.0004901271,0.2188469,0.7806629,spoiled,0.7806629,not fresh,0.2188469,0.9995098,0.561816,0,True,True,True,False,True,False,Borderline Spoiled / Advanced Not Fresh,Not Suitable / Manual inspection recommended,19.892221,Not Suitable,2,2,True,False
20260423_190308.jpg,2,Pork Shoulder,spoiled,15:31:03,E:\Thesis Code\processed_hsv_lab_threshold_roi_224\sample 2\spoiled\20260423_190308.jpg,pork_shoulder_sample_2,shoulder,cross_rotation,all,meatlens,all,all,all,file_destination,E:\Thesis Code\processed_hsv_lab_threshold_roi_224\sample 2\spoiled\20260423_190308.jpg,False,partner_home,old_phone,,spoiled,spoiled,0.006825074,0.11395854,0.8792164,spoiled,0.8792164,not fresh,0.11395854,0.9931749,0.76525784,0,True,True,True,False,True,False,Borderline Spoiled / Advanced Not Fresh,Not Suitable / Manual inspection recommended,15.742391,Not Suitable,2,2,True,False
IMG_20260518_195226.jpg,7,Pork Loin,spoiled,36:12:40,E:\Thesis Code\processed_hsv_lab_threshold_roi_224\sample 7\spoiled\IMG_20260518_195226.jpg,pork_loin_sample_7,loin,cross_rotation,all,meatlens,all,all,all,file_destination,E:\Thesis Code\processed_hsv_lab_threshold_roi_224\sample 7\spoiled\IMG_20260518_195226.jpg,False,researcher_home,new_phone,,spoiled,spoiled,8.3109835e-06,0.000359415,0.99963224,spoiled,0.99963224,not fresh,0.000359415,0.99999166,0.9992728,0,True,True,True,False,False,False,Likely Spoiled,Not Suitable,10.016921,Not Suitable,2,2,True,False
20260429_061501.jpg,3,Pork Belly,fresh,06:17:26,E:\Thesis Code\processed_hsv_lab_threshold_roi_224\sample 3\fresh\20260429_061501.jpg,pork_belly_sample_3,belly,cross_rotation,all,meatlens,all,all,all,file_destination,E:\Thesis Code\processed_hsv_lab_threshold_roi_224\sample 3\fresh\20260429_061501.jpg,False,researcher_home,old_phone,,fresh,fresh,0.9898977,0.009776665,0.00032563286,fresh,0.9898977,not fresh,0.009776665,0.9996744,0.9801211,0,True,True,True,False,False,False,Likely Fresh,Good for Consumption,99.53075,Good for Consumption,0,0,True,False
20260624_134028.jpg,9,Pork Hind Leg,not fresh,12:00:00,E:\Thesis Code\processed_hsv_lab_threshold_roi_224\sample 9\not fresh\20260624_134028.jpg,pork_hind_leg_sample_9,hind_leg,cross_rotation,all,public_dataset_2,all,all,all,file_destination,E:\Thesis Code\processed_hsv_lab_threshold_roi_224\sample 9\not fresh\20260624_134028.jpg,False,public_dataset_2,public_dataset_2,,not fresh,fresh,0.4822293,0.42352182,0.09424889,fresh,0.4822293,not fresh,0.42352182,0.9057511,0.058707476,1,False,True,True,False,True,True,Borderline Fresh / Early Not Fresh,Consume Immediately / Check carefully,72.45912,Good for Consumption,0,1,True,False
IMG20260509121816.jpg,6,Pork Ham,spoiled,20:01:49,E:\Thesis Code\processed_hsv_lab_threshold_roi_224\sample 6\spoiled\IMG20260509121816.jpg,pork_ham_sample_6,ham,cross_rotation,all,meatlens,all,all,all,file_destination,E:\Thesis Code\processed_hsv_lab_threshold_roi_224\sample 6\spoiled\IMG20260509121816.jpg,False,partner_home,new_phone,,spoiled,spoiled,1.3928842e-05,0.0014787928,0.9985072,spoiled,0.9985072,not fresh,0.0014787928,0.999986,0.9970284,0,True,True,True,False,False,False,Likely Spoiled,Not Suitable,10.067799,Not Suitable,2,2,True,False
20260429_154623.jpg,3,Pork Belly,not fresh,11:41:55,E:\Thesis Code\processed_hsv_lab_threshold_roi_224\sample 3\not fresh\20260429_154623.jpg,pork_belly_sample_3,belly,cross_rotation,all,meatlens,all,all,all,file_destination,E:\Thesis Code\processed_hsv_lab_threshold_roi_224\sample 3\not fresh\20260429_154623.jpg,False,researcher_home,old_phone,,not fresh,not fresh,0.014959263,0.98340744,0.001633242,not fresh,0.98340744,fresh,0.014959263,0.9983667,0.96844816,0,True,True,True,False,False,False,Likely Not Fresh,Consume Immediately / Manual inspection recommended,55.599667,Consume Immediately,1,1,True,False
SPOILED-747-_JPG.rf.ad4510524c6a67508a91173912565ae9.jpg,12,Various Pork Meat,spoiled,,E:\Thesis Code\processed_hsv_lab_threshold_roi_224\sample 12\spoiled\SPOILED-747-_JPG.rf.ad4510524c6a67508a91173912565ae9.jpg,various_pork_meat_sample_12,various,cross_rotation,all,public_dataset_2,all,all,all,file_destination,E:\Thesis Code\processed_hsv_lab_threshold_roi_224\sample 12\spoiled\SPOILED-747-_JPG.rf.ad4510524c6a67508a91173912565ae9.jpg,False,public_dataset_2,public_dataset_2,,spoiled,spoiled,0.0020633787,0.024443654,0.9734929,spoiled,0.9734929,not fresh,0.024443654,0.99793655,0.9490493,0,True,True,True,False,False,False,Likely Spoiled,Not Suitable,11.285668,Not Suitable,2,2,True,False
IMG_20260508_062740.jpg,5,Pork Ham,fresh,02:15:05,E:\Thesis Code\processed_hsv_lab_threshold_roi_224\sample 5\fresh\IMG_20260508_062740.jpg,pork_ham_sample_5,ham,cross_rotation,all,meatlens,all,all,all,file_destination,E:\Thesis Code\processed_hsv_lab_threshold_roi_224\sample 5\fresh\IMG_20260508_062740.jpg,False,researcher_home,new_phone,,fresh,fresh,0.99723,0.0027308196,3.927424e-05,fresh,0.99723,not fresh,0.0027308196,0.99996084,0.99449915,0,True,True,True,False,False,False,Likely Fresh,Good for Consumption,99.87359,Good for Consumption,0,0,True,False
HALF-FRESH-988-_JPG.rf.e3d961d2241761ebf0f0fb885d1f26b7.jpg,12,Various Pork Meat,not fresh,,E:\Thesis Code\processed_hsv_lab_threshold_roi_224\sample 12\not fresh\HALF-FRESH-988-_JPG.rf.e3d961d2241761ebf0f0fb885d1f26b7.jpg,various_pork_meat_sample_12,various,cross_rotation,all,public_dataset_2,all,all,all,file_destination,E:\Thesis Code\processed_hsv_lab_threshold_roi_224\sample 12\not fresh\HALF-FRESH-988-_JPG.rf.e3d961d2241761ebf0f0fb885d1f26b7.jpg,False,public_dataset_2,public_dataset_2,,not fresh,not fresh,0.15034713,0.74201626,0.10763669,not fresh,0.74201626,fresh,0.15034713,0.89236337,0.59166914,0,True,True,True,False,True,False,Borderline Fresh / Early Not Fresh,Consume Immediately / Check carefully,56.921974,Consume Immediately,1,1,True,False
20260430_182603.jpg,4,Pork Belly,spoiled,32:59:06,E:\Thesis Code\processed_hsv_lab_threshold_roi_224\sample 4\spoiled\20260430_182603.jpg,pork_belly_sample_4,belly,cross_rotation,all,meatlens,all,all,all,file_destination,E:\Thesis Code\processed_hsv_lab_threshold_roi_224\sample 4\spoiled\20260430_182603.jpg,False,partner_home,old_phone,,spoiled,spoiled,0.0019307883,0.03739054,0.9606787,spoiled,0.9606787,not fresh,0.03739054,0.9980692,0.92328817,0,True,True,True,False,False,False,Likely Spoiled,Not Suitable,11.856345,Not Suitable,2,2,True,False
20260517_120530.jpg,8,Pork Loin,spoiled,29:40:42,E:\Thesis Code\processed_hsv_lab_threshold_roi_224\sample 8\spoiled\20260517_120530.jpg,pork_loin_sample_8,loin,cross_rotation,all,meatlens,all,all,all,file_destination,E:\Thesis Code\processed_hsv_lab_threshold_roi_224\sample 8\spoiled\20260517_120530.jpg,False,partner_home,new_phone,,spoiled,spoiled,3.3482407e-05,0.013678477,0.9862881,spoiled,0.9862881,not fresh,0.013678477,0.99996656,0.9726096,0,True,True,True,False,False,False,Likely Spoiled,Not Suitable,10.618546,Not Suitable,2,2,True,False
20260516_171648.jpg,8,Pork Loin,not fresh,13:09:21,E:\Thesis Code\processed_hsv_lab_threshold_roi_224\sample 8\not fresh\20260516_171648.jpg,pork_loin_sample_8,loin,cross_rotation,all,meatlens,all,all,all,file_destination,E:\Thesis Code\processed_hsv_lab_threshold_roi_224\sample 8\not fresh\20260516_171648.jpg,False,partner_home,new_phone,,not fresh,not fresh,0.027132772,0.79752344,0.17534389,not fresh,0.79752344,spoiled,0.17534389,0.9728673,0.62217957,0,True,True,True,False,True,False,Borderline Spoiled / Advanced Not Fresh,Not Suitable / Manual inspection recommended,48.330505,Consume Immediately,1,1,True,False
IMG20260508153424.jpg,6,Pork Ham,not fresh,11:34:22,E:\Thesis Code\processed_hsv_lab_threshold_roi_224\sample 6\not fresh\IMG20260508153424.jpg,pork_ham_sample_6,ham,cross_rotation,all,meatlens,all,all,all,file_destination,E:\Thesis Code\processed_hsv_lab_threshold_roi_224\sample 6\not fresh\IMG20260508153424.jpg,False,partner_home,new_phone,,not fresh,not fresh,0.0073928297,0.96987593,0.022731254,not fresh,0.96987593,spoiled,0.022731254,0.9926072,0.9471447,0,True,True,True,False,False,False,Likely Not Fresh,Consume Immediately / Manual inspection recommended,54.309772,Consume Immediately,1,1,True,False
20260429_120847.jpg,3,Pork Belly,not fresh,08:04:49,E:\Thesis Code\processed_hsv_lab_threshold_roi_224\sample 3\not fresh\20260429_120847.jpg,pork_belly_sample_3,belly,cross_rotation,all,meatlens,all,all,all,file_destination,E:\Thesis Code\processed_hsv_lab_threshold_roi_224\sample 3\not fresh\20260429_120847.jpg,False,researcher_home,old_phone,,not fresh,fresh,0.50579226,0.4754635,0.018744206,fresh,0.50579226,not fresh,0.4754635,0.98125577,0.03032875,1,False,True,True,False,True,True,Borderline Fresh / Early Not Fresh,Consume Immediately / Check carefully,76.91716,Good for Consumption,0,1,True,False
20260516_144832.jpg,8,Pork Loin,not fresh,10:50:03,E:\Thesis Code\processed_hsv_lab_threshold_roi_224\sample 8\not fresh\20260516_144832.jpg,pork_loin_sample_8,loin,cross_rotation,all,meatlens,all,all,all,file_destination,E:\Thesis Code\processed_hsv_lab_threshold_roi_224\sample 8\not fresh\20260516_144832.jpg,False,partner_home,new_phone,,not fresh,not fresh,0.0141330855,0.9455988,0.040268164,not fresh,0.9455988,spoiled,0.040268164,0.98586696,0.9053306,0,True,True,True,False,False,False,Likely Not Fresh,Consume Immediately / Manual inspection recommended,53.823925,Consume Immediately,1,1,True,False
20260516_145904.jpg,8,Pork Loin,not fresh,11:02:43,E:\Thesis Code\processed_hsv_lab_threshold_roi_224\sample 8\not fresh\20260516_145904.jpg,pork_loin_sample_8,loin,cross_rotation,all,meatlens,all,all,all,file_destination,E:\Thesis Code\processed_hsv_lab_threshold_roi_224\sample 8\not fresh\20260516_145904.jpg,False,partner_home,new_phone,,not fresh,not fresh,0.00680071,0.93554556,0.057653677,not fresh,0.93554556,spoiled,0.057653677,0.9931992,0.8778919,0,True,True,True,False,False,False,Likely Not Fresh,Consume Immediately / Manual inspection recommended,52.711613,Consume Immediately,1,1,True,False
09-11-2022 12-13-19_jpg.rf.jMxDTLClnFPLpfqP0oK1.jpg,11,Various Pork Meat,spoiled,,E:\Thesis Code\processed_hsv_lab_threshold_roi_224\sample 11\spoiled\09-11-2022 12-13-19_jpg.rf.jMxDTLClnFPLpfqP0oK1.jpg,various_pork_meat_sample_11,various,cross_rotation,all,public_dataset_2,all,all,all,file_destination,E:\Thesis Code\processed_hsv_lab_threshold_roi_224\sample 11\spoiled\09-11-2022 12-13-19_jpg.rf.jMxDTLClnFPLpfqP0oK1.jpg,False,public_dataset_2,public_dataset_2,,spoiled,spoiled,0.0018864229,0.009000814,0.9891128,spoiled,0.9891128,not fresh,0.009000814,0.99811363,0.98011196,0,True,True,True,False,False,False,Likely Spoiled,Not Suitable,10.574815,Not Suitable,2,2,True,False
IMG20260508112108.jpg,6,Pork Ham,not fresh,07:21:06,E:\Thesis Code\processed_hsv_lab_threshold_roi_224\sample 6\not fresh\IMG20260508112108.jpg,pork_ham_sample_6,ham,cross_rotation,all,meatlens,all,all,all,file_destination,E:\Thesis Code\processed_hsv_lab_threshold_roi_224\sample 6\not fresh\IMG20260508112108.jpg,False,partner_home,new_phone,,not fresh,fresh,0.65703076,0.33912596,0.0038433077,fresh,0.65703076,not fresh,0.33912596,0.9961567,0.3179048,1,False,True,True,False,True,False,Borderline Fresh / Early Not Fresh,Consume Immediately / Check carefully,84.39344,Good for Consumption,0,1,True,False
20260624_100738.jpg,9,Pork Hind Leg,fresh,04:00:00,E:\Thesis Code\processed_hsv_lab_threshold_roi_224\sample 9\fresh\20260624_100738.jpg,pork_hind_leg_sample_9,hind_leg,cross_rotation,all,public_dataset_2,all,all,all,file_destination,E:\Thesis Code\processed_hsv_lab_threshold_roi_224\sample 9\fresh\20260624_100738.jpg,False,public_dataset_2,public_dataset_2,,fresh,fresh,0.5963458,0.34359917,0.060055014,fresh,0.5963458,not fresh,0.34359917,0.939945,0.2527466,0,True,True,True,False,True,True,Borderline Fresh / Early Not Fresh,Consume Immediately / Check carefully,79.13308,Good for Consumption,0,0,True,False
20260625_104037.jpg,9,Pork Hind Leg,spoiled,24:00:00,E:\Thesis Code\processed_hsv_lab_threshold_roi_224\sample 9\spoiled\20260625_104037.jpg,pork_hind_leg_sample_9,hind_leg,cross_rotation,all,public_dataset_2,all,all,all,file_destination,E:\Thesis Code\processed_hsv_lab_threshold_roi_224\sample 9\spoiled\20260625_104037.jpg,False,public_dataset_2,public_dataset_2,,spoiled,spoiled,0.002372074,2.6714088e-05,0.9976012,spoiled,0.9976012,fresh,0.002372074,0.9999733,0.9952291,0,True,True,True,False,False,False,Likely Spoiled,Not Suitable,10.214689,Not Suitable,2,2,False,False
20260624_140131.jpg,9,Pork Hind Leg,not fresh,12:00:00,E:\Thesis Code\processed_hsv_lab_threshold_roi_224\sample 9\not fresh\20260624_140131.jpg,pork_hind_leg_sample_9,hind_leg,cross_rotation,all,public_dataset_2,all,all,all,file_destination,E:\Thesis Code\processed_hsv_lab_threshold_roi_224\sample 9\not fresh\20260624_140131.jpg,False,public_dataset_2,public_dataset_2,,not fresh,not fresh,0.32763728,0.6080279,0.0643348,not fresh,0.6080279,fresh,0.32763728,0.93566513,0.2803906,0,True,True,True,False,True,False,Borderline Fresh / Early Not Fresh,Consume Immediately / Check carefully,66.84861,Consume Immediately,1,1,True,False
20260423_102247.jpg,2,Pork Shoulder,not fresh,06:09:03,E:\Thesis Code\processed_hsv_lab_threshold_roi_224\sample 2\not fresh\20260423_102247.jpg,pork_shoulder_sample_2,shoulder,cross_rotation,all,meatlens,all,all,all,file_destination,E:\Thesis Code\processed_hsv_lab_threshold_roi_224\sample 2\not fresh\20260423_102247.jpg,False,partner_home,old_phone,,not fresh,not fresh,0.014603579,0.9730225,0.0123739615,not fresh,0.9730225,fresh,0.014603579,0.9876261,0.95841897,0,True,True,True,False,False,False,Likely Not Fresh,Consume Immediately / Manual inspection recommended,55.100338,Consume Immediately,1,1,True,False
08-11-2022 15-13-51_jpg.rf.R0Kk4x200w2XYOA86Jrf.jpg,11,Various Pork Meat,fresh,,E:\Thesis Code\processed_hsv_lab_threshold_roi_224\sample 11\fresh\08-11-2022 15-13-51_jpg.rf.R0Kk4x200w2XYOA86Jrf.jpg,various_pork_meat_sample_11,various,cross_rotation,all,public_dataset_2,all,all,all,file_destination,E:\Thesis Code\processed_hsv_lab_threshold_roi_224\sample 11\fresh\08-11-2022 15-13-51_jpg.rf.R0Kk4x200w2XYOA86Jrf.jpg,False,public_dataset_2,public_dataset_2,,fresh,fresh,0.6185868,0.29678515,0.08462808,fresh,0.6185868,not fresh,0.29678515,0.9153719,0.32180163,0,True,True,True,False,True,False,Borderline Fresh / Early Not Fresh,Consume Immediately / Check carefully,79.028145,Good for Consumption,0,0,True,False
20260424_160249.jpg,1,Pork Shoulder,not fresh,12:01:12,E:\Thesis Code\processed_hsv_lab_threshold_roi_224\sample 1\not fresh\20260424_160249.jpg,pork_shoulder_sample_1,shoulder,cross_rotation,all,meatlens,all,all,all,file_destination,E:\Thesis Code\processed_hsv_lab_threshold_roi_224\sample 1\not fresh\20260424_160249.jpg,False,researcher_home,old_phone,,not fresh,not fresh,0.0075655854,0.9877695,0.0046648583,not fresh,0.9877695,fresh,0.0075655854,0.99533504,0.9802039,0,True,True,True,False,False,False,Likely Not Fresh,Consume Immediately / Manual inspection recommended,55.130527,Consume Immediately,1,1,True,False
08-11-2022 09-47-10_jpg.rf.LZjsqbTFZUygzqCVGe7f.jpg,11,Various Pork Meat,fresh,,E:\Thesis Code\processed_hsv_lab_threshold_roi_224\sample 11\fresh\08-11-2022 09-47-10_jpg.rf.LZjsqbTFZUygzqCVGe7f.jpg,various_pork_meat_sample_11,various,cross_rotation,all,public_dataset_2,all,all,all,file_destination,E:\Thesis Code\processed_hsv_lab_threshold_roi_224\sample 11\fresh\08-11-2022 09-47-10_jpg.rf.LZjsqbTFZUygzqCVGe7f.jpg,False,public_dataset_2,public_dataset_2,,fresh,not fresh,0.34007615,0.4403021,0.21962176,not fresh,0.4403021,fresh,0.34007615,0.7803782,0.100225955,1,False,True,True,False,True,True,Borderline Fresh / Early Not Fresh,Consume Immediately / Check carefully,60.42045,Consume Immediately,1,0,True,False
20260517_162011.jpg,8,Pork Loin,spoiled,34:54:16,E:\Thesis Code\processed_hsv_lab_threshold_roi_224\sample 8\spoiled\20260517_162011.jpg,pork_loin_sample_8,loin,cross_rotation,all,meatlens,all,all,all,file_destination,E:\Thesis Code\processed_hsv_lab_threshold_roi_224\sample 8\spoiled\20260517_162011.jpg,False,partner_home,new_phone,,spoiled,spoiled,3.740834e-05,0.005885522,0.9940771,spoiled,0.9940771,not fresh,0.005885522,0.9999626,0.98819155,0,True,True,True,False,False,False,Likely Spoiled,Not Suitable,10.268215,Not Suitable,2,2,True,False
IMG_20260517_160534.jpg,7,Pork Loin,not fresh,10:33:10,E:\Thesis Code\processed_hsv_lab_threshold_roi_224\sample 7\not fresh\IMG_20260517_160534.jpg,pork_loin_sample_7,loin,cross_rotation,all,meatlens,all,all,all,file_destination,E:\Thesis Code\processed_hsv_lab_threshold_roi_224\sample 7\not fresh\IMG_20260517_160534.jpg,False,researcher_home,new_phone,,not fresh,not fresh,0.0023607924,0.9748839,0.022755295,not fresh,0.9748839,spoiled,0.022755295,0.9976392,0.95212865,0,True,True,True,False,False,False,Likely Not Fresh,Consume Immediately / Manual inspection recommended,54.08225,Consume Immediately,1,1,True,False
20260430_081956.jpg,4,Pork Belly,spoiled,20:04:49,E:\Thesis Code\processed_hsv_lab_threshold_roi_224\sample 4\spoiled\20260430_081956.jpg,pork_belly_sample_4,belly,cross_rotation,all,meatlens,all,all,all,file_destination,E:\Thesis Code\processed_hsv_lab_threshold_roi_224\sample 4\spoiled\20260430_081956.jpg,False,partner_home,old_phone,,spoiled,spoiled,0.0014975894,0.029018221,0.96948415,spoiled,0.96948415,not fresh,0.029018221,0.9985024,0.9404659,0,True,True,True,False,False,False,Likely Spoiled,Not Suitable,11.440602,Not Suitable,2,2,True,False
20260703_103158.jpg,10,Pork Belly,fresh,04:00:00,E:\Thesis Code\processed_hsv_lab_threshold_roi_224\sample 10\fresh\20260703_103158.jpg,pork_belly_sample_10,belly,cross_rotation,all,public_dataset_2,all,all,all,file_destination,E:\Thesis Code\processed_hsv_lab_threshold_roi_224\sample 10\fresh\20260703_103158.jpg,False,public_dataset_2,public_dataset_2,,fresh,fresh,0.8274618,0.1692226,0.0033156113,fresh,0.8274618,not fresh,0.1692226,0.9966844,0.6582392,0,True,True,True,False,True,False,Borderline Fresh / Early Not Fresh,Consume Immediately / Check carefully,92.08658,Good for Consumption,0,0,True,False
20260516_110529.jpg,8,Pork Loin,not fresh,07:06:20,E:\Thesis Code\processed_hsv_lab_threshold_roi_224\sample 8\not fresh\20260516_110529.jpg,pork_loin_sample_8,loin,cross_rotation,all,meatlens,all,all,all,file_destination,E:\Thesis Code\processed_hsv_lab_threshold_roi_224\sample 8\not fresh\20260516_110529.jpg,False,partner_home,new_phone,,not fresh,fresh,0.7208029,0.27697432,0.0022228223,fresh,0.7208029,not fresh,0.27697432,0.9977772,0.44382858,1,False,True,True,False,True,False,Borderline Fresh / Early Not Fresh,Consume Immediately / Check carefully,87.336105,Good for Consumption,0,1,True,False
20260429_171800.jpg,4,Pork Belly,not fresh,10:53:04,E:\Thesis Code\processed_hsv_lab_threshold_roi_224\sample 4\not fresh\20260429_171800.jpg,pork_belly_sample_4,belly,cross_rotation,all,meatlens,all,all,all,file_destination,E:\Thesis Code\processed_hsv_lab_threshold_roi_224\sample 4\not fresh\20260429_171800.jpg,False,partner_home,old_phone,,not fresh,not fresh,0.010589519,0.83654207,0.15286843,not fresh,0.83654207,spoiled,0.15286843,0.9894105,0.6836736,0,True,True,True,False,True,False,Borderline Spoiled / Advanced Not Fresh,Not Suitable / Manual inspection recommended,48.59745,Consume Immediately,1,1,True,False
20260423_102718.jpg,2,Pork Shoulder,not fresh,06:14:28,E:\Thesis Code\processed_hsv_lab_threshold_roi_224\sample 2\not fresh\20260423_102718.jpg,pork_shoulder_sample_2,shoulder,cross_rotation,all,meatlens,all,all,all,file_destination,E:\Thesis Code\processed_hsv_lab_threshold_roi_224\sample 2\not fresh\20260423_102718.jpg,False,partner_home,old_phone,,not fresh,not fresh,0.07746219,0.90151006,0.021027688,not fresh,0.90151006,fresh,0.07746219,0.97897226,0.82404786,0,True,True,True,False,False,False,Likely Not Fresh,Consume Immediately / Manual inspection recommended,57.53955,Consume Immediately,1,1,True,False
20260624_122847.jpg,9,Pork Hind Leg,not fresh,12:00:00,E:\Thesis Code\processed_hsv_lab_threshold_roi_224\sample 9\not fresh\20260624_122847.jpg,pork_hind_leg_sample_9,hind_leg,cross_rotation,all,public_dataset_2,all,all,all,file_destination,E:\Thesis Code\processed_hsv_lab_threshold_roi_224\sample 9\not fresh\20260624_122847.jpg,False,public_dataset_2,public_dataset_2,,not fresh,not fresh,0.24920054,0.6319306,0.11886895,not fresh,0.6319306,fresh,0.24920054,0.8811311,0.38273007,0,True,True,True,False,True,False,Borderline Fresh / Early Not Fresh,Consume Immediately / Check carefully,60.864925,Consume Immediately,1,1,True,False
FRESH-381-_JPG.rf.53971748cb4ec295bf25da858327bda8.jpg,12,Various Pork Meat,fresh,,E:\Thesis Code\processed_hsv_lab_threshold_roi_224\sample 12\fresh\FRESH-381-_JPG.rf.53971748cb4ec295bf25da858327bda8.jpg,various_pork_meat_sample_12,various,cross_rotation,all,public_dataset_2,all,all,all,file_destination,E:\Thesis Code\processed_hsv_lab_threshold_roi_224\sample 12\fresh\FRESH-381-_JPG.rf.53971748cb4ec295bf25da858327bda8.jpg,False,public_dataset_2,public_dataset_2,,fresh,not fresh,0.45095742,0.51563597,0.03340666,not fresh,0.51563597,fresh,0.45095742,0.9665934,0.06467855,1,False,True,True,False,True,True,Borderline Fresh / Early Not Fresh,Consume Immediately / Check carefully,73.78979,Good for Consumption,1,0,True,False
20260430_074350.jpg,4,Pork Belly,spoiled,19:21:24,E:\Thesis Code\processed_hsv_lab_threshold_roi_224\sample 4\spoiled\20260430_074350.jpg,pork_belly_sample_4,belly,cross_rotation,all,meatlens,all,all,all,file_destination,E:\Thesis Code\processed_hsv_lab_threshold_roi_224\sample 4\spoiled\20260430_074350.jpg,False,partner_home,old_phone,,spoiled,spoiled,0.0018116327,0.022268761,0.97591966,spoiled,0.97591966,not fresh,0.022268761,0.99818844,0.9536509,0,True,True,True,False,False,False,Likely Spoiled,Not Suitable,11.165142,Not Suitable,2,2,True,False
09-11-2022 13-05-20_jpg.rf.Lwrmq49qg0rX9qcAn6kr.jpg,11,Various Pork Meat,spoiled,,E:\Thesis Code\processed_hsv_lab_threshold_roi_224\sample 11\spoiled\09-11-2022 13-05-20_jpg.rf.Lwrmq49qg0rX9qcAn6kr.jpg,various_pork_meat_sample_11,various,cross_rotation,all,public_dataset_2,all,all,all,file_destination,E:\Thesis Code\processed_hsv_lab_threshold_roi_224\sample 11\spoiled\09-11-2022 13-05-20_jpg.rf.Lwrmq49qg0rX9qcAn6kr.jpg,False,public_dataset_2,public_dataset_2,,spoiled,spoiled,9.054062e-05,0.020438503,0.9794709,spoiled,0.9794709,not fresh,0.020438503,0.9999094,0.9590324,0,True,True,True,False,False,False,Likely Spoiled,Not Suitable,10.927881,Not Suitable,2,2,True,False
20260423_183735.jpg,2,Pork Shoulder,spoiled,14:57:17,E:\Thesis Code\processed_hsv_lab_threshold_roi_224\sample 2\spoiled\20260423_183735.jpg,pork_shoulder_sample_2,shoulder,cross_rotation,all,meatlens,all,all,all,file_destination,E:\Thesis Code\processed_hsv_lab_threshold_roi_224\sample 2\spoiled\20260423_183735.jpg,False,partner_home,old_phone,,spoiled,spoiled,0.009267542,0.16714062,0.8235918,spoiled,0.8235918,not fresh,0.16714062,0.99073243,0.6564512,0,True,True,True,False,True,False,Borderline Spoiled / Advanced Not Fresh,Not Suitable / Manual inspection recommended,18.355406,Not Suitable,2,2,True,False
20260430_085932.jpg,4,Pork Belly,spoiled,20:55:29,E:\Thesis Code\processed_hsv_lab_threshold_roi_224\sample 4\spoiled\20260430_085932.jpg,pork_belly_sample_4,belly,cross_rotation,all,meatlens,all,all,all,file_destination,E:\Thesis Code\processed_hsv_lab_threshold_roi_224\sample 4\spoiled\20260430_085932.jpg,False,partner_home,old_phone,,spoiled,spoiled,0.0018237418,0.009677769,0.9884985,spoiled,0.9884985,not fresh,0.009677769,0.9981763,0.97882074,0,True,True,True,False,False,False,Likely Spoiled,Not Suitable,10.599636,Not Suitable,2,2,True,False
IMG_20260518_192726.jpg,7,Pork Loin,spoiled,35:49:09,E:\Thesis Code\processed_hsv_lab_threshold_roi_224\sample 7\spoiled\IMG_20260518_192726.jpg,pork_loin_sample_7,loin,cross_rotation,all,meatlens,all,all,all,file_destination,E:\Thesis Code\processed_hsv_lab_threshold_roi_224\sample 7\spoiled\IMG_20260518_192726.jpg,False,researcher_home,new_phone,,spoiled,spoiled,1.3552195e-05,0.0002996828,0.9996868,spoiled,0.9996868,not fresh,0.0002996828,0.99998647,0.9993871,0,True,True,True,False,False,False,Likely Spoiled,Not Suitable,10.014706,Not Suitable,2,2,True,False
08-11-2022 15-08-43_jpg.rf.FwTEXIZRSZFakearMZzl.jpg,11,Various Pork Meat,fresh,,E:\Thesis Code\processed_hsv_lab_threshold_roi_224\sample 11\fresh\08-11-2022 15-08-43_jpg.rf.FwTEXIZRSZFakearMZzl.jpg,various_pork_meat_sample_11,various,cross_rotation,all,public_dataset_2,all,all,all,file_destination,E:\Thesis Code\processed_hsv_lab_threshold_roi_224\sample 11\fresh\08-11-2022 15-08-43_jpg.rf.FwTEXIZRSZFakearMZzl.jpg,False,public_dataset_2,public_dataset_2,,fresh,fresh,0.86850184,0.1259137,0.0055845096,fresh,0.86850184,not fresh,0.1259137,0.9944155,0.74258816,0,True,True,True,False,True,False,Borderline Fresh / Early Not Fresh,Consume Immediately / Check carefully,93.83128,Good for Consumption,0,0,True,False
20260516_150404.jpg,8,Pork Loin,not fresh,11:09:03,E:\Thesis Code\processed_hsv_lab_threshold_roi_224\sample 8\not fresh\20260516_150404.jpg,pork_loin_sample_8,loin,cross_rotation,all,meatlens,all,all,all,file_destination,E:\Thesis Code\processed_hsv_lab_threshold_roi_224\sample 8\not fresh\20260516_150404.jpg,False,partner_home,new_phone,,not fresh,not fresh,0.007510999,0.8435331,0.1489558,not fresh,0.8435331,spoiled,0.1489558,0.9924889,0.6945773,0,True,True,True,False,True,False,Borderline Spoiled / Advanced Not Fresh,Not Suitable / Manual inspection recommended,48.63498,Consume Immediately,1,1,True,False
HALF-FRESH-273-_JPG.rf.b59d495759a84ab066c999a6c6649bcc.jpg,12,Various Pork Meat,not fresh,,E:\Thesis Code\processed_hsv_lab_threshold_roi_224\sample 12\not fresh\HALF-FRESH-273-_JPG.rf.b59d495759a84ab066c999a6c6649bcc.jpg,various_pork_meat_sample_12,various,cross_rotation,all,public_dataset_2,all,all,all,file_destination,E:\Thesis Code\processed_hsv_lab_threshold_roi_224\sample 12\not fresh\HALF-FRESH-273-_JPG.rf.b59d495759a84ab066c999a6c6649bcc.jpg,False,public_dataset_2,public_dataset_2,,not fresh,not fresh,0.3840786,0.59980386,0.016117536,not fresh,0.59980386,fresh,0.3840786,0.9838824,0.21572527,0,True,True,True,False,True,True,Borderline Fresh / Early Not Fresh,Consume Immediately / Check carefully,71.55825,Good for Consumption,1,1,True,False
20260429_145622.jpg,3,Pork Belly,not fresh,10:51:15,E:\Thesis Code\processed_hsv_lab_threshold_roi_224\sample 3\not fresh\20260429_145622.jpg,pork_belly_sample_3,belly,cross_rotation,all,meatlens,all,all,all,file_destination,E:\Thesis Code\processed_hsv_lab_threshold_roi_224\sample 3\not fresh\20260429_145622.jpg,False,researcher_home,old_phone,,not fresh,not fresh,0.015810817,0.97019255,0.013996529,not fresh,0.97019255,fresh,0.015810817,0.9860034,0.9543817,0,True,True,True,False,False,False,Likely Not Fresh,Consume Immediately / Manual inspection recommended,55.08164,Consume Immediately,1,1,True,False
20260429_044701.jpg,3,Pork Belly,fresh,01:34:22,E:\Thesis Code\processed_hsv_lab_threshold_roi_224\sample 3\fresh\20260429_044701.jpg,pork_belly_sample_3,belly,cross_rotation,all,meatlens,all,all,all,file_destination,E:\Thesis Code\processed_hsv_lab_threshold_roi_224\sample 3\fresh\20260429_044701.jpg,False,researcher_home,old_phone,,fresh,fresh,0.97309494,0.021147098,0.0057579065,fresh,0.97309494,not fresh,0.021147098,0.994242,0.95194787,0,True,True,True,False,False,False,Likely Fresh,Good for Consumption,98.53017,Good for Consumption,0,0,True,False
20260423_171411.jpg,2,Pork Shoulder,spoiled,13:07:32,E:\Thesis Code\processed_hsv_lab_threshold_roi_224\sample 2\spoiled\20260423_171411.jpg,pork_shoulder_sample_2,shoulder,cross_rotation,all,meatlens,all,all,all,file_destination,E:\Thesis Code\processed_hsv_lab_threshold_roi_224\sample 2\spoiled\20260423_171411.jpg,False,partner_home,old_phone,,spoiled,spoiled,0.009292714,0.20515436,0.7855529,spoiled,0.7855529,not fresh,0.20515436,0.9907073,0.58039856,0,True,True,True,False,True,False,Borderline Spoiled / Advanced Not Fresh,Not Suitable / Manual inspection recommended,20.06829,Not Suitable,2,2,True,False
20260703_114938.jpg,10,Pork Belly,not fresh,12:00:00,E:\Thesis Code\processed_hsv_lab_threshold_roi_224\sample 10\not fresh\20260703_114938.jpg,pork_belly_sample_10,belly,cross_rotation,all,public_dataset_2,all,all,all,file_destination,E:\Thesis Code\processed_hsv_lab_threshold_roi_224\sample 10\not fresh\20260703_114938.jpg,False,public_dataset_2,public_dataset_2,,not fresh,not fresh,0.3406084,0.65084535,0.008546259,not fresh,0.65084535,fresh,0.3406084,0.99145377,0.31023696,0,True,True,True,False,True,False,Borderline Fresh / Early Not Fresh,Consume Immediately / Check carefully,69.942795,Consume Immediately,1,1,True,False
20260624_072458.jpg,9,Pork Hind Leg,fresh,04:00:00,E:\Thesis Code\processed_hsv_lab_threshold_roi_224\sample 9\fresh\20260624_072458.jpg,pork_hind_leg_sample_9,hind_leg,cross_rotation,all,public_dataset_2,all,all,all,file_destination,E:\Thesis Code\processed_hsv_lab_threshold_roi_224\sample 9\fresh\20260624_072458.jpg,False,public_dataset_2,public_dataset_2,,fresh,not fresh,0.19895315,0.6296554,0.17139135,not fresh,0.6296554,fresh,0.19895315,0.8286086,0.43070227,1,False,True,True,False,True,False,Borderline Fresh / Early Not Fresh,Consume Immediately / Check carefully,56.240276,Consume Immediately,1,0,True,False
20260703_153211.jpg,10,Pork Belly,not fresh,12:00:00,E:\Thesis Code\processed_hsv_lab_threshold_roi_224\sample 10\not fresh\20260703_153211.jpg,pork_belly_sample_10,belly,cross_rotation,all,public_dataset_2,all,all,all,file_destination,E:\Thesis Code\processed_hsv_lab_threshold_roi_224\sample 10\not fresh\20260703_153211.jpg,False,public_dataset_2,public_dataset_2,,not fresh,not fresh,0.033391055,0.8411617,0.12544727,not fresh,0.8411617,spoiled,0.12544727,0.966609,0.71571445,0,True,True,True,False,True,False,Borderline Spoiled / Advanced Not Fresh,Not Suitable / Manual inspection recommended,50.85747,Consume Immediately,1,1,True,False
20260516_120739.jpg,8,Pork Loin,not fresh,08:15:59,E:\Thesis Code\processed_hsv_lab_threshold_roi_224\sample 8\not fresh\20260516_120739.jpg,pork_loin_sample_8,loin,cross_rotation,all,meatlens,all,all,all,file_destination,E:\Thesis Code\processed_hsv_lab_threshold_roi_224\sample 8\not fresh\20260516_120739.jpg,False,partner_home,new_phone,,not fresh,not fresh,0.23946483,0.754781,0.00575417,not fresh,0.754781,fresh,0.23946483,0.9942458,0.5153162,0,True,True,True,False,True,False,Borderline Fresh / Early Not Fresh,Consume Immediately / Check carefully,65.51698,Consume Immediately,1,1,True,False
HALF-FRESH-573-_JPG.rf.7603e3765164bc38cecaa9af7fe2c9ab.jpg,12,Various Pork Meat,not fresh,,E:\Thesis Code\processed_hsv_lab_threshold_roi_224\sample 12\not fresh\HALF-FRESH-573-_JPG.rf.7603e3765164bc38cecaa9af7fe2c9ab.jpg,various_pork_meat_sample_12,various,cross_rotation,all,public_dataset_2,all,all,all,file_destination,E:\Thesis Code\processed_hsv_lab_threshold_roi_224\sample 12\not fresh\HALF-FRESH-573-_JPG.rf.7603e3765164bc38cecaa9af7fe2c9ab.jpg,False,public_dataset_2,public_dataset_2,,not fresh,not fresh,0.108843856,0.88722813,0.003928081,not fresh,0.88722813,fresh,0.108843856,0.996072,0.77838427,0,True,True,True,False,True,False,Borderline Fresh / Early Not Fresh,Consume Immediately / Check carefully,59.721214,Consume Immediately,1,1,True,False
SPOILED-284-_JPG.rf.48216e563fea433322e8d8d26bc5dbcb.jpg,12,Various Pork Meat,spoiled,,E:\Thesis Code\processed_hsv_lab_threshold_roi_224\sample 12\spoiled\SPOILED-284-_JPG.rf.48216e563fea433322e8d8d26bc5dbcb.jpg,various_pork_meat_sample_12,various,cross_rotation,all,public_dataset_2,all,all,all,file_destination,E:\Thesis Code\processed_hsv_lab_threshold_roi_224\sample 12\spoiled\SPOILED-284-_JPG.rf.48216e563fea433322e8d8d26bc5dbcb.jpg,False,public_dataset_2,public_dataset_2,,spoiled,spoiled,0.3319262,0.31750146,0.35057238,spoiled,0.35057238,fresh,0.3319262,0.6824986,0.01864618,0,True,True,True,False,True,True,Uncertain / Non-adjacent Class Conflict,No reliable result / Retake image,54.160923,Consume Immediately,2,2,False,True
20260429_150338.jpg,4,Pork Belly,not fresh,07:19:36,E:\Thesis Code\processed_hsv_lab_threshold_roi_224\sample 4\not fresh\20260429_150338.jpg,pork_belly_sample_4,belly,cross_rotation,all,meatlens,all,all,all,file_destination,E:\Thesis Code\processed_hsv_lab_threshold_roi_224\sample 4\not fresh\20260429_150338.jpg,False,partner_home,old_phone,,not fresh,not fresh,0.0018498282,0.9899339,0.008216271,not fresh,0.9899339,spoiled,0.008216271,0.99815017,0.98171765,0,True,True,True,False,False,False,Likely Not Fresh,Consume Immediately / Manual inspection recommended,54.71351,Consume Immediately,1,1,True,False
20260516_084907.jpg,8,Pork Loin,fresh,03:54:16,E:\Thesis Code\processed_hsv_lab_threshold_roi_224\sample 8\fresh\20260516_084907.jpg,pork_loin_sample_8,loin,cross_rotation,all,meatlens,all,all,all,file_destination,E:\Thesis Code\processed_hsv_lab_threshold_roi_224\sample 8\fresh\20260516_084907.jpg,False,partner_home,new_phone,,fresh,fresh,0.98735166,0.012276387,0.00037190857,fresh,0.98735166,not fresh,0.012276387,0.99962807,0.97507524,0,True,True,True,False,False,False,Likely Fresh,Good for Consumption,99.414085,Good for Consumption,0,0,True,False
IMG_20260508_172723.jpg,5,Pork Ham,not fresh,13:15:59,E:\Thesis Code\processed_hsv_lab_threshold_roi_224\sample 5\not fresh\IMG_20260508_172723.jpg,pork_ham_sample_5,ham,cross_rotation,all,meatlens,all,all,all,file_destination,E:\Thesis Code\processed_hsv_lab_threshold_roi_224\sample 5\not fresh\IMG_20260508_172723.jpg,False,researcher_home,new_phone,,not fresh,not fresh,0.036191065,0.8030045,0.16080442,not fresh,0.8030045,spoiled,0.16080442,0.9638089,0.6422001,0,True,True,True,False,True,False,Borderline Spoiled / Advanced Not Fresh,Not Suitable / Manual inspection recommended,49.3924,Consume Immediately,1,1,True,False
IMG_20260517_175134.jpg,7,Pork Loin,not fresh,12:06:02,E:\Thesis Code\processed_hsv_lab_threshold_roi_224\sample 7\not fresh\IMG_20260517_175134.jpg,pork_loin_sample_7,loin,cross_rotation,all,meatlens,all,all,all,file_destination,E:\Thesis Code\processed_hsv_lab_threshold_roi_224\sample 7\not fresh\IMG_20260517_175134.jpg,False,researcher_home,new_phone,,not fresh,not fresh,0.00613344,0.94180125,0.05206529,not fresh,0.94180125,spoiled,0.05206529,0.99386656,0.88973594,0,True,True,True,False,False,False,Likely Not Fresh,Consume Immediately / Manual inspection recommended,52.933067,Consume Immediately,1,1,True,False
20260703_100004.jpg,10,Pork Belly,fresh,04:00:00,E:\Thesis Code\processed_hsv_lab_threshold_roi_224\sample 10\fresh\20260703_100004.jpg,pork_belly_sample_10,belly,cross_rotation,all,public_dataset_2,all,all,all,file_destination,E:\Thesis Code\processed_hsv_lab_threshold_roi_224\sample 10\fresh\20260703_100004.jpg,False,public_dataset_2,public_dataset_2,,fresh,fresh,0.8952035,0.103282094,0.0015144105,fresh,0.8952035,not fresh,0.103282094,0.99848557,0.7919214,0,True,True,True,False,True,False,Borderline Fresh / Early Not Fresh,Consume Immediately / Check carefully,95.216,Good for Consumption,0,0,True,False
20260703_073346.jpg,10,Pork Belly,fresh,04:00:00,E:\Thesis Code\processed_hsv_lab_threshold_roi_224\sample 10\fresh\20260703_073346.jpg,pork_belly_sample_10,belly,cross_rotation,all,public_dataset_2,all,all,all,file_destination,E:\Thesis Code\processed_hsv_lab_threshold_roi_224\sample 10\fresh\20260703_073346.jpg,False,public_dataset_2,public_dataset_2,,fresh,fresh,0.9379451,0.058850624,0.0032042018,fresh,0.9379451,not fresh,0.058850624,0.9967958,0.8790945,0,True,True,True,False,False,False,Likely Fresh,Good for Consumption,97.06334,Good for Consumption,0,0,True,False
20260703_170053.jpg,10,Pork Belly,spoiled,24:00:00,E:\Thesis Code\processed_hsv_lab_threshold_roi_224\sample 10\spoiled\20260703_170053.jpg,pork_belly_sample_10,belly,cross_rotation,all,public_dataset_2,all,all,all,file_destination,E:\Thesis Code\processed_hsv_lab_threshold_roi_224\sample 10\spoiled\20260703_170053.jpg,False,public_dataset_2,public_dataset_2,,spoiled,not fresh,0.031091504,0.70381534,0.26509318,not fresh,0.70381534,spoiled,0.26509318,0.96890855,0.43872216,1,False,True,True,False,True,False,Borderline Spoiled / Advanced Not Fresh,Not Suitable / Manual inspection recommended,44.469925,Consume Immediately,1,2,True,False
IMG_20260509_125728.jpg,5,Pork Ham,spoiled,24:26:32,E:\Thesis Code\processed_hsv_lab_threshold_roi_224\sample 5\spoiled\IMG_20260509_125728.jpg,pork_ham_sample_5,ham,cross_rotation,all,meatlens,all,all,all,file_destination,E:\Thesis Code\processed_hsv_lab_threshold_roi_224\sample 5\spoiled\IMG_20260509_125728.jpg,False,researcher_home,new_phone,,spoiled,spoiled,0.0019417526,0.0045758984,0.9934823,spoiled,0.9934823,not fresh,0.0045758984,0.9980582,0.9889064,0,True,True,True,False,False,False,Likely Spoiled,Not Suitable,10.380672,Not Suitable,2,2,True,False
IMG_20260509_130428.jpg,5,Pork Ham,spoiled,24:30:09,E:\Thesis Code\processed_hsv_lab_threshold_roi_224\sample 5\spoiled\IMG_20260509_130428.jpg,pork_ham_sample_5,ham,cross_rotation,all,meatlens,all,all,all,file_destination,E:\Thesis Code\processed_hsv_lab_threshold_roi_224\sample 5\spoiled\IMG_20260509_130428.jpg,False,researcher_home,new_phone,,spoiled,spoiled,0.0013960004,0.0050240224,0.99358,spoiled,0.99358,not fresh,0.0050240224,0.998604,0.98855597,0,True,True,True,False,False,False,Likely Spoiled,Not Suitable,10.351721,Not Suitable,2,2,True,False
08-11-2022 21-18-26_jpg.rf.MeYbJW24YkqscD483aMY.jpg,11,Various Pork Meat,not fresh,,E:\Thesis Code\processed_hsv_lab_threshold_roi_224\sample 11\half fresh\08-11-2022 21-18-26_jpg.rf.MeYbJW24YkqscD483aMY.jpg,various_pork_meat_sample_11,various,cross_rotation,all,public_dataset_2,all,all,all,file_destination,E:\Thesis Code\processed_hsv_lab_threshold_roi_224\sample 11\half fresh\08-11-2022 21-18-26_jpg.rf.MeYbJW24YkqscD483aMY.jpg,False,public_dataset_2,public_dataset_2,,not fresh,not fresh,0.4271519,0.47211856,0.10072958,not fresh,0.47211856,fresh,0.4271519,0.8992704,0.044966668,0,True,True,True,False,True,True,Borderline Fresh / Early Not Fresh,Consume Immediately / Check carefully,69.689,Consume Immediately,1,1,True,False
20260624_135931.jpg,9,Pork Hind Leg,not fresh,12:00:00,E:\Thesis Code\processed_hsv_lab_threshold_roi_224\sample 9\not fresh\20260624_135931.jpg,pork_hind_leg_sample_9,hind_leg,cross_rotation,all,public_dataset_2,all,all,all,file_destination,E:\Thesis Code\processed_hsv_lab_threshold_roi_224\sample 9\not fresh\20260624_135931.jpg,False,public_dataset_2,public_dataset_2,,not fresh,not fresh,0.2197365,0.63323224,0.14703123,not fresh,0.63323224,fresh,0.2197365,0.85296875,0.41349572,0,True,True,True,False,True,False,Borderline Fresh / Early Not Fresh,Consume Immediately / Check carefully,58.271736,Consume Immediately,1,1,True,False
IMG20260508172601.jpg,6,Pork Ham,not fresh,13:26:14,E:\Thesis Code\processed_hsv_lab_threshold_roi_224\sample 6\not fresh\IMG20260508172601.jpg,pork_ham_sample_6,ham,cross_rotation,all,meatlens,all,all,all,file_destination,E:\Thesis Code\processed_hsv_lab_threshold_roi_224\sample 6\not fresh\IMG20260508172601.jpg,False,partner_home,new_phone,,not fresh,not fresh,0.022677405,0.8294956,0.14782704,not fresh,0.8294956,spoiled,0.14782704,0.97732264,0.6816686,0,True,True,True,False,True,False,Borderline Spoiled / Advanced Not Fresh,Not Suitable / Manual inspection recommended,49.36827,Consume Immediately,1,1,True,False
09-11-2022 12-11-47_jpg.rf.3hCXG9PZI26Q9cLJE0Z1.jpg,11,Various Pork Meat,spoiled,,E:\Thesis Code\processed_hsv_lab_threshold_roi_224\sample 11\spoiled\09-11-2022 12-11-47_jpg.rf.3hCXG9PZI26Q9cLJE0Z1.jpg,various_pork_meat_sample_11,various,cross_rotation,all,public_dataset_2,all,all,all,file_destination,E:\Thesis Code\processed_hsv_lab_threshold_roi_224\sample 11\spoiled\09-11-2022 12-11-47_jpg.rf.3hCXG9PZI26Q9cLJE0Z1.jpg,False,public_dataset_2,public_dataset_2,,spoiled,fresh,0.7239787,0.086013585,0.19000772,fresh,0.7239787,spoiled,0.19000772,0.91398644,0.53397095,2,False,True,False,True,True,False,Uncertain / Non-adjacent Class Conflict,No reliable result / Retake image,79.028694,Good for Consumption,0,2,False,True
IMG_20260518_173125.jpg,7,Pork Loin,spoiled,33:59:24,E:\Thesis Code\processed_hsv_lab_threshold_roi_224\sample 7\spoiled\IMG_20260518_173125.jpg,pork_loin_sample_7,loin,cross_rotation,all,meatlens,all,all,all,file_destination,E:\Thesis Code\processed_hsv_lab_threshold_roi_224\sample 7\spoiled\IMG_20260518_173125.jpg,False,researcher_home,new_phone,,spoiled,spoiled,2.1416156e-05,5.752834e-05,0.9999211,spoiled,0.9999211,not fresh,5.752834e-05,0.9999786,0.99986356,0,True,True,True,False,False,False,Likely Spoiled,Not Suitable,10.004517,Not Suitable,2,2,True,False
20260703_165140.jpg,10,Pork Belly,not fresh,12:00:00,E:\Thesis Code\processed_hsv_lab_threshold_roi_224\sample 10\not fresh\20260703_165140.jpg,pork_belly_sample_10,belly,cross_rotation,all,public_dataset_2,all,all,all,file_destination,E:\Thesis Code\processed_hsv_lab_threshold_roi_224\sample 10\not fresh\20260703_165140.jpg,False,public_dataset_2,public_dataset_2,,not fresh,not fresh,0.027510183,0.66868436,0.30380547,not fresh,0.66868436,spoiled,0.30380547,0.97248983,0.3648789,0,True,True,True,False,True,False,Borderline Spoiled / Advanced Not Fresh,Not Suitable / Manual inspection recommended,42.56671,Consume Immediately,1,1,True,False
20260703_115639.jpg,10,Pork Belly,not fresh,12:00:00,E:\Thesis Code\processed_hsv_lab_threshold_roi_224\sample 10\not fresh\20260703_115639.jpg,pork_belly_sample_10,belly,cross_rotation,all,public_dataset_2,all,all,all,file_destination,E:\Thesis Code\processed_hsv_lab_threshold_roi_224\sample 10\not fresh\20260703_115639.jpg,False,public_dataset_2,public_dataset_2,,not fresh,not fresh,0.42661613,0.56902647,0.0043573636,not fresh,0.56902647,fresh,0.42661613,0.9956426,0.14241034,0,True,True,True,False,True,True,Borderline Fresh / Early Not Fresh,Consume Immediately / Check carefully,74.00164,Good for Consumption,1,1,True,False
20260516_105457.jpg,8,Pork Loin,fresh,06:47:20,E:\Thesis Code\processed_hsv_lab_threshold_roi_224\sample 8\fresh\20260516_105457.jpg,pork_loin_sample_8,loin,cross_rotation,all,meatlens,all,all,all,file_destination,E:\Thesis Code\processed_hsv_lab_threshold_roi_224\sample 8\fresh\20260516_105457.jpg,False,partner_home,new_phone,,fresh,fresh,0.76184237,0.23671691,0.001440767,fresh,0.76184237,not fresh,0.23671691,0.9985593,0.52512544,0,True,True,True,False,True,False,Borderline Fresh / Early Not Fresh,Consume Immediately / Check carefully,89.21807,Good for Consumption,0,0,True,False
20260424_082734.jpg,2,Pork Shoulder,spoiled,19:19:00,E:\Thesis Code\processed_hsv_lab_threshold_roi_224\sample 2\spoiled\20260424_082734.jpg,pork_shoulder_sample_2,shoulder,cross_rotation,all,meatlens,all,all,all,file_destination,E:\Thesis Code\processed_hsv_lab_threshold_roi_224\sample 2\spoiled\20260424_082734.jpg,False,partner_home,old_phone,,spoiled,spoiled,0.0003265328,0.007707006,0.9919665,spoiled,0.9919665,not fresh,0.007707006,0.9996735,0.9842595,0,True,True,True,False,False,False,Likely Spoiled,Not Suitable,10.376204,Not Suitable,2,2,True,False
20260703_073735.jpg,10,Pork Belly,fresh,04:00:00,E:\Thesis Code\processed_hsv_lab_threshold_roi_224\sample 10\fresh\20260703_073735.jpg,pork_belly_sample_10,belly,cross_rotation,all,public_dataset_2,all,all,all,file_destination,E:\Thesis Code\processed_hsv_lab_threshold_roi_224\sample 10\fresh\20260703_073735.jpg,False,public_dataset_2,public_dataset_2,,fresh,fresh,0.95811784,0.040495776,0.0013863406,fresh,0.95811784,not fresh,0.040495776,0.9986136,0.9176221,0,True,True,True,False,False,False,Likely Fresh,Good for Consumption,98.05292,Good for Consumption,0,0,True,False
IMG_20260508_082842.jpg,5,Pork Ham,fresh,04:20:30,E:\Thesis Code\processed_hsv_lab_threshold_roi_224\sample 5\fresh\IMG_20260508_082842.jpg,pork_ham_sample_5,ham,cross_rotation,all,meatlens,all,all,all,file_destination,E:\Thesis Code\processed_hsv_lab_threshold_roi_224\sample 5\fresh\IMG_20260508_082842.jpg,False,researcher_home,new_phone,,fresh,fresh,0.9930554,0.0067468504,0.0001978346,fresh,0.9930554,not fresh,0.0067468504,0.99980223,0.9863086,0,True,True,True,False,False,False,Likely Fresh,Good for Consumption,99.6786,Good for Consumption,0,0,True,False
20260424_085040.jpg,1,Pork Shoulder,fresh,03:10:33,E:\Thesis Code\processed_hsv_lab_threshold_roi_224\sample 1\fresh\20260424_085040.jpg,pork_shoulder_sample_1,shoulder,cross_rotation,all,meatlens,all,all,all,file_destination,E:\Thesis Code\processed_hsv_lab_threshold_roi_224\sample 1\fresh\20260424_085040.jpg,False,researcher_home,old_phone,,fresh,fresh,0.98470044,0.010436895,0.0048626815,fresh,0.98470044,not fresh,0.010436895,0.99513733,0.97426355,0,True,True,True,False,False,False,Likely Fresh,Good for Consumption,99.0927,Good for Consumption,0,0,True,False
20260424_081641.jpg,2,Pork Shoulder,spoiled,18:53:40,E:\Thesis Code\processed_hsv_lab_threshold_roi_224\sample 2\spoiled\20260424_081641.jpg,pork_shoulder_sample_2,shoulder,cross_rotation,all,meatlens,all,all,all,file_destination,E:\Thesis Code\processed_hsv_lab_threshold_roi_224\sample 2\spoiled\20260424_081641.jpg,False,partner_home,old_phone,,spoiled,spoiled,0.0010862723,0.0067395405,0.99217427,spoiled,0.99217427,not fresh,0.0067395405,0.9989138,0.9854347,0,True,True,True,False,False,False,Likely Spoiled,Not Suitable,10.401045,Not Suitable,2,2,True,False
20260429_152111.jpg,4,Pork Belly,not fresh,07:46:44,E:\Thesis Code\processed_hsv_lab_threshold_roi_224\sample 4\not fresh\20260429_152111.jpg,pork_belly_sample_4,belly,cross_rotation,all,meatlens,all,all,all,file_destination,E:\Thesis Code\processed_hsv_lab_threshold_roi_224\sample 4\not fresh\20260429_152111.jpg,False,partner_home,old_phone,,not fresh,not fresh,0.0005226898,0.99148774,0.007989623,not fresh,0.99148774,spoiled,0.007989623,0.9994774,0.9834981,0,True,True,True,False,False,False,Likely Not Fresh,Consume Immediately / Manual inspection recommended,54.66399,Consume Immediately,1,1,True,False
20260624_211943.jpg,9,Pork Hind Leg,spoiled,24:00:00,E:\Thesis Code\processed_hsv_lab_threshold_roi_224\sample 9\spoiled\20260624_211943.jpg,pork_hind_leg_sample_9,hind_leg,cross_rotation,all,public_dataset_2,all,all,all,file_destination,E:\Thesis Code\processed_hsv_lab_threshold_roi_224\sample 9\spoiled\20260624_211943.jpg,False,public_dataset_2,public_dataset_2,,spoiled,spoiled,0.08725675,0.36455885,0.5481844,spoiled,0.5481844,not fresh,0.36455885,0.9127432,0.18362555,0,True,True,True,False,True,True,Borderline Spoiled / Advanced Not Fresh,Not Suitable / Manual inspection recommended,34.258255,Not Suitable,2,2,True,False
20260429_153242.jpg,4,Pork Belly,not fresh,08:04:49,E:\Thesis Code\processed_hsv_lab_threshold_roi_224\sample 4\not fresh\20260429_153242.jpg,pork_belly_sample_4,belly,cross_rotation,all,meatlens,all,all,all,file_destination,E:\Thesis Code\processed_hsv_lab_threshold_roi_224\sample 4\not fresh\20260429_153242.jpg,False,partner_home,old_phone,,not fresh,not fresh,0.0016212842,0.9774329,0.020945763,not fresh,0.9774329,spoiled,0.020945763,0.9983787,0.9564871,0,True,True,True,False,False,False,Likely Not Fresh,Consume Immediately / Manual inspection recommended,54.130398,Consume Immediately,1,1,True,False
20260704_092936.jpg,10,Pork Belly,spoiled,24:00:00,E:\Thesis Code\processed_hsv_lab_threshold_roi_224\sample 10\spoiled\20260704_092936.jpg,pork_belly_sample_10,belly,cross_rotation,all,public_dataset_2,all,all,all,file_destination,E:\Thesis Code\processed_hsv_lab_threshold_roi_224\sample 10\spoiled\20260704_092936.jpg,False,public_dataset_2,public_dataset_2,,spoiled,spoiled,0.0015455881,0.00462124,0.9938332,spoiled,0.9938332,not fresh,0.00462124,0.99845445,0.9892119,0,True,True,True,False,False,False,Likely Spoiled,Not Suitable,10.347059,Not Suitable,2,2,True,False
IMG20260508065121.jpg,6,Pork Ham,fresh,00:42:13,E:\Thesis Code\processed_hsv_lab_threshold_roi_224\sample 6\fresh\IMG20260508065121.jpg,pork_ham_sample_6,ham,cross_rotation,all,meatlens,all,all,all,file_destination,E:\Thesis Code\processed_hsv_lab_threshold_roi_224\sample 6\fresh\IMG20260508065121.jpg,False,partner_home,new_phone,,fresh,fresh,0.9945287,0.003974395,0.0014968639,fresh,0.9945287,not fresh,0.003974395,0.9985031,0.99055433,0,True,True,True,False,False,False,Likely Fresh,Good for Consumption,99.68643,Good for Consumption,0,0,True,False
20260430_162644.jpg,4,Pork Belly,spoiled,30:27:08,E:\Thesis Code\processed_hsv_lab_threshold_roi_224\sample 4\spoiled\20260430_162644.jpg,pork_belly_sample_4,belly,cross_rotation,all,meatlens,all,all,all,file_destination,E:\Thesis Code\processed_hsv_lab_threshold_roi_224\sample 4\spoiled\20260430_162644.jpg,False,partner_home,old_phone,,spoiled,spoiled,3.3439093e-05,0.0028772776,0.99708927,spoiled,0.99708927,not fresh,0.0028772776,0.99996656,0.994212,0,True,True,True,False,False,False,Likely Spoiled,Not Suitable,10.132487,Not Suitable,2,2,True,False
20260429_115747.jpg,3,Pork Belly,fresh,03:00:31,E:\Thesis Code\processed_hsv_lab_threshold_roi_224\sample 3\fresh\20260429_115747.jpg,pork_belly_sample_3,belly,cross_rotation,all,meatlens,all,all,all,file_destination,E:\Thesis Code\processed_hsv_lab_threshold_roi_224\sample 3\fresh\20260429_115747.jpg,False,researcher_home,old_phone,,fresh,fresh,0.5649584,0.40402254,0.03101914,fresh,0.5649584,not fresh,0.40402254,0.9689809,0.16093585,0,True,True,True,False,True,True,Borderline Fresh / Early Not Fresh,Consume Immediately / Check carefully,79.02727,Good for Consumption,0,0,True,False
HALF-FRESH-955-_JPG.rf.f529061361add990304bd8237b50da0a.jpg,12,Various Pork Meat,not fresh,,E:\Thesis Code\processed_hsv_lab_threshold_roi_224\sample 12\not fresh\HALF-FRESH-955-_JPG.rf.f529061361add990304bd8237b50da0a.jpg,various_pork_meat_sample_12,various,cross_rotation,all,public_dataset_2,all,all,all,file_destination,E:\Thesis Code\processed_hsv_lab_threshold_roi_224\sample 12\not fresh\HALF-FRESH-955-_JPG.rf.f529061361add990304bd8237b50da0a.jpg,False,public_dataset_2,public_dataset_2,,not fresh,not fresh,0.29102618,0.49998617,0.20898768,not fresh,0.49998617,fresh,0.29102618,0.79101235,0.20896,0,True,True,True,False,True,True,Borderline Fresh / Early Not Fresh,Consume Immediately / Check carefully,58.691734,Consume Immediately,1,1,True,False
20260424_205859.jpg,1,Pork Shoulder,spoiled,16:57:53,E:\Thesis Code\processed_hsv_lab_threshold_roi_224\sample 1\spoiled\20260424_205859.jpg,pork_shoulder_sample_1,shoulder,cross_rotation,all,meatlens,all,all,all,file_destination,E:\Thesis Code\processed_hsv_lab_threshold_roi_224\sample 1\spoiled\20260424_205859.jpg,False,researcher_home,old_phone,,spoiled,not fresh,0.0022904722,0.8509395,0.14676988,not fresh,0.8509395,spoiled,0.14676988,0.9977094,0.70416963,1,False,True,True,False,True,False,Borderline Spoiled / Advanced Not Fresh,Not Suitable / Manual inspection recommended,48.49842,Consume Immediately,1,2,True,False
IMG_20260517_114733.jpg,7,Pork Loin,fresh,06:19:44,E:\Thesis Code\processed_hsv_lab_threshold_roi_224\sample 7\fresh\IMG_20260517_114733.jpg,pork_loin_sample_7,loin,cross_rotation,all,meatlens,all,all,all,file_destination,E:\Thesis Code\processed_hsv_lab_threshold_roi_224\sample 7\fresh\IMG_20260517_114733.jpg,False,researcher_home,new_phone,,fresh,fresh,0.52880895,0.4180831,0.053108003,fresh,0.52880895,not fresh,0.4180831,0.946892,0.11072585,0,True,True,True,False,True,True,Borderline Fresh / Early Not Fresh,Consume Immediately / Check carefully,76.40655,Good for Consumption,0,0,True,False
20260516_082533.jpg,8,Pork Loin,fresh,02:57:17,E:\Thesis Code\processed_hsv_lab_threshold_roi_224\sample 8\fresh\20260516_082533.jpg,pork_loin_sample_8,loin,cross_rotation,all,meatlens,all,all,all,file_destination,E:\Thesis Code\processed_hsv_lab_threshold_roi_224\sample 8\fresh\20260516_082533.jpg,False,partner_home,new_phone,,fresh,fresh,0.9915669,0.008057455,0.00037566942,fresh,0.9915669,not fresh,0.008057455,0.9996244,0.9835094,0,True,True,True,False,False,False,Likely Fresh,Good for Consumption,99.60361,Good for Consumption,0,0,True,False
IMG_20260508_114645.jpg,5,Pork Ham,fresh,07:45:32,E:\Thesis Code\processed_hsv_lab_threshold_roi_224\sample 5\fresh\IMG_20260508_114645.jpg,pork_ham_sample_5,ham,cross_rotation,all,meatlens,all,all,all,file_destination,E:\Thesis Code\processed_hsv_lab_threshold_roi_224\sample 5\fresh\IMG_20260508_114645.jpg,False,researcher_home,new_phone,,fresh,fresh,0.87182844,0.12438075,0.0037907613,fresh,0.87182844,not fresh,0.12438075,0.9962092,0.74744767,0,True,True,True,False,True,False,Borderline Fresh / Early Not Fresh,Consume Immediately / Check carefully,94.06169,Good for Consumption,0,0,True,False
20260703_065702.jpg,10,Pork Belly,fresh,04:00:00,E:\Thesis Code\processed_hsv_lab_threshold_roi_224\sample 10\fresh\20260703_065702.jpg,pork_belly_sample_10,belly,cross_rotation,all,public_dataset_2,all,all,all,file_destination,E:\Thesis Code\processed_hsv_lab_threshold_roi_224\sample 10\fresh\20260703_065702.jpg,False,public_dataset_2,public_dataset_2,,fresh,fresh,0.9622785,0.03583435,0.0018871165,fresh,0.9622785,not fresh,0.03583435,0.99811286,0.9264441,0,True,True,True,False,False,False,Likely Fresh,Good for Consumption,98.217606,Good for Consumption,0,0,True,False
20260516_104025.jpg,8,Pork Loin,fresh,06:15:41,E:\Thesis Code\processed_hsv_lab_threshold_roi_224\sample 8\fresh\20260516_104025.jpg,pork_loin_sample_8,loin,cross_rotation,all,meatlens,all,all,all,file_destination,E:\Thesis Code\processed_hsv_lab_threshold_roi_224\sample 8\fresh\20260516_104025.jpg,False,partner_home,new_phone,,fresh,fresh,0.72906274,0.26941386,0.0015234576,fresh,0.72906274,not fresh,0.26941386,0.9984766,0.45964888,0,True,True,True,False,True,False,Borderline Fresh / Early Not Fresh,Consume Immediately / Check carefully,87.73927,Good for Consumption,0,0,True,False
IMG_20260518_010036.jpg,7,Pork Loin,spoiled,18:42:13,E:\Thesis Code\processed_hsv_lab_threshold_roi_224\sample 7\spoiled\IMG_20260518_010036.jpg,pork_loin_sample_7,loin,cross_rotation,all,meatlens,all,all,all,file_destination,E:\Thesis Code\processed_hsv_lab_threshold_roi_224\sample 7\spoiled\IMG_20260518_010036.jpg,False,researcher_home,new_phone,,spoiled,spoiled,0.0036006754,0.22414497,0.77225435,spoiled,0.77225435,not fresh,0.22414497,0.9963993,0.5481094,0,True,True,True,False,True,False,Borderline Spoiled / Advanced Not Fresh,Not Suitable / Manual inspection recommended,20.410583,Not Suitable,2,2,True,False
IMG20260508210615.jpg,6,Pork Ham,spoiled,16:44:01,E:\Thesis Code\processed_hsv_lab_threshold_roi_224\sample 6\spoiled\IMG20260508210615.jpg,pork_ham_sample_6,ham,cross_rotation,all,meatlens,all,all,all,file_destination,E:\Thesis Code\processed_hsv_lab_threshold_roi_224\sample 6\spoiled\IMG20260508210615.jpg,False,partner_home,new_phone,,spoiled,spoiled,0.00034925804,0.1415176,0.8581332,spoiled,0.8581332,not fresh,0.1415176,0.9996508,0.7166156,0,True,True,True,False,True,False,Borderline Spoiled / Advanced Not Fresh,Not Suitable / Manual inspection recommended,16.399725,Not Suitable,2,2,True,False
20260423_160739.jpg,2,Pork Shoulder,not fresh,11:52:46,E:\Thesis Code\processed_hsv_lab_threshold_roi_224\sample 2\not fresh\20260423_160739.jpg,pork_shoulder_sample_2,shoulder,cross_rotation,all,meatlens,all,all,all,file_destination,E:\Thesis Code\processed_hsv_lab_threshold_roi_224\sample 2\not fresh\20260423_160739.jpg,False,partner_home,old_phone,,not fresh,not fresh,0.02476778,0.8928349,0.08239728,not fresh,0.8928349,spoiled,0.08239728,0.9752322,0.8104376,0,True,True,True,False,True,False,Borderline Spoiled / Advanced Not Fresh,Not Suitable / Manual inspection recommended,52.40667,Consume Immediately,1,1,True,False
IMG20260509195244.jpg,6,Pork Ham,spoiled,26:42:13,E:\Thesis Code\processed_hsv_lab_threshold_roi_224\sample 6\spoiled\IMG20260509195244.jpg,pork_ham_sample_6,ham,cross_rotation,all,meatlens,all,all,all,file_destination,E:\Thesis Code\processed_hsv_lab_threshold_roi_224\sample 6\spoiled\IMG20260509195244.jpg,False,partner_home,new_phone,,spoiled,spoiled,1.2223903e-05,0.0033828143,0.9966049,spoiled,0.9966049,not fresh,0.0033828143,0.9999877,0.9932221,0,True,True,True,False,False,False,Likely Spoiled,Not Suitable,10.153326,Not Suitable,2,2,True,False
20260429_141521.jpg,3,Pork Belly,not fresh,10:10:15,E:\Thesis Code\processed_hsv_lab_threshold_roi_224\sample 3\not fresh\20260429_141521.jpg,pork_belly_sample_3,belly,cross_rotation,all,meatlens,all,all,all,file_destination,E:\Thesis Code\processed_hsv_lab_threshold_roi_224\sample 3\not fresh\20260429_141521.jpg,False,researcher_home,old_phone,,not fresh,not fresh,0.016165668,0.9807537,0.0030805583,not fresh,0.9807537,fresh,0.016165668,0.9969194,0.96458805,0,True,True,True,False,False,False,Likely Not Fresh,Consume Immediately / Manual inspection recommended,55.588825,Consume Immediately,1,1,True,False
20260703_113711.jpg,10,Pork Belly,not fresh,12:00:00,E:\Thesis Code\processed_hsv_lab_threshold_roi_224\sample 10\not fresh\20260703_113711.jpg,pork_belly_sample_10,belly,cross_rotation,all,public_dataset_2,all,all,all,file_destination,E:\Thesis Code\processed_hsv_lab_threshold_roi_224\sample 10\not fresh\20260703_113711.jpg,False,public_dataset_2,public_dataset_2,,not fresh,fresh,0.6002711,0.39707935,0.00264958,fresh,0.6002711,not fresh,0.39707935,0.99735045,0.20319176,1,False,True,True,False,True,False,Borderline Fresh / Early Not Fresh,Consume Immediately / Check carefully,81.89297,Good for Consumption,0,1,True,False
08-11-2022 21-45-46_jpg.rf.F4PFd2EF46d42MJ5Uzin.jpg,11,Various Pork Meat,not fresh,,E:\Thesis Code\processed_hsv_lab_threshold_roi_224\sample 11\half fresh\08-11-2022 21-45-46_jpg.rf.F4PFd2EF46d42MJ5Uzin.jpg,various_pork_meat_sample_11,various,cross_rotation,all,public_dataset_2,all,all,all,file_destination,E:\Thesis Code\processed_hsv_lab_threshold_roi_224\sample 11\half fresh\08-11-2022 21-45-46_jpg.rf.F4PFd2EF46d42MJ5Uzin.jpg,False,public_dataset_2,public_dataset_2,,not fresh,not fresh,0.088001154,0.8548009,0.057198055,not fresh,0.8548009,fresh,0.088001154,0.942802,0.76679975,0,True,True,True,False,True,False,Borderline Fresh / Early Not Fresh,Consume Immediately / Check carefully,56.386143,Consume Immediately,1,1,True,False
IMG_20260508_060639.jpg,5,Pork Ham,fresh,01:53:22,E:\Thesis Code\processed_hsv_lab_threshold_roi_224\sample 5\fresh\IMG_20260508_060639.jpg,pork_ham_sample_5,ham,cross_rotation,all,meatlens,all,all,all,file_destination,E:\Thesis Code\processed_hsv_lab_threshold_roi_224\sample 5\fresh\IMG_20260508_060639.jpg,False,researcher_home,new_phone,,fresh,fresh,0.9989231,0.0010465621,3.0285042e-05,fresh,0.9989231,not fresh,0.0010465621,0.99996966,0.9978766,0,True,True,True,False,False,False,Likely Fresh,Good for Consumption,99.95017,Good for Consumption,0,0,True,False
IMG20260508161426.jpg,6,Pork Ham,not fresh,12:14:28,E:\Thesis Code\processed_hsv_lab_threshold_roi_224\sample 6\not fresh\IMG20260508161426.jpg,pork_ham_sample_6,ham,cross_rotation,all,meatlens,all,all,all,file_destination,E:\Thesis Code\processed_hsv_lab_threshold_roi_224\sample 6\not fresh\IMG20260508161426.jpg,False,partner_home,new_phone,,not fresh,not fresh,0.0037983605,0.93020654,0.065995075,not fresh,0.93020654,spoiled,0.065995075,0.99620163,0.86421144,0,True,True,True,False,False,False,Likely Not Fresh,Consume Immediately / Manual inspection recommended,52.201145,Consume Immediately,1,1,True,False
20260516_105858.jpg,8,Pork Loin,fresh,06:57:53,E:\Thesis Code\processed_hsv_lab_threshold_roi_224\sample 8\fresh\20260516_105858.jpg,pork_loin_sample_8,loin,cross_rotation,all,meatlens,all,all,all,file_destination,E:\Thesis Code\processed_hsv_lab_threshold_roi_224\sample 8\fresh\20260516_105858.jpg,False,partner_home,new_phone,,fresh,fresh,0.7339576,0.26449752,0.0015449378,fresh,0.7339576,not fresh,0.26449752,0.9984551,0.46946007,0,True,True,True,False,True,False,Borderline Fresh / Early Not Fresh,Consume Immediately / Check carefully,87.95857,Good for Consumption,0,0,True,False
IMG_20260508_192424.jpg,5,Pork Ham,not fresh,15:14:10,E:\Thesis Code\processed_hsv_lab_threshold_roi_224\sample 5\not fresh\IMG_20260508_192424.jpg,pork_ham_sample_5,ham,cross_rotation,all,meatlens,all,all,all,file_destination,E:\Thesis Code\processed_hsv_lab_threshold_roi_224\sample 5\not fresh\IMG_20260508_192424.jpg,False,researcher_home,new_phone,,not fresh,not fresh,0.0050438186,0.7717297,0.22322646,not fresh,0.7717297,spoiled,0.22322646,0.99495614,0.5485033,0,True,True,True,False,True,False,Borderline Spoiled / Advanced Not Fresh,Not Suitable / Manual inspection recommended,45.18178,Consume Immediately,1,1,True,False
20260429_214328.jpg,3,Pork Belly,spoiled,17:06:20,E:\Thesis Code\processed_hsv_lab_threshold_roi_224\sample 3\spoiled\20260429_214328.jpg,pork_belly_sample_3,belly,cross_rotation,all,meatlens,all,all,all,file_destination,E:\Thesis Code\processed_hsv_lab_threshold_roi_224\sample 3\spoiled\20260429_214328.jpg,False,researcher_home,old_phone,,spoiled,spoiled,0.0011330926,0.27437288,0.72449404,spoiled,0.72449404,not fresh,0.27437288,0.9988669,0.45012116,0,True,True,True,False,True,False,Borderline Spoiled / Advanced Not Fresh,Not Suitable / Manual inspection recommended,22.448757,Not Suitable,2,2,True,False
20260429_225624.jpg,4,Pork Belly,spoiled,18:16:17,E:\Thesis Code\processed_hsv_lab_threshold_roi_224\sample 4\spoiled\20260429_225624.jpg,pork_belly_sample_4,belly,cross_rotation,all,meatlens,all,all,all,file_destination,E:\Thesis Code\processed_hsv_lab_threshold_roi_224\sample 4\spoiled\20260429_225624.jpg,False,partner_home,old_phone,,spoiled,spoiled,7.3252195e-05,0.019234436,0.9806924,spoiled,0.9806924,not fresh,0.019234436,0.9999268,0.96145797,0,True,True,True,False,False,False,Likely Spoiled,Not Suitable,10.872143,Not Suitable,2,2,True,False
20260624_223125.jpg,9,Pork Hind Leg,spoiled,24:00:00,E:\Thesis Code\processed_hsv_lab_threshold_roi_224\sample 9\spoiled\20260624_223125.jpg,pork_hind_leg_sample_9,hind_leg,cross_rotation,all,public_dataset_2,all,all,all,file_destination,E:\Thesis Code\processed_hsv_lab_threshold_roi_224\sample 9\spoiled\20260624_223125.jpg,False,public_dataset_2,public_dataset_2,,spoiled,spoiled,0.06155618,0.4218156,0.5166282,spoiled,0.5166282,not fresh,0.4218156,0.9384438,0.0948126,0,True,True,True,False,True,True,Borderline Spoiled / Advanced Not Fresh,Not Suitable / Manual inspection recommended,34.52176,Not Suitable,2,2,True,False
IMG_20260508_075141.jpg,5,Pork Ham,fresh,03:41:55,E:\Thesis Code\processed_hsv_lab_threshold_roi_224\sample 5\fresh\IMG_20260508_075141.jpg,pork_ham_sample_5,ham,cross_rotation,all,meatlens,all,all,all,file_destination,E:\Thesis Code\processed_hsv_lab_threshold_roi_224\sample 5\fresh\IMG_20260508_075141.jpg,False,researcher_home,new_phone,,fresh,fresh,0.99752444,0.002406367,6.91503e-05,fresh,0.99752444,not fresh,0.002406367,0.9999308,0.9951181,0,True,True,True,False,False,False,Likely Fresh,Good for Consumption,99.88548,Good for Consumption,0,0,True,False
IMG20260508125844.jpg,6,Pork Ham,not fresh,08:58:11,E:\Thesis Code\processed_hsv_lab_threshold_roi_224\sample 6\not fresh\IMG20260508125844.jpg,pork_ham_sample_6,ham,cross_rotation,all,meatlens,all,all,all,file_destination,E:\Thesis Code\processed_hsv_lab_threshold_roi_224\sample 6\not fresh\IMG20260508125844.jpg,False,partner_home,new_phone,,not fresh,not fresh,0.029352404,0.9545939,0.016053747,not fresh,0.9545939,fresh,0.029352404,0.9839463,0.9252415,0,True,True,True,False,False,False,Likely Not Fresh,Consume Immediately / Manual inspection recommended,55.598442,Consume Immediately,1,1,True,False
20260624_130237.jpg,9,Pork Hind Leg,not fresh,12:00:00,E:\Thesis Code\processed_hsv_lab_threshold_roi_224\sample 9\not fresh\20260624_130237.jpg,pork_hind_leg_sample_9,hind_leg,cross_rotation,all,public_dataset_2,all,all,all,file_destination,E:\Thesis Code\processed_hsv_lab_threshold_roi_224\sample 9\not fresh\20260624_130237.jpg,False,public_dataset_2,public_dataset_2,,not fresh,not fresh,0.36040008,0.5292716,0.11032835,not fresh,0.5292716,fresh,0.36040008,0.8896717,0.16887152,0,True,True,True,False,True,True,Borderline Fresh / Early Not Fresh,Consume Immediately / Check carefully,66.25323,Consume Immediately,1,1,True,False
20260430_201952.jpg,4,Pork Belly,spoiled,35:23:49,E:\Thesis Code\processed_hsv_lab_threshold_roi_224\sample 4\spoiled\20260430_201952.jpg,pork_belly_sample_4,belly,cross_rotation,all,meatlens,all,all,all,file_destination,E:\Thesis Code\processed_hsv_lab_threshold_roi_224\sample 4\spoiled\20260430_201952.jpg,False,partner_home,old_phone,,spoiled,spoiled,0.0024001766,0.01884549,0.97875434,spoiled,0.97875434,not fresh,0.01884549,0.99759984,0.95990884,0,True,True,True,False,False,False,Likely Spoiled,Not Suitable,11.064063,Not Suitable,2,2,True,False
20260703_091919.jpg,10,Pork Belly,fresh,04:00:00,E:\Thesis Code\processed_hsv_lab_threshold_roi_224\sample 10\fresh\20260703_091919.jpg,pork_belly_sample_10,belly,cross_rotation,all,public_dataset_2,all,all,all,file_destination,E:\Thesis Code\processed_hsv_lab_threshold_roi_224\sample 10\fresh\20260703_091919.jpg,False,public_dataset_2,public_dataset_2,,fresh,fresh,0.83873874,0.15897286,0.0022883485,fresh,0.83873874,not fresh,0.15897286,0.9977116,0.6797659,0,True,True,True,False,True,False,Borderline Fresh / Early Not Fresh,Consume Immediately / Check carefully,92.64027,Good for Consumption,0,0,True,False
20260516_163912.jpg,8,Pork Loin,not fresh,12:25:02,E:\Thesis Code\processed_hsv_lab_threshold_roi_224\sample 8\not fresh\20260516_163912.jpg,pork_loin_sample_8,loin,cross_rotation,all,meatlens,all,all,all,file_destination,E:\Thesis Code\processed_hsv_lab_threshold_roi_224\sample 8\not fresh\20260516_163912.jpg,False,partner_home,new_phone,,not fresh,not fresh,0.0056662806,0.6989096,0.29542416,not fresh,0.6989096,spoiled,0.29542416,0.99433374,0.40348542,0,True,True,True,False,True,False,Borderline Spoiled / Advanced Not Fresh,Not Suitable / Manual inspection recommended,41.960896,Consume Immediately,1,1,True,False
IMG_20260517_100516.jpg,7,Pork Loin,fresh,01:26:18,E:\Thesis Code\processed_hsv_lab_threshold_roi_224\sample 7\fresh\IMG_20260517_100516.jpg,pork_loin_sample_7,loin,cross_rotation,all,meatlens,all,all,all,file_destination,E:\Thesis Code\processed_hsv_lab_threshold_roi_224\sample 7\fresh\IMG_20260517_100516.jpg,False,researcher_home,new_phone,,fresh,fresh,0.9870797,0.012144943,0.0007752772,fresh,0.9870797,not fresh,0.012144943,0.9992246,0.97493476,0,True,True,True,False,False,False,Likely Fresh,Good for Consumption,99.38369,Good for Consumption,0,0,True,False
20260430_144458.jpg,4,Pork Belly,spoiled,28:16:53,E:\Thesis Code\processed_hsv_lab_threshold_roi_224\sample 4\spoiled\20260430_144458.jpg,pork_belly_sample_4,belly,cross_rotation,all,meatlens,all,all,all,file_destination,E:\Thesis Code\processed_hsv_lab_threshold_roi_224\sample 4\spoiled\20260430_144458.jpg,False,partner_home,old_phone,,spoiled,spoiled,0.00016002936,0.00095630105,0.99888366,spoiled,0.99888366,not fresh,0.00095630105,0.99983996,0.99792737,0,True,True,True,False,False,False,Likely Spoiled,Not Suitable,10.057436,Not Suitable,2,2,True,False
IMG20260508150722.jpg,6,Pork Ham,not fresh,11:06:56,E:\Thesis Code\processed_hsv_lab_threshold_roi_224\sample 6\not fresh\IMG20260508150722.jpg,pork_ham_sample_6,ham,cross_rotation,all,meatlens,all,all,all,file_destination,E:\Thesis Code\processed_hsv_lab_threshold_roi_224\sample 6\not fresh\IMG20260508150722.jpg,False,partner_home,new_phone,,not fresh,not fresh,0.007523144,0.9550409,0.037435953,not fresh,0.9550409,spoiled,0.037435953,0.9924768,0.9176049,0,True,True,True,False,False,False,Likely Not Fresh,Consume Immediately / Manual inspection recommended,53.653923,Consume Immediately,1,1,True,False
20260423_115812.jpg,2,Pork Shoulder,not fresh,07:53:58,E:\Thesis Code\processed_hsv_lab_threshold_roi_224\sample 2\not fresh\20260423_115812.jpg,pork_shoulder_sample_2,shoulder,cross_rotation,all,meatlens,all,all,all,file_destination,E:\Thesis Code\processed_hsv_lab_threshold_roi_224\sample 2\not fresh\20260423_115812.jpg,False,partner_home,old_phone,,not fresh,not fresh,0.014033878,0.9785738,0.0073923417,not fresh,0.9785738,fresh,0.014033878,0.99260765,0.96453995,0,True,True,True,False,False,False,Likely Not Fresh,Consume Immediately / Manual inspection recommended,55.29887,Consume Immediately,1,1,True,False
20260429_173001.jpg,4,Pork Belly,not fresh,11:12:58,E:\Thesis Code\processed_hsv_lab_threshold_roi_224\sample 4\not fresh\20260429_173001.jpg,pork_belly_sample_4,belly,cross_rotation,all,meatlens,all,all,all,file_destination,E:\Thesis Code\processed_hsv_lab_threshold_roi_224\sample 4\not fresh\20260429_173001.jpg,False,partner_home,old_phone,,not fresh,not fresh,0.013020183,0.759331,0.22764884,not fresh,0.759331,spoiled,0.22764884,0.98697984,0.53168213,0,True,True,True,False,True,False,Borderline Spoiled / Advanced Not Fresh,Not Suitable / Manual inspection recommended,45.34171,Consume Immediately,1,1,True,False
09-11-2022 12-50-33_jpg.rf.LRxyyzGhVzsF1SegQyJE.jpg,11,Various Pork Meat,spoiled,,E:\Thesis Code\processed_hsv_lab_threshold_roi_224\sample 11\spoiled\09-11-2022 12-50-33_jpg.rf.LRxyyzGhVzsF1SegQyJE.jpg,various_pork_meat_sample_11,various,cross_rotation,all,public_dataset_2,all,all,all,file_destination,E:\Thesis Code\processed_hsv_lab_threshold_roi_224\sample 11\spoiled\09-11-2022 12-50-33_jpg.rf.LRxyyzGhVzsF1SegQyJE.jpg,False,public_dataset_2,public_dataset_2,,spoiled,not fresh,0.06134785,0.55865246,0.37999973,not fresh,0.55865246,spoiled,0.37999973,0.93865216,0.17865273,1,False,True,True,False,True,True,Borderline Spoiled / Advanced Not Fresh,Not Suitable / Manual inspection recommended,40.660667,Consume Immediately,1,2,True,False
20260516_082403.jpg,8,Pork Loin,fresh,02:53:04,E:\Thesis Code\processed_hsv_lab_threshold_roi_224\sample 8\fresh\20260516_082403.jpg,pork_loin_sample_8,loin,cross_rotation,all,meatlens,all,all,all,file_destination,E:\Thesis Code\processed_hsv_lab_threshold_roi_224\sample 8\fresh\20260516_082403.jpg,False,partner_home,new_phone,,fresh,fresh,0.9889259,0.010783661,0.00029048097,fresh,0.9889259,not fresh,0.010783661,0.99970955,0.9781422,0,True,True,True,False,False,False,Likely Fresh,Good for Consumption,99.488594,Good for Consumption,0,0,True,False
20260625_084818.jpg,9,Pork Hind Leg,spoiled,24:00:00,E:\Thesis Code\processed_hsv_lab_threshold_roi_224\sample 9\spoiled\20260625_084818.jpg,pork_hind_leg_sample_9,hind_leg,cross_rotation,all,public_dataset_2,all,all,all,file_destination,E:\Thesis Code\processed_hsv_lab_threshold_roi_224\sample 9\spoiled\20260625_084818.jpg,False,public_dataset_2,public_dataset_2,,spoiled,spoiled,0.06155929,0.057964817,0.8804759,spoiled,0.8804759,fresh,0.06155929,0.9420352,0.81891656,0,True,True,True,False,True,False,Uncertain / Non-adjacent Class Conflict,No reliable result / Retake image,18.148752,Not Suitable,2,2,False,True
FRESH-966-_JPG.rf.d31ad8bfbd49c80a53b595e750e66872.jpg,12,Various Pork Meat,fresh,,E:\Thesis Code\processed_hsv_lab_threshold_roi_224\sample 12\fresh\FRESH-966-_JPG.rf.d31ad8bfbd49c80a53b595e750e66872.jpg,various_pork_meat_sample_12,various,cross_rotation,all,public_dataset_2,all,all,all,file_destination,E:\Thesis Code\processed_hsv_lab_threshold_roi_224\sample 12\fresh\FRESH-966-_JPG.rf.d31ad8bfbd49c80a53b595e750e66872.jpg,False,public_dataset_2,public_dataset_2,,fresh,fresh,0.83284557,0.14412574,0.023028675,fresh,0.83284557,not fresh,0.14412574,0.9769713,0.6887198,0,True,True,True,False,True,False,Borderline Fresh / Early Not Fresh,Consume Immediately / Check carefully,91.44176,Good for Consumption,0,0,True,False
20260516_074527.jpg,8,Pork Loin,fresh,01:18:05,E:\Thesis Code\processed_hsv_lab_threshold_roi_224\sample 8\fresh\20260516_074527.jpg,pork_loin_sample_8,loin,cross_rotation,all,meatlens,all,all,all,file_destination,E:\Thesis Code\processed_hsv_lab_threshold_roi_224\sample 8\fresh\20260516_074527.jpg,False,partner_home,new_phone,,fresh,fresh,0.99650073,0.0034580647,4.1238567e-05,fresh,0.99650073,not fresh,0.0034580647,0.9999588,0.99304265,0,True,True,True,False,False,False,Likely Fresh,Good for Consumption,99.840675,Good for Consumption,0,0,True,False
IMG_20260508_130158.jpg,5,Pork Ham,not fresh,08:57:53,E:\Thesis Code\processed_hsv_lab_threshold_roi_224\sample 5\not fresh\IMG_20260508_130158.jpg,pork_ham_sample_5,ham,cross_rotation,all,meatlens,all,all,all,file_destination,E:\Thesis Code\processed_hsv_lab_threshold_roi_224\sample 5\not fresh\IMG_20260508_130158.jpg,False,researcher_home,new_phone,,not fresh,not fresh,0.08924793,0.90878606,0.001965969,not fresh,0.90878606,fresh,0.08924793,0.998034,0.8195381,0,True,True,True,False,False,False,Likely Not Fresh,Consume Immediately / Manual inspection recommended,58.927685,Consume Immediately,1,1,True,False
20260429_053900.jpg,3,Pork Belly,fresh,04:59:29,E:\Thesis Code\processed_hsv_lab_threshold_roi_224\sample 3\fresh\20260429_053900.jpg,pork_belly_sample_3,belly,cross_rotation,all,meatlens,all,all,all,file_destination,E:\Thesis Code\processed_hsv_lab_threshold_roi_224\sample 3\fresh\20260429_053900.jpg,False,researcher_home,old_phone,,fresh,fresh,0.9809902,0.016752318,0.0022574854,fresh,0.9809902,not fresh,0.016752318,0.9977425,0.96423787,0,True,True,True,False,False,False,Likely Fresh,Good for Consumption,99.04297,Good for Consumption,0,0,True,False
20260516_085308.jpg,8,Pork Loin,fresh,04:02:43,E:\Thesis Code\processed_hsv_lab_threshold_roi_224\sample 8\fresh\20260516_085308.jpg,pork_loin_sample_8,loin,cross_rotation,all,meatlens,all,all,all,file_destination,E:\Thesis Code\processed_hsv_lab_threshold_roi_224\sample 8\fresh\20260516_085308.jpg,False,partner_home,new_phone,,fresh,fresh,0.9852359,0.014534386,0.00022971853,fresh,0.9852359,not fresh,0.014534386,0.99977034,0.9707015,0,True,True,True,False,False,False,Likely Fresh,Good for Consumption,99.32528,Good for Consumption,0,0,True,False
20260703_083334.jpg,10,Pork Belly,fresh,04:00:00,E:\Thesis Code\processed_hsv_lab_threshold_roi_224\sample 10\fresh\20260703_083334.jpg,pork_belly_sample_10,belly,cross_rotation,all,public_dataset_2,all,all,all,file_destination,E:\Thesis Code\processed_hsv_lab_threshold_roi_224\sample 10\fresh\20260703_083334.jpg,False,public_dataset_2,public_dataset_2,,fresh,fresh,0.94975376,0.04813778,0.0021085285,fresh,0.94975376,not fresh,0.04813778,0.99789155,0.901616,0,True,True,True,False,False,False,Likely Fresh,Good for Consumption,97.64404,Good for Consumption,0,0,True,False
09-11-2022 10-28-26_jpg.rf.Uw6Ni7dtGpl6Jrs6r9s5.jpg,11,Various Pork Meat,spoiled,,E:\Thesis Code\processed_hsv_lab_threshold_roi_224\sample 11\spoiled\09-11-2022 10-28-26_jpg.rf.Uw6Ni7dtGpl6Jrs6r9s5.jpg,various_pork_meat_sample_11,various,cross_rotation,all,public_dataset_2,all,all,all,file_destination,E:\Thesis Code\processed_hsv_lab_threshold_roi_224\sample 11\spoiled\09-11-2022 10-28-26_jpg.rf.Uw6Ni7dtGpl6Jrs6r9s5.jpg,False,public_dataset_2,public_dataset_2,,spoiled,spoiled,0.00023376866,0.039553326,0.9602129,spoiled,0.9602129,not fresh,0.039553326,0.99976623,0.92065954,0,True,True,True,False,False,False,Likely Spoiled,Not Suitable,11.800939,Not Suitable,2,2,True,False
20260516_173451.jpg,8,Pork Loin,not fresh,13:30:27,E:\Thesis Code\processed_hsv_lab_threshold_roi_224\sample 8\not fresh\20260516_173451.jpg,pork_loin_sample_8,loin,cross_rotation,all,meatlens,all,all,all,file_destination,E:\Thesis Code\processed_hsv_lab_threshold_roi_224\sample 8\not fresh\20260516_173451.jpg,False,partner_home,new_phone,,not fresh,not fresh,0.005259929,0.5973494,0.39739072,not fresh,0.5973494,spoiled,0.39739072,0.9947401,0.19995868,0,True,True,True,False,True,True,Borderline Spoiled / Advanced Not Fresh,Not Suitable / Manual inspection recommended,37.35412,Not Suitable,1,1,True,False
IMG20260423095409.jpg,2,Pork Shoulder,fresh,05:31:03,E:\Thesis Code\processed_hsv_lab_threshold_roi_224\sample 2\fresh\IMG20260423095409.jpg,pork_shoulder_sample_2,shoulder,cross_rotation,all,meatlens,all,all,all,file_destination,E:\Thesis Code\processed_hsv_lab_threshold_roi_224\sample 2\fresh\IMG20260423095409.jpg,False,partner_home,old_phone,,fresh,fresh,0.9704094,0.027337007,0.0022535997,fresh,0.9704094,not fresh,0.027337007,0.9977464,0.9430724,0,True,True,True,False,False,False,Likely Fresh,Good for Consumption,98.56701,Good for Consumption,0,0,True,False
20260516_113334.jpg,8,Pork Loin,not fresh,07:37:59,E:\Thesis Code\processed_hsv_lab_threshold_roi_224\sample 8\not fresh\20260516_113334.jpg,pork_loin_sample_8,loin,cross_rotation,all,meatlens,all,all,all,file_destination,E:\Thesis Code\processed_hsv_lab_threshold_roi_224\sample 8\not fresh\20260516_113334.jpg,False,partner_home,new_phone,,not fresh,not fresh,0.49763456,0.49890852,0.0034569288,not fresh,0.49890852,fresh,0.49763456,0.99654305,0.0012739599,0,True,True,True,False,True,True,Borderline Fresh / Early Not Fresh,Consume Immediately / Check carefully,77.23799,Good for Consumption,1,1,True,False
IMG_20260508_134459.jpg,5,Pork Ham,not fresh,09:41:18,E:\Thesis Code\processed_hsv_lab_threshold_roi_224\sample 5\not fresh\IMG_20260508_134459.jpg,pork_ham_sample_5,ham,cross_rotation,all,meatlens,all,all,all,file_destination,E:\Thesis Code\processed_hsv_lab_threshold_roi_224\sample 5\not fresh\IMG_20260508_134459.jpg,False,researcher_home,new_phone,,not fresh,not fresh,0.02022663,0.9760181,0.003755274,not fresh,0.9760181,fresh,0.02022663,0.9962447,0.9557914,0,True,True,True,False,False,False,Likely Not Fresh,Consume Immediately / Manual inspection recommended,55.74121,Consume Immediately,1,1,True,False
08-11-2022 15-17-42_jpg.rf.owmyna9DFHORUcgPtOCD.jpg,11,Various Pork Meat,fresh,,E:\Thesis Code\processed_hsv_lab_threshold_roi_224\sample 11\fresh\08-11-2022 15-17-42_jpg.rf.owmyna9DFHORUcgPtOCD.jpg,various_pork_meat_sample_11,various,cross_rotation,all,public_dataset_2,all,all,all,file_destination,E:\Thesis Code\processed_hsv_lab_threshold_roi_224\sample 11\fresh\08-11-2022 15-17-42_jpg.rf.owmyna9DFHORUcgPtOCD.jpg,False,public_dataset_2,public_dataset_2,,fresh,not fresh,0.43062767,0.51032317,0.059049185,not fresh,0.51032317,fresh,0.43062767,0.9409509,0.07969549,1,False,True,True,False,True,True,Borderline Fresh / Early Not Fresh,Consume Immediately / Check carefully,71.72103,Good for Consumption,1,0,True,False
20260429_174234.jpg,4,Pork Belly,not fresh,11:32:52,E:\Thesis Code\processed_hsv_lab_threshold_roi_224\sample 4\not fresh\20260429_174234.jpg,pork_belly_sample_4,belly,cross_rotation,all,meatlens,all,all,all,file_destination,E:\Thesis Code\processed_hsv_lab_threshold_roi_224\sample 4\not fresh\20260429_174234.jpg,False,partner_home,old_phone,,not fresh,not fresh,0.012082605,0.8461296,0.14178781,not fresh,0.8461296,spoiled,0.14178781,0.9879174,0.70434177,0,True,True,True,False,True,False,Borderline Spoiled / Advanced Not Fresh,Not Suitable / Manual inspection recommended,49.163265,Consume Immediately,1,1,True,False
20260429_182811.jpg,4,Pork Belly,spoiled,12:36:11,E:\Thesis Code\processed_hsv_lab_threshold_roi_224\sample 4\spoiled\20260429_182811.jpg,pork_belly_sample_4,belly,cross_rotation,all,meatlens,all,all,all,file_destination,E:\Thesis Code\processed_hsv_lab_threshold_roi_224\sample 4\spoiled\20260429_182811.jpg,False,partner_home,old_phone,,spoiled,not fresh,0.017291019,0.6809926,0.30171642,not fresh,0.6809926,spoiled,0.30171642,0.98270905,0.3792762,1,False,True,True,False,True,False,Borderline Spoiled / Advanced Not Fresh,Not Suitable / Manual inspection recommended,42.20086,Consume Immediately,1,2,True,False
20260430_142224.jpg,4,Pork Belly,spoiled,27:47:56,E:\Thesis Code\processed_hsv_lab_threshold_roi_224\sample 4\spoiled\20260430_142224.jpg,pork_belly_sample_4,belly,cross_rotation,all,meatlens,all,all,all,file_destination,E:\Thesis Code\processed_hsv_lab_threshold_roi_224\sample 4\spoiled\20260430_142224.jpg,False,partner_home,old_phone,,spoiled,spoiled,6.5344495e-05,0.00084757677,0.9990871,spoiled,0.9990871,not fresh,0.00084757677,0.9999347,0.9982395,0,True,True,True,False,False,False,Likely Spoiled,Not Suitable,10.044023,Not Suitable,2,2,True,False
IMG_20260508_070640.jpg,5,Pork Ham,fresh,02:56:05,E:\Thesis Code\processed_hsv_lab_threshold_roi_224\sample 5\fresh\IMG_20260508_070640.jpg,pork_ham_sample_5,ham,cross_rotation,all,meatlens,all,all,all,file_destination,E:\Thesis Code\processed_hsv_lab_threshold_roi_224\sample 5\fresh\IMG_20260508_070640.jpg,False,researcher_home,new_phone,,fresh,fresh,0.9973876,0.002572176,4.0323626e-05,fresh,0.9973876,not fresh,0.002572176,0.99995977,0.9948154,0,True,True,True,False,False,False,Likely Fresh,Good for Consumption,99.88063,Good for Consumption,0,0,True,False
20260429_213010.jpg,4,Pork Belly,spoiled,16:27:44,E:\Thesis Code\processed_hsv_lab_threshold_roi_224\sample 4\spoiled\20260429_213010.jpg,pork_belly_sample_4,belly,cross_rotation,all,meatlens,all,all,all,file_destination,E:\Thesis Code\processed_hsv_lab_threshold_roi_224\sample 4\spoiled\20260429_213010.jpg,False,partner_home,old_phone,,spoiled,spoiled,0.00021862217,0.030061897,0.9697195,spoiled,0.9697195,not fresh,0.030061897,0.9997814,0.9396576,0,True,True,True,False,False,False,Likely Spoiled,Not Suitable,11.372462,Not Suitable,2,2,True,False
IMG_20260509_074127.jpg,5,Pork Ham,spoiled,21:47:20,E:\Thesis Code\processed_hsv_lab_threshold_roi_224\sample 5\spoiled\IMG_20260509_074127.jpg,pork_ham_sample_5,ham,cross_rotation,all,meatlens,all,all,all,file_destination,E:\Thesis Code\processed_hsv_lab_threshold_roi_224\sample 5\spoiled\IMG_20260509_074127.jpg,False,researcher_home,new_phone,,spoiled,spoiled,0.003041194,0.0058794296,0.9910794,spoiled,0.9910794,not fresh,0.0058794296,0.9969588,0.9852,0,True,True,True,False,False,False,Likely Spoiled,Not Suitable,10.538282,Not Suitable,2,2,True,False
20260703_065927.jpg,10,Pork Belly,fresh,04:00:00,E:\Thesis Code\processed_hsv_lab_threshold_roi_224\sample 10\fresh\20260703_065927.jpg,pork_belly_sample_10,belly,cross_rotation,all,public_dataset_2,all,all,all,file_destination,E:\Thesis Code\processed_hsv_lab_threshold_roi_224\sample 10\fresh\20260703_065927.jpg,False,public_dataset_2,public_dataset_2,,fresh,fresh,0.95107037,0.04681177,0.0021178522,fresh,0.95107037,not fresh,0.04681177,0.9978821,0.9042586,0,True,True,True,False,False,False,Likely Fresh,Good for Consumption,97.702866,Good for Consumption,0,0,True,False
20260703_123347.jpg,10,Pork Belly,not fresh,12:00:00,E:\Thesis Code\processed_hsv_lab_threshold_roi_224\sample 10\not fresh\20260703_123347.jpg,pork_belly_sample_10,belly,cross_rotation,all,public_dataset_2,all,all,all,file_destination,E:\Thesis Code\processed_hsv_lab_threshold_roi_224\sample 10\not fresh\20260703_123347.jpg,False,public_dataset_2,public_dataset_2,,not fresh,not fresh,0.34531558,0.6488379,0.0058464394,not fresh,0.6488379,fresh,0.34531558,0.9941535,0.30352235,0,True,True,True,False,True,False,Borderline Fresh / Early Not Fresh,Consume Immediately / Check carefully,70.27611,Good for Consumption,1,1,True,False
20260501_000357.jpg,3,Pork Belly,spoiled,34:05:26,E:\Thesis Code\processed_hsv_lab_threshold_roi_224\sample 3\spoiled\20260501_000357.jpg,pork_belly_sample_3,belly,cross_rotation,all,meatlens,all,all,all,file_destination,E:\Thesis Code\processed_hsv_lab_threshold_roi_224\sample 3\spoiled\20260501_000357.jpg,False,researcher_home,old_phone,,spoiled,spoiled,1.558658e-05,0.00069107575,0.9992933,spoiled,0.9992933,not fresh,0.00069107575,0.9999844,0.9986023,0,True,True,True,False,False,False,Likely Spoiled,Not Suitable,10.032501,Not Suitable,2,2,True,False
20260430_054134.jpg,3,Pork Belly,spoiled,22:25:56,E:\Thesis Code\processed_hsv_lab_threshold_roi_224\sample 3\spoiled\20260430_054134.jpg,pork_belly_sample_3,belly,cross_rotation,all,meatlens,all,all,all,file_destination,E:\Thesis Code\processed_hsv_lab_threshold_roi_224\sample 3\spoiled\20260430_054134.jpg,False,researcher_home,old_phone,,spoiled,spoiled,0.0002660987,0.005913292,0.99382055,spoiled,0.99382055,not fresh,0.005913292,0.99973387,0.98790723,0,True,True,True,False,False,False,Likely Spoiled,Not Suitable,10.290047,Not Suitable,2,2,True,False
20260429_145336.jpg,4,Pork Belly,not fresh,07:03:19,E:\Thesis Code\processed_hsv_lab_threshold_roi_224\sample 4\not fresh\20260429_145336.jpg,pork_belly_sample_4,belly,cross_rotation,all,meatlens,all,all,all,file_destination,E:\Thesis Code\processed_hsv_lab_threshold_roi_224\sample 4\not fresh\20260429_145336.jpg,False,partner_home,old_phone,,not fresh,not fresh,0.007229121,0.9477216,0.045049272,not fresh,0.9477216,spoiled,0.045049272,0.99277085,0.90267235,0,True,True,True,False,False,False,Likely Not Fresh,Consume Immediately / Manual inspection recommended,53.29809,Consume Immediately,1,1,True,False
IMG_20260517_104017.jpg,7,Pork Loin,fresh,03:06:59,E:\Thesis Code\processed_hsv_lab_threshold_roi_224\sample 7\fresh\IMG_20260517_104017.jpg,pork_loin_sample_7,loin,cross_rotation,all,meatlens,all,all,all,file_destination,E:\Thesis Code\processed_hsv_lab_threshold_roi_224\sample 7\fresh\IMG_20260517_104017.jpg,False,researcher_home,new_phone,,fresh,fresh,0.98846555,0.010883117,0.00065131683,fresh,0.98846555,not fresh,0.010883117,0.99934864,0.97758245,0,True,True,True,False,False,False,Likely Fresh,Good for Consumption,99.45164,Good for Consumption,0,0,True,False
IMG_20260508_173123.jpg,5,Pork Ham,not fresh,13:20:48,E:\Thesis Code\processed_hsv_lab_threshold_roi_224\sample 5\not fresh\IMG_20260508_173123.jpg,pork_ham_sample_5,ham,cross_rotation,all,meatlens,all,all,all,file_destination,E:\Thesis Code\processed_hsv_lab_threshold_roi_224\sample 5\not fresh\IMG_20260508_173123.jpg,False,researcher_home,new_phone,,not fresh,not fresh,0.042693347,0.7978418,0.15946494,not fresh,0.7978418,spoiled,0.15946494,0.95730674,0.63837683,0,True,True,True,False,True,False,Borderline Spoiled / Advanced Not Fresh,Not Suitable / Manual inspection recommended,49.74528,Consume Immediately,1,1,True,False
IMG20260508095132.jpg,6,Pork Ham,fresh,05:16:35,E:\Thesis Code\processed_hsv_lab_threshold_roi_224\sample 6\fresh\IMG20260508095132.jpg,pork_ham_sample_6,ham,cross_rotation,all,meatlens,all,all,all,file_destination,E:\Thesis Code\processed_hsv_lab_threshold_roi_224\sample 6\fresh\IMG20260508095132.jpg,False,partner_home,new_phone,,fresh,fresh,0.90905327,0.08864993,0.002296828,fresh,0.90905327,not fresh,0.08864993,0.9977032,0.82040334,0,True,True,True,False,False,False,Likely Fresh,Good for Consumption,95.80404,Good for Consumption,0,0,True,False
20260624_185620.jpg,9,Pork Hind Leg,spoiled,24:00:00,E:\Thesis Code\processed_hsv_lab_threshold_roi_224\sample 9\spoiled\20260624_185620.jpg,pork_hind_leg_sample_9,hind_leg,cross_rotation,all,public_dataset_2,all,all,all,file_destination,E:\Thesis Code\processed_hsv_lab_threshold_roi_224\sample 9\spoiled\20260624_185620.jpg,False,public_dataset_2,public_dataset_2,,spoiled,not fresh,0.098611355,0.6724076,0.22898105,not fresh,0.6724076,spoiled,0.22898105,0.90138865,0.44342658,1,False,True,True,False,True,False,Borderline Spoiled / Advanced Not Fresh,Not Suitable / Manual inspection recommended,49.133366,Consume Immediately,1,2,True,False
20260430_012030.jpg,3,Pork Belly,spoiled,19:31:03,E:\Thesis Code\processed_hsv_lab_threshold_roi_224\sample 3\spoiled\20260430_012030.jpg,pork_belly_sample_3,belly,cross_rotation,all,meatlens,all,all,all,file_destination,E:\Thesis Code\processed_hsv_lab_threshold_roi_224\sample 3\spoiled\20260430_012030.jpg,False,researcher_home,old_phone,,spoiled,spoiled,0.0478215,0.10877343,0.84340507,spoiled,0.84340507,not fresh,0.10877343,0.9521785,0.73463166,0,True,True,True,False,True,False,Borderline Spoiled / Advanced Not Fresh,Not Suitable / Manual inspection recommended,19.19874,Not Suitable,2,2,True,False
20260429_171158.jpg,4,Pork Belly,not fresh,10:44:01,E:\Thesis Code\processed_hsv_lab_threshold_roi_224\sample 4\not fresh\20260429_171158.jpg,pork_belly_sample_4,belly,cross_rotation,all,meatlens,all,all,all,file_destination,E:\Thesis Code\processed_hsv_lab_threshold_roi_224\sample 4\not fresh\20260429_171158.jpg,False,partner_home,old_phone,,not fresh,not fresh,0.032045793,0.77333987,0.19461423,not fresh,0.77333987,spoiled,0.19461423,0.9679541,0.57872564,0,True,True,True,False,True,False,Borderline Spoiled / Advanced Not Fresh,Not Suitable / Manual inspection recommended,47.684414,Consume Immediately,1,1,True,False
IMG_20260518_132350.jpg,7,Pork Loin,spoiled,30:04:13,E:\Thesis Code\processed_hsv_lab_threshold_roi_224\sample 7\spoiled\IMG_20260518_132350.jpg,pork_loin_sample_7,loin,cross_rotation,all,meatlens,all,all,all,file_destination,E:\Thesis Code\processed_hsv_lab_threshold_roi_224\sample 7\spoiled\IMG_20260518_132350.jpg,False,researcher_home,new_phone,,spoiled,spoiled,0.0012849096,0.012319778,0.98639536,spoiled,0.98639536,not fresh,0.012319778,0.99871516,0.97407556,0,True,True,True,False,False,False,Likely Spoiled,Not Suitable,10.6700325,Not Suitable,2,2,True,False
IMG_20260508_090543.jpg,5,Pork Ham,fresh,04:59:06,E:\Thesis Code\processed_hsv_lab_threshold_roi_224\sample 5\fresh\IMG_20260508_090543.jpg,pork_ham_sample_5,ham,cross_rotation,all,meatlens,all,all,all,file_destination,E:\Thesis Code\processed_hsv_lab_threshold_roi_224\sample 5\fresh\IMG_20260508_090543.jpg,False,researcher_home,new_phone,,fresh,fresh,0.99470735,0.0050731977,0.000219411,fresh,0.99470735,not fresh,0.0050731977,0.99978054,0.98963416,0,True,True,True,False,False,False,Likely Fresh,Good for Consumption,99.75195,Good for Consumption,0,0,True,False
20260429_171725.jpg,3,Pork Belly,not fresh,13:13:34,E:\Thesis Code\processed_hsv_lab_threshold_roi_224\sample 3\not fresh\20260429_171725.jpg,pork_belly_sample_3,belly,cross_rotation,all,meatlens,all,all,all,file_destination,E:\Thesis Code\processed_hsv_lab_threshold_roi_224\sample 3\not fresh\20260429_171725.jpg,False,researcher_home,old_phone,,not fresh,not fresh,0.0030490947,0.9285575,0.068393365,not fresh,0.9285575,spoiled,0.068393365,0.99695086,0.86016417,0,True,True,True,False,False,False,Likely Not Fresh,Consume Immediately / Manual inspection recommended,52.059505,Consume Immediately,1,1,True,False
20260624_151944.jpg,9,Pork Hind Leg,not fresh,12:00:00,E:\Thesis Code\processed_hsv_lab_threshold_roi_224\sample 9\not fresh\20260624_151944.jpg,pork_hind_leg_sample_9,hind_leg,cross_rotation,all,public_dataset_2,all,all,all,file_destination,E:\Thesis Code\processed_hsv_lab_threshold_roi_224\sample 9\not fresh\20260624_151944.jpg,False,public_dataset_2,public_dataset_2,,not fresh,not fresh,0.10165964,0.7632399,0.13510045,not fresh,0.7632399,spoiled,0.13510045,0.89834034,0.6281395,0,True,True,True,False,True,False,Borderline Spoiled / Advanced Not Fresh,Not Suitable / Manual inspection recommended,53.495163,Consume Immediately,1,1,True,False
FRESH-195-_JPG.rf.4a14747c6259a218e804c03b2e2d2672.jpg,12,Various Pork Meat,fresh,,E:\Thesis Code\processed_hsv_lab_threshold_roi_224\sample 12\fresh\FRESH-195-_JPG.rf.4a14747c6259a218e804c03b2e2d2672.jpg,various_pork_meat_sample_12,various,cross_rotation,all,public_dataset_2,all,all,all,file_destination,E:\Thesis Code\processed_hsv_lab_threshold_roi_224\sample 12\fresh\FRESH-195-_JPG.rf.4a14747c6259a218e804c03b2e2d2672.jpg,False,public_dataset_2,public_dataset_2,,fresh,fresh,0.9198204,0.07956929,0.0006102256,fresh,0.9198204,not fresh,0.07956929,0.9993897,0.84025115,0,True,True,True,False,False,False,Likely Fresh,Good for Consumption,96.364456,Good for Consumption,0,0,True,False
IMG_20260508_133959.jpg,5,Pork Ham,not fresh,09:36:29,E:\Thesis Code\processed_hsv_lab_threshold_roi_224\sample 5\not fresh\IMG_20260508_133959.jpg,pork_ham_sample_5,ham,cross_rotation,all,meatlens,all,all,all,file_destination,E:\Thesis Code\processed_hsv_lab_threshold_roi_224\sample 5\not fresh\IMG_20260508_133959.jpg,False,researcher_home,new_phone,,not fresh,not fresh,0.019982269,0.97878885,0.0012288576,not fresh,0.97878885,fresh,0.019982269,0.99877113,0.9588066,0,True,True,True,False,False,False,Likely Not Fresh,Consume Immediately / Manual inspection recommended,55.843903,Consume Immediately,1,1,True,False
IMG_20260517_110817.jpg,7,Pork Loin,fresh,04:27:32,E:\Thesis Code\processed_hsv_lab_threshold_roi_224\sample 7\fresh\IMG_20260517_110817.jpg,pork_loin_sample_7,loin,cross_rotation,all,meatlens,all,all,all,file_destination,E:\Thesis Code\processed_hsv_lab_threshold_roi_224\sample 7\fresh\IMG_20260517_110817.jpg,False,researcher_home,new_phone,,fresh,fresh,0.9812538,0.014715679,0.0040306496,fresh,0.9812538,not fresh,0.014715679,0.9959695,0.96653813,0,True,True,True,False,False,False,Likely Fresh,Good for Consumption,98.97505,Good for Consumption,0,0,True,False
IMG20260508150922.jpg,6,Pork Ham,not fresh,11:09:03,E:\Thesis Code\processed_hsv_lab_threshold_roi_224\sample 6\not fresh\IMG20260508150922.jpg,pork_ham_sample_6,ham,cross_rotation,all,meatlens,all,all,all,file_destination,E:\Thesis Code\processed_hsv_lab_threshold_roi_224\sample 6\not fresh\IMG20260508150922.jpg,False,partner_home,new_phone,,not fresh,not fresh,0.006193713,0.9730938,0.020712467,not fresh,0.9730938,spoiled,0.020712467,0.9938063,0.9523813,0,True,True,True,False,False,False,Likely Not Fresh,Consume Immediately / Manual inspection recommended,54.346657,Consume Immediately,1,1,True,False
IMG_20260517_123833.jpg,7,Pork Loin,not fresh,07:31:39,E:\Thesis Code\processed_hsv_lab_threshold_roi_224\sample 7\not fresh\IMG_20260517_123833.jpg,pork_loin_sample_7,loin,cross_rotation,all,meatlens,all,all,all,file_destination,E:\Thesis Code\processed_hsv_lab_threshold_roi_224\sample 7\not fresh\IMG_20260517_123833.jpg,False,researcher_home,new_phone,,not fresh,fresh,0.6784756,0.30752116,0.014003262,fresh,0.6784756,not fresh,0.30752116,0.9859968,0.37095445,1,False,True,True,False,True,False,Borderline Fresh / Early Not Fresh,Consume Immediately / Check carefully,84.90126,Good for Consumption,0,1,True,False
HALF-FRESH-643-_JPG.rf.67f8d21df87bf7bcca030f3a4e6a0321.jpg,12,Various Pork Meat,not fresh,,E:\Thesis Code\processed_hsv_lab_threshold_roi_224\sample 12\not fresh\HALF-FRESH-643-_JPG.rf.67f8d21df87bf7bcca030f3a4e6a0321.jpg,various_pork_meat_sample_12,various,cross_rotation,all,public_dataset_2,all,all,all,file_destination,E:\Thesis Code\processed_hsv_lab_threshold_roi_224\sample 12\not fresh\HALF-FRESH-643-_JPG.rf.67f8d21df87bf7bcca030f3a4e6a0321.jpg,False,public_dataset_2,public_dataset_2,,not fresh,fresh,0.8065089,0.19170858,0.0017824854,fresh,0.8065089,not fresh,0.19170858,0.99821746,0.61480033,1,False,True,True,False,True,False,Borderline Fresh / Early Not Fresh,Consume Immediately / Check carefully,91.212685,Good for Consumption,0,1,True,False
IMG20260508165229.jpg,6,Pork Ham,not fresh,12:52:28,E:\Thesis Code\processed_hsv_lab_threshold_roi_224\sample 6\not fresh\IMG20260508165229.jpg,pork_ham_sample_6,ham,cross_rotation,all,meatlens,all,all,all,file_destination,E:\Thesis Code\processed_hsv_lab_threshold_roi_224\sample 6\not fresh\IMG20260508165229.jpg,False,partner_home,new_phone,,not fresh,not fresh,0.016165342,0.8404563,0.1433783,not fresh,0.8404563,spoiled,0.1433783,0.9838346,0.697078,0,True,True,True,False,True,False,Borderline Spoiled / Advanced Not Fresh,Not Suitable / Manual inspection recommended,49.275414,Consume Immediately,1,1,True,False
20260625_131917.jpg,9,Pork Hind Leg,spoiled,24:00:00,E:\Thesis Code\processed_hsv_lab_threshold_roi_224\sample 9\spoiled\20260625_131917.jpg,pork_hind_leg_sample_9,hind_leg,cross_rotation,all,public_dataset_2,all,all,all,file_destination,E:\Thesis Code\processed_hsv_lab_threshold_roi_224\sample 9\spoiled\20260625_131917.jpg,False,public_dataset_2,public_dataset_2,,spoiled,spoiled,0.0058706156,0.0015019041,0.99262744,spoiled,0.99262744,fresh,0.0058706156,0.9984981,0.9867568,0,True,True,True,False,False,False,Likely Spoiled,Not Suitable,10.595941,Not Suitable,2,2,False,False
SPOILED-31-_JPG.rf.b4e897419671520bd255ad09ad8c0d6c.jpg,12,Various Pork Meat,spoiled,,E:\Thesis Code\processed_hsv_lab_threshold_roi_224\sample 12\spoiled\SPOILED-31-_JPG.rf.b4e897419671520bd255ad09ad8c0d6c.jpg,various_pork_meat_sample_12,various,cross_rotation,all,public_dataset_2,all,all,all,file_destination,E:\Thesis Code\processed_hsv_lab_threshold_roi_224\sample 12\spoiled\SPOILED-31-_JPG.rf.b4e897419671520bd255ad09ad8c0d6c.jpg,False,public_dataset_2,public_dataset_2,,spoiled,spoiled,0.06332351,0.18659882,0.7500776,spoiled,0.7500776,not fresh,0.18659882,0.93667644,0.56347877,0,True,True,True,False,True,False,Borderline Spoiled / Advanced Not Fresh,Not Suitable / Manual inspection recommended,24.096062,Not Suitable,2,2,True,False
IMG20260423093208.jpg,2,Pork Shoulder,fresh,04:56:41,E:\Thesis Code\processed_hsv_lab_threshold_roi_224\sample 2\fresh\IMG20260423093208.jpg,pork_shoulder_sample_2,shoulder,cross_rotation,all,meatlens,all,all,all,file_destination,E:\Thesis Code\processed_hsv_lab_threshold_roi_224\sample 2\fresh\IMG20260423093208.jpg,False,partner_home,old_phone,,fresh,fresh,0.9741896,0.02490671,0.0009037528,fresh,0.9741896,not fresh,0.02490671,0.9990963,0.9492829,0,True,True,True,False,False,False,Likely Fresh,Good for Consumption,98.79787,Good for Consumption,0,0,True,False
IMG20260508104436.jpg,6,Pork Ham,fresh,06:36:47,E:\Thesis Code\processed_hsv_lab_threshold_roi_224\sample 6\fresh\IMG20260508104436.jpg,pork_ham_sample_6,ham,cross_rotation,all,meatlens,all,all,all,file_destination,E:\Thesis Code\processed_hsv_lab_threshold_roi_224\sample 6\fresh\IMG20260508104436.jpg,False,partner_home,new_phone,,fresh,fresh,0.7683695,0.22782792,0.003802515,fresh,0.7683695,not fresh,0.22782792,0.9961974,0.5405416,0,True,True,True,False,True,False,Borderline Fresh / Early Not Fresh,Consume Immediately / Check carefully,89.40551,Good for Consumption,0,0,True,False
20260624_112521.jpg,9,Pork Hind Leg,not fresh,12:00:00,E:\Thesis Code\processed_hsv_lab_threshold_roi_224\sample 9\not fresh\20260624_112521.jpg,pork_hind_leg_sample_9,hind_leg,cross_rotation,all,public_dataset_2,all,all,all,file_destination,E:\Thesis Code\processed_hsv_lab_threshold_roi_224\sample 9\not fresh\20260624_112521.jpg,False,public_dataset_2,public_dataset_2,,not fresh,fresh,0.8388413,0.148903,0.012255613,fresh,0.8388413,not fresh,0.148903,0.98774433,0.6899383,1,False,True,True,False,True,False,Borderline Fresh / Early Not Fresh,Consume Immediately / Check carefully,92.19635,Good for Consumption,0,1,True,False
20260424_075638.jpg,1,Pork Shoulder,fresh,01:48:33,E:\Thesis Code\processed_hsv_lab_threshold_roi_224\sample 1\fresh\20260424_075638.jpg,pork_shoulder_sample_1,shoulder,cross_rotation,all,meatlens,all,all,all,file_destination,E:\Thesis Code\processed_hsv_lab_threshold_roi_224\sample 1\fresh\20260424_075638.jpg,False,researcher_home,old_phone,,fresh,fresh,0.98714924,0.011380954,0.0014698138,fresh,0.98714924,not fresh,0.011380954,0.9985302,0.97576827,0,True,True,True,False,False,False,Likely Fresh,Good for Consumption,99.355576,Good for Consumption,0,0,True,False
20260624_144353.jpg,9,Pork Hind Leg,not fresh,12:00:00,E:\Thesis Code\processed_hsv_lab_threshold_roi_224\sample 9\not fresh\20260624_144353.jpg,pork_hind_leg_sample_9,hind_leg,cross_rotation,all,public_dataset_2,all,all,all,file_destination,E:\Thesis Code\processed_hsv_lab_threshold_roi_224\sample 9\not fresh\20260624_144353.jpg,False,public_dataset_2,public_dataset_2,,not fresh,not fresh,0.12710063,0.7259183,0.14698105,not fresh,0.7259183,spoiled,0.14698105,0.87289935,0.57893723,0,True,True,True,False,True,False,Borderline Spoiled / Advanced Not Fresh,Not Suitable / Manual inspection recommended,54.10538,Consume Immediately,1,1,True,False
IMG_20260509_003025.jpg,5,Pork Ham,spoiled,18:10:15,E:\Thesis Code\processed_hsv_lab_threshold_roi_224\sample 5\spoiled\IMG_20260509_003025.jpg,pork_ham_sample_5,ham,cross_rotation,all,meatlens,all,all,all,file_destination,E:\Thesis Code\processed_hsv_lab_threshold_roi_224\sample 5\spoiled\IMG_20260509_003025.jpg,False,researcher_home,new_phone,,spoiled,spoiled,0.0021109856,0.0820781,0.9158109,spoiled,0.9158109,not fresh,0.0820781,0.997889,0.8337328,0,True,True,True,False,False,False,Likely Spoiled,Not Suitable,13.883503,Not Suitable,2,2,True,False
IMG_20260509_120028.jpg,5,Pork Ham,spoiled,23:57:35,E:\Thesis Code\processed_hsv_lab_threshold_roi_224\sample 5\spoiled\IMG_20260509_120028.jpg,pork_ham_sample_5,ham,cross_rotation,all,meatlens,all,all,all,file_destination,E:\Thesis Code\processed_hsv_lab_threshold_roi_224\sample 5\spoiled\IMG_20260509_120028.jpg,False,researcher_home,new_phone,,spoiled,spoiled,0.0019235259,0.0025167104,0.9955597,spoiled,0.9955597,not fresh,0.0025167104,0.9980764,0.993043,0,True,True,True,False,False,False,Likely Spoiled,Not Suitable,10.286368,Not Suitable,2,2,True,False
IMG_20260509_084627.jpg,5,Pork Ham,spoiled,22:19:54,E:\Thesis Code\processed_hsv_lab_threshold_roi_224\sample 5\spoiled\IMG_20260509_084627.jpg,pork_ham_sample_5,ham,cross_rotation,all,meatlens,all,all,all,file_destination,E:\Thesis Code\processed_hsv_lab_threshold_roi_224\sample 5\spoiled\IMG_20260509_084627.jpg,False,researcher_home,new_phone,,spoiled,spoiled,0.00080164167,0.0063206665,0.99287766,spoiled,0.99287766,not fresh,0.0063206665,0.9991983,0.986557,0,True,True,True,False,False,False,Likely Spoiled,Not Suitable,10.356578,Not Suitable,2,2,True,False
20260426_034346.jpg,1,Pork Shoulder,spoiled,47:40:42,E:\Thesis Code\processed_hsv_lab_threshold_roi_224\sample 1\spoiled\20260426_034346.jpg,pork_shoulder_sample_1,shoulder,cross_rotation,all,meatlens,all,all,all,file_destination,E:\Thesis Code\processed_hsv_lab_threshold_roi_224\sample 1\spoiled\20260426_034346.jpg,False,researcher_home,old_phone,,spoiled,spoiled,5.664086e-07,0.0013019557,0.9986974,spoiled,0.9986974,not fresh,0.0013019557,0.99999934,0.99739546,0,True,True,True,False,False,False,Likely Spoiled,Not Suitable,10.058639,Not Suitable,2,2,True,False
IMG20260508150522.jpg,6,Pork Ham,not fresh,11:04:49,E:\Thesis Code\processed_hsv_lab_threshold_roi_224\sample 6\not fresh\IMG20260508150522.jpg,pork_ham_sample_6,ham,cross_rotation,all,meatlens,all,all,all,file_destination,E:\Thesis Code\processed_hsv_lab_threshold_roi_224\sample 6\not fresh\IMG20260508150522.jpg,False,partner_home,new_phone,,not fresh,not fresh,0.009430703,0.95422477,0.0363446,not fresh,0.95422477,spoiled,0.0363446,0.99056935,0.9178802,0,True,True,True,False,False,False,Likely Not Fresh,Consume Immediately / Manual inspection recommended,53.78888,Consume Immediately,1,1,True,False
FRESH-387-_JPG.rf.c0ed2701ee676339671ad79e324c105f.jpg,12,Various Pork Meat,fresh,,E:\Thesis Code\processed_hsv_lab_threshold_roi_224\sample 12\fresh\FRESH-387-_JPG.rf.c0ed2701ee676339671ad79e324c105f.jpg,various_pork_meat_sample_12,various,cross_rotation,all,public_dataset_2,all,all,all,file_destination,E:\Thesis Code\processed_hsv_lab_threshold_roi_224\sample 12\fresh\FRESH-387-_JPG.rf.c0ed2701ee676339671ad79e324c105f.jpg,False,public_dataset_2,public_dataset_2,,fresh,fresh,0.64311635,0.27519622,0.081687436,fresh,0.64311635,not fresh,0.27519622,0.91831255,0.36792013,0,True,True,True,False,True,False,Borderline Fresh / Early Not Fresh,Consume Immediately / Check carefully,80.264305,Good for Consumption,0,0,True,False
20260703_105214.jpg,10,Pork Belly,fresh,04:00:00,E:\Thesis Code\processed_hsv_lab_threshold_roi_224\sample 10\fresh\20260703_105214.jpg,pork_belly_sample_10,belly,cross_rotation,all,public_dataset_2,all,all,all,file_destination,E:\Thesis Code\processed_hsv_lab_threshold_roi_224\sample 10\fresh\20260703_105214.jpg,False,public_dataset_2,public_dataset_2,,fresh,fresh,0.66988564,0.32777452,0.0023398066,fresh,0.66988564,not fresh,0.32777452,0.99766016,0.3421111,0,True,True,True,False,True,False,Borderline Fresh / Early Not Fresh,Consume Immediately / Check carefully,85.03956,Good for Consumption,0,0,True,False
20260429_070246.jpg,4,Pork Belly,fresh,00:57:59,E:\Thesis Code\processed_hsv_lab_threshold_roi_224\sample 4\fresh\20260429_070246.jpg,pork_belly_sample_4,belly,cross_rotation,all,meatlens,all,all,all,file_destination,E:\Thesis Code\processed_hsv_lab_threshold_roi_224\sample 4\fresh\20260429_070246.jpg,False,partner_home,old_phone,,fresh,fresh,0.99901664,0.0007789762,0.00020431269,fresh,0.99901664,not fresh,0.0007789762,0.9997956,0.99823767,0,True,True,True,False,False,False,Likely Fresh,Good for Consumption,99.94655,Good for Consumption,0,0,True,False
20260703_110517.jpg,10,Pork Belly,not fresh,12:00:00,E:\Thesis Code\processed_hsv_lab_threshold_roi_224\sample 10\not fresh\20260703_110517.jpg,pork_belly_sample_10,belly,cross_rotation,all,public_dataset_2,all,all,all,file_destination,E:\Thesis Code\processed_hsv_lab_threshold_roi_224\sample 10\not fresh\20260703_110517.jpg,False,public_dataset_2,public_dataset_2,,not fresh,fresh,0.5395052,0.4569581,0.003536711,fresh,0.5395052,not fresh,0.4569581,0.9964633,0.0825471,1,False,True,True,False,True,True,Borderline Fresh / Early Not Fresh,Consume Immediately / Check carefully,79.11858,Good for Consumption,0,1,True,False
20260426_001644.jpg,1,Pork Shoulder,spoiled,44:08:27,E:\Thesis Code\processed_hsv_lab_threshold_roi_224\sample 1\spoiled\20260426_001644.jpg,pork_shoulder_sample_1,shoulder,cross_rotation,all,meatlens,all,all,all,file_destination,E:\Thesis Code\processed_hsv_lab_threshold_roi_224\sample 1\spoiled\20260426_001644.jpg,False,researcher_home,old_phone,,spoiled,spoiled,1.7132263e-07,0.0011237104,0.99887615,spoiled,0.99887615,not fresh,0.0011237104,0.9999999,0.9977524,0,True,True,True,False,False,False,Likely Spoiled,Not Suitable,10.050583,Not Suitable,2,2,True,False
20260424_153649.jpg,1,Pork Shoulder,not fresh,11:37:05,E:\Thesis Code\processed_hsv_lab_threshold_roi_224\sample 1\not fresh\20260424_153649.jpg,pork_shoulder_sample_1,shoulder,cross_rotation,all,meatlens,all,all,all,file_destination,E:\Thesis Code\processed_hsv_lab_threshold_roi_224\sample 1\not fresh\20260424_153649.jpg,False,researcher_home,old_phone,,not fresh,not fresh,0.08235383,0.91516984,0.0024762438,not fresh,0.91516984,fresh,0.08235383,0.99752367,0.832816,0,True,True,True,False,False,False,Likely Not Fresh,Consume Immediately / Manual inspection recommended,58.594486,Consume Immediately,1,1,True,False
