image_file_name,sample_number,meat_part,label,time_frame,file_destination,sample_id,pork_cut,split_type,fold,source,split_key,split_name,dataset_partition,image_path_source_column,image_path_resolved,missing_image_path,capture_source,phone_group,phone_model,true_label,predicted_label,prob_fresh,prob_not_fresh,prob_spoiled,top_class,top_confidence,second_class,second_confidence,top2_combined_confidence,prediction_margin,ordinal_error,is_exact_correct,is_top2_correct,is_adjacent_correct,is_severe_error,is_borderline,is_low_confidence,transition_label,recommendation,freshness_score,freshness_score_band,predicted_index,true_index,top2_adjacent_pair,is_non_adjacent_top2
20260429_075424.jpg,4,Pork Belly,fresh,05:06:51,E:\Thesis Code\processed_hsv_lab_threshold_roi_224\sample 4\fresh\20260429_075424.jpg,pork_belly_sample_4,belly,cross_rotation,all,meatlens,all,all,all,file_destination,E:\Thesis Code\processed_hsv_lab_threshold_roi_224\sample 4\fresh\20260429_075424.jpg,False,partner_home,old_phone,,fresh,fresh,0.9908112,0.006115421,0.0030733484,fresh,0.9908112,not fresh,0.006115421,0.99692667,0.9846958,0,True,True,True,False,False,False,Likely Fresh,Good for Consumption,99.448204,Good for Consumption,0,0,True,False
20260423_134409.jpg,2,Pork Shoulder,not fresh,09:49:45,E:\Thesis Code\processed_hsv_lab_threshold_roi_224\sample 2\not fresh\20260423_134409.jpg,pork_shoulder_sample_2,shoulder,cross_rotation,all,meatlens,all,all,all,file_destination,E:\Thesis Code\processed_hsv_lab_threshold_roi_224\sample 2\not fresh\20260423_134409.jpg,False,partner_home,old_phone,,not fresh,not fresh,0.017900301,0.9588581,0.023241589,not fresh,0.9588581,spoiled,0.023241589,0.98209965,0.9356165,0,True,True,True,False,False,False,Likely Not Fresh,Consume Immediately / Manual inspection recommended,54.75964,Consume Immediately,1,1,True,False
SPOILED-410-_JPG.rf.a608c232079175ee255eb0cb619f3859.jpg,12,Various Pork Meat,spoiled,,E:\Thesis Code\processed_hsv_lab_threshold_roi_224\sample 12\spoiled\SPOILED-410-_JPG.rf.a608c232079175ee255eb0cb619f3859.jpg,various_pork_meat_sample_12,various,cross_rotation,all,public_dataset_2,all,all,all,file_destination,E:\Thesis Code\processed_hsv_lab_threshold_roi_224\sample 12\spoiled\SPOILED-410-_JPG.rf.a608c232079175ee255eb0cb619f3859.jpg,False,public_dataset_2,public_dataset_2,,spoiled,spoiled,0.005639828,0.09222358,0.90213656,spoiled,0.90213656,not fresh,0.09222358,0.99436015,0.809913,0,True,True,True,False,False,False,Likely Spoiled,Not Suitable,14.657645,Not Suitable,2,2,True,False
20260430_093908.jpg,4,Pork Belly,spoiled,21:46:08,E:\Thesis Code\processed_hsv_lab_threshold_roi_224\sample 4\spoiled\20260430_093908.jpg,pork_belly_sample_4,belly,cross_rotation,all,meatlens,all,all,all,file_destination,E:\Thesis Code\processed_hsv_lab_threshold_roi_224\sample 4\spoiled\20260430_093908.jpg,False,partner_home,old_phone,,spoiled,spoiled,0.0011052523,0.014093741,0.984801,spoiled,0.984801,not fresh,0.014093741,0.99889475,0.97070724,0,True,True,True,False,False,False,Likely Spoiled,Not Suitable,10.733691,Not Suitable,2,2,True,False
08-11-2022 22-09-37_jpg.rf.QvYlzR6nAZRtU1vVHkZP.jpg,11,Various Pork Meat,not fresh,,E:\Thesis Code\processed_hsv_lab_threshold_roi_224\sample 11\half fresh\08-11-2022 22-09-37_jpg.rf.QvYlzR6nAZRtU1vVHkZP.jpg,various_pork_meat_sample_11,various,cross_rotation,all,public_dataset_2,all,all,all,file_destination,E:\Thesis Code\processed_hsv_lab_threshold_roi_224\sample 11\half fresh\08-11-2022 22-09-37_jpg.rf.QvYlzR6nAZRtU1vVHkZP.jpg,False,public_dataset_2,public_dataset_2,,not fresh,not fresh,0.052085046,0.6899437,0.2579713,not fresh,0.6899437,spoiled,0.2579713,0.94791496,0.43197238,0,True,True,True,False,True,False,Borderline Spoiled / Advanced Not Fresh,Not Suitable / Manual inspection recommended,45.73512,Consume Immediately,1,1,True,False
20260425_013711.jpg,1,Pork Shoulder,spoiled,21:28:02,E:\Thesis Code\processed_hsv_lab_threshold_roi_224\sample 1\spoiled\20260425_013711.jpg,pork_shoulder_sample_1,shoulder,cross_rotation,all,meatlens,all,all,all,file_destination,E:\Thesis Code\processed_hsv_lab_threshold_roi_224\sample 1\spoiled\20260425_013711.jpg,False,researcher_home,old_phone,,spoiled,spoiled,4.139772e-06,0.005985313,0.9940105,spoiled,0.9940105,not fresh,0.005985313,0.9999958,0.9880252,0,True,True,True,False,False,False,Likely Spoiled,Not Suitable,10.2697115,Not Suitable,2,2,True,False
SPOILED-490-_JPG.rf.56a0be42dae8e67015a027f8dab97711.jpg,12,Various Pork Meat,spoiled,,E:\Thesis Code\processed_hsv_lab_threshold_roi_224\sample 12\spoiled\SPOILED-490-_JPG.rf.56a0be42dae8e67015a027f8dab97711.jpg,various_pork_meat_sample_12,various,cross_rotation,all,public_dataset_2,all,all,all,file_destination,E:\Thesis Code\processed_hsv_lab_threshold_roi_224\sample 12\spoiled\SPOILED-490-_JPG.rf.56a0be42dae8e67015a027f8dab97711.jpg,False,public_dataset_2,public_dataset_2,,spoiled,spoiled,0.007950946,0.017926274,0.9741228,spoiled,0.9741228,not fresh,0.017926274,0.9920491,0.95619655,0,True,True,True,False,False,False,Likely Spoiled,Not Suitable,11.522268,Not Suitable,2,2,True,False
20260703_172310.jpg,10,Pork Belly,spoiled,24:00:00,E:\Thesis Code\processed_hsv_lab_threshold_roi_224\sample 10\spoiled\20260703_172310.jpg,pork_belly_sample_10,belly,cross_rotation,all,public_dataset_2,all,all,all,file_destination,E:\Thesis Code\processed_hsv_lab_threshold_roi_224\sample 10\spoiled\20260703_172310.jpg,False,public_dataset_2,public_dataset_2,,spoiled,spoiled,0.02428278,0.46999675,0.50572056,spoiled,0.50572056,not fresh,0.46999675,0.9757173,0.035723805,0,True,True,True,False,True,True,Borderline Spoiled / Advanced Not Fresh,Not Suitable / Manual inspection recommended,33.335304,Not Suitable,2,2,True,False
IMG_20260508_154934.jpg,5,Pork Ham,not fresh,11:44:19,E:\Thesis Code\processed_hsv_lab_threshold_roi_224\sample 5\not fresh\IMG_20260508_154934.jpg,pork_ham_sample_5,ham,cross_rotation,all,meatlens,all,all,all,file_destination,E:\Thesis Code\processed_hsv_lab_threshold_roi_224\sample 5\not fresh\IMG_20260508_154934.jpg,False,researcher_home,new_phone,,not fresh,not fresh,0.012836597,0.9837395,0.0034239234,not fresh,0.9837395,fresh,0.012836597,0.9965761,0.9709029,0,True,True,True,False,False,False,Likely Not Fresh,Consume Immediately / Manual inspection recommended,55.423573,Consume Immediately,1,1,True,False
20260516_091041.jpg,8,Pork Loin,fresh,04:42:49,E:\Thesis Code\processed_hsv_lab_threshold_roi_224\sample 8\fresh\20260516_091041.jpg,pork_loin_sample_8,loin,cross_rotation,all,meatlens,all,all,all,file_destination,E:\Thesis Code\processed_hsv_lab_threshold_roi_224\sample 8\fresh\20260516_091041.jpg,False,partner_home,new_phone,,fresh,fresh,0.98207575,0.017264506,0.0006598017,fresh,0.98207575,not fresh,0.017264506,0.99934024,0.96481127,0,True,True,True,False,False,False,Likely Fresh,Good for Consumption,99.16372,Good for Consumption,0,0,True,False
20260704_083525.jpg,10,Pork Belly,spoiled,24:00:00,E:\Thesis Code\processed_hsv_lab_threshold_roi_224\sample 10\spoiled\20260704_083525.jpg,pork_belly_sample_10,belly,cross_rotation,all,public_dataset_2,all,all,all,file_destination,E:\Thesis Code\processed_hsv_lab_threshold_roi_224\sample 10\spoiled\20260704_083525.jpg,False,public_dataset_2,public_dataset_2,,spoiled,spoiled,0.008799041,0.008269044,0.9829319,spoiled,0.9829319,fresh,0.008799041,0.9917309,0.9741329,0,True,True,True,False,False,False,Likely Spoiled,Not Suitable,11.164021,Not Suitable,2,2,False,False
IMG_20260509_191130.jpg,5,Pork Ham,spoiled,27:34:40,E:\Thesis Code\processed_hsv_lab_threshold_roi_224\sample 5\spoiled\IMG_20260509_191130.jpg,pork_ham_sample_5,ham,cross_rotation,all,meatlens,all,all,all,file_destination,E:\Thesis Code\processed_hsv_lab_threshold_roi_224\sample 5\spoiled\IMG_20260509_191130.jpg,False,researcher_home,new_phone,,spoiled,spoiled,0.00012398596,0.0016226443,0.9982534,spoiled,0.9982534,not fresh,0.0016226443,0.999876,0.9966308,0,True,True,True,False,False,False,Likely Spoiled,Not Suitable,10.084178,Not Suitable,2,2,True,False
20260624_165029.jpg,9,Pork Hind Leg,not fresh,12:00:00,E:\Thesis Code\processed_hsv_lab_threshold_roi_224\sample 9\not fresh\20260624_165029.jpg,pork_hind_leg_sample_9,hind_leg,cross_rotation,all,public_dataset_2,all,all,all,file_destination,E:\Thesis Code\processed_hsv_lab_threshold_roi_224\sample 9\not fresh\20260624_165029.jpg,False,public_dataset_2,public_dataset_2,,not fresh,not fresh,0.13403125,0.58158624,0.28438246,not fresh,0.58158624,spoiled,0.28438246,0.8659687,0.29720378,0,True,True,True,False,True,True,Borderline Spoiled / Advanced Not Fresh,Not Suitable / Manual inspection recommended,48.23419,Consume Immediately,1,1,True,False
20260424_165556.jpg,1,Pork Shoulder,not fresh,12:54:16,E:\Thesis Code\processed_hsv_lab_threshold_roi_224\sample 1\not fresh\20260424_165556.jpg,pork_shoulder_sample_1,shoulder,cross_rotation,all,meatlens,all,all,all,file_destination,E:\Thesis Code\processed_hsv_lab_threshold_roi_224\sample 1\not fresh\20260424_165556.jpg,False,researcher_home,old_phone,,not fresh,not fresh,0.0014874412,0.9873782,0.011134439,not fresh,0.9873782,spoiled,0.011134439,0.9985126,0.97624373,0,True,True,True,False,False,False,Likely Not Fresh,Consume Immediately / Manual inspection recommended,54.565887,Consume Immediately,1,1,True,False
20260429_070817.jpg,4,Pork Belly,fresh,01:24:34,E:\Thesis Code\processed_hsv_lab_threshold_roi_224\sample 4\fresh\20260429_070817.jpg,pork_belly_sample_4,belly,cross_rotation,all,meatlens,all,all,all,file_destination,E:\Thesis Code\processed_hsv_lab_threshold_roi_224\sample 4\fresh\20260429_070817.jpg,False,partner_home,old_phone,,fresh,fresh,0.9891508,0.008537615,0.0023116553,fresh,0.9891508,not fresh,0.008537615,0.9976884,0.98061323,0,True,True,True,False,False,False,Likely Fresh,Good for Consumption,99.40777,Good for Consumption,0,0,True,False
20260517_003428.jpg,8,Pork Loin,spoiled,21:58:11,E:\Thesis Code\processed_hsv_lab_threshold_roi_224\sample 8\spoiled\20260517_003428.jpg,pork_loin_sample_8,loin,cross_rotation,all,meatlens,all,all,all,file_destination,E:\Thesis Code\processed_hsv_lab_threshold_roi_224\sample 8\spoiled\20260517_003428.jpg,False,partner_home,new_phone,,spoiled,spoiled,0.006871446,0.2829461,0.7101824,spoiled,0.7101824,not fresh,0.2829461,0.99312854,0.42723632,0,True,True,True,False,True,False,Borderline Spoiled / Advanced Not Fresh,Not Suitable / Manual inspection recommended,23.351006,Not Suitable,2,2,True,False
20260430_100142.jpg,4,Pork Belly,spoiled,22:15:05,E:\Thesis Code\processed_hsv_lab_threshold_roi_224\sample 4\spoiled\20260430_100142.jpg,pork_belly_sample_4,belly,cross_rotation,all,meatlens,all,all,all,file_destination,E:\Thesis Code\processed_hsv_lab_threshold_roi_224\sample 4\spoiled\20260430_100142.jpg,False,partner_home,old_phone,,spoiled,spoiled,0.0005655276,0.0032909948,0.99614346,spoiled,0.99614346,not fresh,0.0032909948,0.9994345,0.99285245,0,True,True,True,False,False,False,Likely Spoiled,Not Suitable,10.198992,Not Suitable,2,2,True,False
20260624_155951.jpg,9,Pork Hind Leg,not fresh,12:00:00,E:\Thesis Code\processed_hsv_lab_threshold_roi_224\sample 9\not fresh\20260624_155951.jpg,pork_hind_leg_sample_9,hind_leg,cross_rotation,all,public_dataset_2,all,all,all,file_destination,E:\Thesis Code\processed_hsv_lab_threshold_roi_224\sample 9\not fresh\20260624_155951.jpg,False,public_dataset_2,public_dataset_2,,not fresh,not fresh,0.12948331,0.75214535,0.118371315,not fresh,0.75214535,fresh,0.12948331,0.88162863,0.62266207,0,True,True,True,False,True,False,Borderline Fresh / Early Not Fresh,Consume Immediately / Check carefully,55.50004,Consume Immediately,1,1,True,False
IMG20260508162057.jpg,6,Pork Ham,not fresh,12:20:48,E:\Thesis Code\processed_hsv_lab_threshold_roi_224\sample 6\not fresh\IMG20260508162057.jpg,pork_ham_sample_6,ham,cross_rotation,all,meatlens,all,all,all,file_destination,E:\Thesis Code\processed_hsv_lab_threshold_roi_224\sample 6\not fresh\IMG20260508162057.jpg,False,partner_home,new_phone,,not fresh,not fresh,0.025995363,0.8443146,0.12969011,not fresh,0.8443146,spoiled,0.12969011,0.9740047,0.71462446,0,True,True,True,False,True,False,Borderline Spoiled / Advanced Not Fresh,Not Suitable / Manual inspection recommended,50.33374,Consume Immediately,1,1,True,False
IMG20260423074801.jpg,2,Pork Shoulder,fresh,02:13:52,E:\Thesis Code\processed_hsv_lab_threshold_roi_224\sample 2\fresh\IMG20260423074801.jpg,pork_shoulder_sample_2,shoulder,cross_rotation,all,meatlens,all,all,all,file_destination,E:\Thesis Code\processed_hsv_lab_threshold_roi_224\sample 2\fresh\IMG20260423074801.jpg,False,partner_home,old_phone,,fresh,fresh,0.9687863,0.010431969,0.020781804,fresh,0.9687863,spoiled,0.020781804,0.9895681,0.9480045,0,True,True,True,False,False,False,Likely Fresh,Good for Consumption,97.66021,Good for Consumption,0,0,False,False
20260429_145005.jpg,4,Pork Belly,not fresh,06:57:53,E:\Thesis Code\processed_hsv_lab_threshold_roi_224\sample 4\not fresh\20260429_145005.jpg,pork_belly_sample_4,belly,cross_rotation,all,meatlens,all,all,all,file_destination,E:\Thesis Code\processed_hsv_lab_threshold_roi_224\sample 4\not fresh\20260429_145005.jpg,False,partner_home,old_phone,,not fresh,not fresh,0.0034797725,0.88967514,0.10684515,not fresh,0.88967514,spoiled,0.10684515,0.9965203,0.78283,0,True,True,True,False,True,False,Borderline Spoiled / Advanced Not Fresh,Not Suitable / Manual inspection recommended,50.34856,Consume Immediately,1,1,True,False
20260423_125949.jpg,2,Pork Shoulder,not fresh,09:00:54,E:\Thesis Code\processed_hsv_lab_threshold_roi_224\sample 2\not fresh\20260423_125949.jpg,pork_shoulder_sample_2,shoulder,cross_rotation,all,meatlens,all,all,all,file_destination,E:\Thesis Code\processed_hsv_lab_threshold_roi_224\sample 2\not fresh\20260423_125949.jpg,False,partner_home,old_phone,,not fresh,not fresh,0.022167362,0.9349752,0.042857427,not fresh,0.9349752,spoiled,0.042857427,0.9778326,0.8921178,0,True,True,True,False,False,False,Likely Not Fresh,Consume Immediately / Manual inspection recommended,54.068947,Consume Immediately,1,1,True,False
IMG_20260517_100116.jpg,7,Pork Loin,fresh,01:14:48,E:\Thesis Code\processed_hsv_lab_threshold_roi_224\sample 7\fresh\IMG_20260517_100116.jpg,pork_loin_sample_7,loin,cross_rotation,all,meatlens,all,all,all,file_destination,E:\Thesis Code\processed_hsv_lab_threshold_roi_224\sample 7\fresh\IMG_20260517_100116.jpg,False,researcher_home,new_phone,,fresh,fresh,0.9916278,0.007666042,0.0007062195,fresh,0.9916278,not fresh,0.007666042,0.99929386,0.98396176,0,True,True,True,False,False,False,Likely Fresh,Good for Consumption,99.59148,Good for Consumption,0,0,True,False
IMG20260508142920.jpg,6,Pork Ham,not fresh,10:28:57,E:\Thesis Code\processed_hsv_lab_threshold_roi_224\sample 6\not fresh\IMG20260508142920.jpg,pork_ham_sample_6,ham,cross_rotation,all,meatlens,all,all,all,file_destination,E:\Thesis Code\processed_hsv_lab_threshold_roi_224\sample 6\not fresh\IMG20260508142920.jpg,False,partner_home,new_phone,,not fresh,not fresh,0.011871374,0.97740537,0.010723303,not fresh,0.97740537,fresh,0.011871374,0.98927677,0.965534,0,True,True,True,False,False,False,Likely Not Fresh,Consume Immediately / Manual inspection recommended,55.051666,Consume Immediately,1,1,True,False
20260430_181402.jpg,4,Pork Belly,spoiled,32:44:37,E:\Thesis Code\processed_hsv_lab_threshold_roi_224\sample 4\spoiled\20260430_181402.jpg,pork_belly_sample_4,belly,cross_rotation,all,meatlens,all,all,all,file_destination,E:\Thesis Code\processed_hsv_lab_threshold_roi_224\sample 4\spoiled\20260430_181402.jpg,False,partner_home,old_phone,,spoiled,spoiled,0.0053890864,0.024827836,0.96978307,spoiled,0.96978307,not fresh,0.024827836,0.9946109,0.9449552,0,True,True,True,False,False,False,Likely Spoiled,Not Suitable,11.60227,Not Suitable,2,2,True,False
IMG20260508091300.jpg,6,Pork Ham,fresh,04:17:29,E:\Thesis Code\processed_hsv_lab_threshold_roi_224\sample 6\fresh\IMG20260508091300.jpg,pork_ham_sample_6,ham,cross_rotation,all,meatlens,all,all,all,file_destination,E:\Thesis Code\processed_hsv_lab_threshold_roi_224\sample 6\fresh\IMG20260508091300.jpg,False,partner_home,new_phone,,fresh,fresh,0.8974957,0.09889446,0.0036097935,fresh,0.8974957,not fresh,0.09889446,0.99639016,0.7986012,0,True,True,True,False,True,False,Borderline Fresh / Early Not Fresh,Consume Immediately / Check carefully,95.22486,Good for Consumption,0,0,True,False
20260517_144426.jpg,8,Pork Loin,spoiled,32:56:41,E:\Thesis Code\processed_hsv_lab_threshold_roi_224\sample 8\spoiled\20260517_144426.jpg,pork_loin_sample_8,loin,cross_rotation,all,meatlens,all,all,all,file_destination,E:\Thesis Code\processed_hsv_lab_threshold_roi_224\sample 8\spoiled\20260517_144426.jpg,False,partner_home,new_phone,,spoiled,spoiled,9.723773e-05,0.019775754,0.980127,spoiled,0.980127,not fresh,0.019775754,0.9999027,0.9603512,0,True,True,True,False,False,False,Likely Spoiled,Not Suitable,10.89866,Not Suitable,2,2,True,False
IMG20260423091437.jpg,2,Pork Shoulder,fresh,04:29:33,E:\Thesis Code\processed_hsv_lab_threshold_roi_224\sample 2\fresh\IMG20260423091437.jpg,pork_shoulder_sample_2,shoulder,cross_rotation,all,meatlens,all,all,all,file_destination,E:\Thesis Code\processed_hsv_lab_threshold_roi_224\sample 2\fresh\IMG20260423091437.jpg,False,partner_home,old_phone,,fresh,fresh,0.9914255,0.008129427,0.00044513927,fresh,0.9914255,not fresh,0.008129427,0.99955493,0.9832961,0,True,True,True,False,False,False,Likely Fresh,Good for Consumption,99.594124,Good for Consumption,0,0,True,False
20260516_113203.jpg,8,Pork Loin,not fresh,07:35:53,E:\Thesis Code\processed_hsv_lab_threshold_roi_224\sample 8\not fresh\20260516_113203.jpg,pork_loin_sample_8,loin,cross_rotation,all,meatlens,all,all,all,file_destination,E:\Thesis Code\processed_hsv_lab_threshold_roi_224\sample 8\not fresh\20260516_113203.jpg,False,partner_home,new_phone,,not fresh,fresh,0.5759905,0.41973373,0.004275792,fresh,0.5759905,not fresh,0.41973373,0.9957242,0.15625677,1,False,True,True,False,True,True,Borderline Fresh / Early Not Fresh,Consume Immediately / Check carefully,80.727165,Good for Consumption,0,1,True,False
20260423_193010.jpg,2,Pork Shoulder,spoiled,16:04:49,E:\Thesis Code\processed_hsv_lab_threshold_roi_224\sample 2\spoiled\20260423_193010.jpg,pork_shoulder_sample_2,shoulder,cross_rotation,all,meatlens,all,all,all,file_destination,E:\Thesis Code\processed_hsv_lab_threshold_roi_224\sample 2\spoiled\20260423_193010.jpg,False,partner_home,old_phone,,spoiled,spoiled,0.013239175,0.072796695,0.91396415,spoiled,0.91396415,not fresh,0.072796695,0.98676085,0.84116745,0,True,True,True,False,False,False,Likely Spoiled,Not Suitable,14.467378,Not Suitable,2,2,True,False
20260424_141346.jpg,1,Pork Shoulder,not fresh,10:12:40,E:\Thesis Code\processed_hsv_lab_threshold_roi_224\sample 1\not fresh\20260424_141346.jpg,pork_shoulder_sample_1,shoulder,cross_rotation,all,meatlens,all,all,all,file_destination,E:\Thesis Code\processed_hsv_lab_threshold_roi_224\sample 1\not fresh\20260424_141346.jpg,False,researcher_home,old_phone,,not fresh,not fresh,0.0095843,0.98624086,0.0041748155,not fresh,0.98624086,fresh,0.0095843,0.9958252,0.97665656,0,True,True,True,False,False,False,Likely Not Fresh,Consume Immediately / Manual inspection recommended,55.243427,Consume Immediately,1,1,True,False
20260429_201558.jpg,4,Pork Belly,spoiled,14:53:40,E:\Thesis Code\processed_hsv_lab_threshold_roi_224\sample 4\spoiled\20260429_201558.jpg,pork_belly_sample_4,belly,cross_rotation,all,meatlens,all,all,all,file_destination,E:\Thesis Code\processed_hsv_lab_threshold_roi_224\sample 4\spoiled\20260429_201558.jpg,False,partner_home,old_phone,,spoiled,not fresh,0.07675154,0.58023274,0.3430157,not fresh,0.58023274,spoiled,0.3430157,0.9232484,0.23721704,1,False,True,True,False,True,True,Borderline Spoiled / Advanced Not Fresh,Not Suitable / Manual inspection recommended,43.018112,Consume Immediately,1,2,True,False
20260625_150119.jpg,9,Pork Hind Leg,spoiled,24:00:00,E:\Thesis Code\processed_hsv_lab_threshold_roi_224\sample 9\spoiled\20260625_150119.jpg,pork_hind_leg_sample_9,hind_leg,cross_rotation,all,public_dataset_2,all,all,all,file_destination,E:\Thesis Code\processed_hsv_lab_threshold_roi_224\sample 9\spoiled\20260625_150119.jpg,False,public_dataset_2,public_dataset_2,,spoiled,spoiled,0.001928351,0.00048488265,0.9975867,spoiled,0.9975867,fresh,0.001928351,0.99951506,0.9956584,0,True,True,True,False,False,False,Likely Spoiled,Not Suitable,10.195371,Not Suitable,2,2,False,False
IMG20260423095739.jpg,2,Pork Shoulder,fresh,05:36:29,E:\Thesis Code\processed_hsv_lab_threshold_roi_224\sample 2\fresh\IMG20260423095739.jpg,pork_shoulder_sample_2,shoulder,cross_rotation,all,meatlens,all,all,all,file_destination,E:\Thesis Code\processed_hsv_lab_threshold_roi_224\sample 2\fresh\IMG20260423095739.jpg,False,partner_home,old_phone,,fresh,fresh,0.9730391,0.0243941,0.002566876,fresh,0.9730391,not fresh,0.0243941,0.9974332,0.948645,0,True,True,True,False,False,False,Likely Fresh,Good for Consumption,98.67126,Good for Consumption,0,0,True,False
20260429_151439.jpg,4,Pork Belly,not fresh,07:35:53,E:\Thesis Code\processed_hsv_lab_threshold_roi_224\sample 4\not fresh\20260429_151439.jpg,pork_belly_sample_4,belly,cross_rotation,all,meatlens,all,all,all,file_destination,E:\Thesis Code\processed_hsv_lab_threshold_roi_224\sample 4\not fresh\20260429_151439.jpg,False,partner_home,old_phone,,not fresh,not fresh,0.0005634617,0.9876594,0.0117771495,not fresh,0.9876594,spoiled,0.0117771495,0.99943656,0.97588223,0,True,True,True,False,False,False,Likely Not Fresh,Consume Immediately / Manual inspection recommended,54.495384,Consume Immediately,1,1,True,False
08-11-2022 12-25-37_jpg.rf.lu84OWr0lMYke2l09OrZ.jpg,11,Various Pork Meat,fresh,,E:\Thesis Code\processed_hsv_lab_threshold_roi_224\sample 11\fresh\08-11-2022 12-25-37_jpg.rf.lu84OWr0lMYke2l09OrZ.jpg,various_pork_meat_sample_11,various,cross_rotation,all,public_dataset_2,all,all,all,file_destination,E:\Thesis Code\processed_hsv_lab_threshold_roi_224\sample 11\fresh\08-11-2022 12-25-37_jpg.rf.lu84OWr0lMYke2l09OrZ.jpg,False,public_dataset_2,public_dataset_2,,fresh,fresh,0.64155585,0.35336363,0.0050804606,fresh,0.64155585,not fresh,0.35336363,0.9949195,0.2881922,0,True,True,True,False,True,False,Borderline Fresh / Early Not Fresh,Consume Immediately / Check carefully,83.64139,Good for Consumption,0,0,True,False
08-11-2022 16-45-59_jpg.rf.77CVD1tpxO8lUaYDvb2H.jpg,11,Various Pork Meat,fresh,,E:\Thesis Code\processed_hsv_lab_threshold_roi_224\sample 11\fresh\08-11-2022 16-45-59_jpg.rf.77CVD1tpxO8lUaYDvb2H.jpg,various_pork_meat_sample_11,various,cross_rotation,all,public_dataset_2,all,all,all,file_destination,E:\Thesis Code\processed_hsv_lab_threshold_roi_224\sample 11\fresh\08-11-2022 16-45-59_jpg.rf.77CVD1tpxO8lUaYDvb2H.jpg,False,public_dataset_2,public_dataset_2,,fresh,fresh,0.82831895,0.17096972,0.00071131595,fresh,0.82831895,not fresh,0.17096972,0.9992887,0.6573492,0,True,True,True,False,True,False,Borderline Fresh / Early Not Fresh,Consume Immediately / Check carefully,92.24234,Good for Consumption,0,0,True,False
20260424_082038.jpg,1,Pork Shoulder,fresh,02:24:43,E:\Thesis Code\processed_hsv_lab_threshold_roi_224\sample 1\fresh\20260424_082038.jpg,pork_shoulder_sample_1,shoulder,cross_rotation,all,meatlens,all,all,all,file_destination,E:\Thesis Code\processed_hsv_lab_threshold_roi_224\sample 1\fresh\20260424_082038.jpg,False,researcher_home,old_phone,,fresh,fresh,0.99770796,0.0021553573,0.00013664988,fresh,0.99770796,not fresh,0.0021553573,0.9998633,0.9955526,0,True,True,True,False,False,False,Likely Fresh,Good for Consumption,99.89071,Good for Consumption,0,0,True,False
IMG20260423093538.jpg,2,Pork Shoulder,fresh,05:02:07,E:\Thesis Code\processed_hsv_lab_threshold_roi_224\sample 2\fresh\IMG20260423093538.jpg,pork_shoulder_sample_2,shoulder,cross_rotation,all,meatlens,all,all,all,file_destination,E:\Thesis Code\processed_hsv_lab_threshold_roi_224\sample 2\fresh\IMG20260423093538.jpg,False,partner_home,old_phone,,fresh,fresh,0.98314124,0.015502474,0.0013564042,fresh,0.98314124,not fresh,0.015502474,0.9986437,0.9676388,0,True,True,True,False,False,False,Likely Fresh,Good for Consumption,99.18032,Good for Consumption,0,0,True,False
08-11-2022 10-21-39_jpg.rf.E9mkMtXJlpb5LTdgJza2.jpg,11,Various Pork Meat,fresh,,E:\Thesis Code\processed_hsv_lab_threshold_roi_224\sample 11\fresh\08-11-2022 10-21-39_jpg.rf.E9mkMtXJlpb5LTdgJza2.jpg,various_pork_meat_sample_11,various,cross_rotation,all,public_dataset_2,all,all,all,file_destination,E:\Thesis Code\processed_hsv_lab_threshold_roi_224\sample 11\fresh\08-11-2022 10-21-39_jpg.rf.E9mkMtXJlpb5LTdgJza2.jpg,False,public_dataset_2,public_dataset_2,,fresh,fresh,0.6447812,0.2919902,0.0632286,fresh,0.6447812,not fresh,0.2919902,0.9367714,0.35279098,0,True,True,True,False,True,False,Borderline Fresh / Early Not Fresh,Consume Immediately / Check carefully,81.16986,Good for Consumption,0,0,True,False
IMG20260508152353.jpg,6,Pork Ham,not fresh,11:23:49,E:\Thesis Code\processed_hsv_lab_threshold_roi_224\sample 6\not fresh\IMG20260508152353.jpg,pork_ham_sample_6,ham,cross_rotation,all,meatlens,all,all,all,file_destination,E:\Thesis Code\processed_hsv_lab_threshold_roi_224\sample 6\not fresh\IMG20260508152353.jpg,False,partner_home,new_phone,,not fresh,not fresh,0.011274022,0.9607402,0.027985819,not fresh,0.9607402,spoiled,0.027985819,0.988726,0.9327544,0,True,True,True,False,False,False,Likely Not Fresh,Consume Immediately / Manual inspection recommended,54.24797,Consume Immediately,1,1,True,False
20260516_231215.jpg,8,Pork Loin,spoiled,20:16:17,E:\Thesis Code\processed_hsv_lab_threshold_roi_224\sample 8\spoiled\20260516_231215.jpg,pork_loin_sample_8,loin,cross_rotation,all,meatlens,all,all,all,file_destination,E:\Thesis Code\processed_hsv_lab_threshold_roi_224\sample 8\spoiled\20260516_231215.jpg,False,partner_home,new_phone,,spoiled,spoiled,0.00854254,0.3465954,0.64486206,spoiled,0.64486206,not fresh,0.3465954,0.99145746,0.29826665,0,True,True,True,False,True,False,Borderline Spoiled / Advanced Not Fresh,Not Suitable / Manual inspection recommended,26.365622,Not Suitable,2,2,True,False
20260423_122430.jpg,2,Pork Shoulder,not fresh,08:22:55,E:\Thesis Code\processed_hsv_lab_threshold_roi_224\sample 2\not fresh\20260423_122430.jpg,pork_shoulder_sample_2,shoulder,cross_rotation,all,meatlens,all,all,all,file_destination,E:\Thesis Code\processed_hsv_lab_threshold_roi_224\sample 2\not fresh\20260423_122430.jpg,False,partner_home,old_phone,,not fresh,not fresh,0.018427804,0.95370907,0.027863123,not fresh,0.95370907,spoiled,0.027863123,0.9815722,0.9258459,0,True,True,True,False,False,False,Likely Not Fresh,Consume Immediately / Manual inspection recommended,54.57541,Consume Immediately,1,1,True,False
IMG_20260518_205026.jpg,7,Pork Loin,spoiled,37:07:32,E:\Thesis Code\processed_hsv_lab_threshold_roi_224\sample 7\spoiled\IMG_20260518_205026.jpg,pork_loin_sample_7,loin,cross_rotation,all,meatlens,all,all,all,file_destination,E:\Thesis Code\processed_hsv_lab_threshold_roi_224\sample 7\spoiled\IMG_20260518_205026.jpg,False,researcher_home,new_phone,,spoiled,spoiled,6.253695e-05,0.0016514279,0.99828607,spoiled,0.99828607,not fresh,0.0016514279,0.9999375,0.99663466,0,True,True,True,False,False,False,Likely Spoiled,Not Suitable,10.079943,Not Suitable,2,2,True,False
20260424_143454.jpg,1,Pork Shoulder,not fresh,10:34:22,E:\Thesis Code\processed_hsv_lab_threshold_roi_224\sample 1\not fresh\20260424_143454.jpg,pork_shoulder_sample_1,shoulder,cross_rotation,all,meatlens,all,all,all,file_destination,E:\Thesis Code\processed_hsv_lab_threshold_roi_224\sample 1\not fresh\20260424_143454.jpg,False,researcher_home,old_phone,,not fresh,not fresh,0.0041099833,0.98042184,0.015468119,not fresh,0.98042184,spoiled,0.015468119,0.99588996,0.9649537,0,True,True,True,False,False,False,Likely Not Fresh,Consume Immediately / Manual inspection recommended,54.48888,Consume Immediately,1,1,True,False
IMG20260423073531.jpg,2,Pork Shoulder,fresh,01:53:58,E:\Thesis Code\processed_hsv_lab_threshold_roi_224\sample 2\fresh\IMG20260423073531.jpg,pork_shoulder_sample_2,shoulder,cross_rotation,all,meatlens,all,all,all,file_destination,E:\Thesis Code\processed_hsv_lab_threshold_roi_224\sample 2\fresh\IMG20260423073531.jpg,False,partner_home,old_phone,,fresh,fresh,0.99235135,0.0045055323,0.003143144,fresh,0.99235135,not fresh,0.0045055323,0.99685687,0.98784584,0,True,True,True,False,False,False,Likely Fresh,Good for Consumption,99.51437,Good for Consumption,0,0,True,False
20260624_224126.jpg,9,Pork Hind Leg,spoiled,24:00:00,E:\Thesis Code\processed_hsv_lab_threshold_roi_224\sample 9\spoiled\20260624_224126.jpg,pork_hind_leg_sample_9,hind_leg,cross_rotation,all,public_dataset_2,all,all,all,file_destination,E:\Thesis Code\processed_hsv_lab_threshold_roi_224\sample 9\spoiled\20260624_224126.jpg,False,public_dataset_2,public_dataset_2,,spoiled,spoiled,0.07312934,0.23138615,0.69548446,spoiled,0.69548446,not fresh,0.23138615,0.9268706,0.4640983,0,True,True,True,False,True,False,Borderline Spoiled / Advanced Not Fresh,Not Suitable / Manual inspection recommended,26.994017,Not Suitable,2,2,True,False
20260429_074753.jpg,4,Pork Belly,fresh,04:35:26,E:\Thesis Code\processed_hsv_lab_threshold_roi_224\sample 4\fresh\20260429_074753.jpg,pork_belly_sample_4,belly,cross_rotation,all,meatlens,all,all,all,file_destination,E:\Thesis Code\processed_hsv_lab_threshold_roi_224\sample 4\fresh\20260429_074753.jpg,False,partner_home,old_phone,,fresh,fresh,0.9912157,0.0055928375,0.00319148,fresh,0.9912157,not fresh,0.0055928375,0.9968085,0.9856229,0,True,True,True,False,False,False,Likely Fresh,Good for Consumption,99.46109,Good for Consumption,0,0,True,False
20260704_081746.jpg,10,Pork Belly,spoiled,24:00:00,E:\Thesis Code\processed_hsv_lab_threshold_roi_224\sample 10\spoiled\20260704_081746.jpg,pork_belly_sample_10,belly,cross_rotation,all,public_dataset_2,all,all,all,file_destination,E:\Thesis Code\processed_hsv_lab_threshold_roi_224\sample 10\spoiled\20260704_081746.jpg,False,public_dataset_2,public_dataset_2,,spoiled,spoiled,0.018547004,0.012723416,0.96872956,spoiled,0.96872956,fresh,0.018547004,0.98727655,0.95018256,0,True,True,True,False,False,False,Likely Spoiled,Not Suitable,12.241784,Not Suitable,2,2,False,False
FRESH-574-_JPG.rf.e04db0cd857d3d0452b1d7cab167c23a.jpg,12,Various Pork Meat,fresh,,E:\Thesis Code\processed_hsv_lab_threshold_roi_224\sample 12\fresh\FRESH-574-_JPG.rf.e04db0cd857d3d0452b1d7cab167c23a.jpg,various_pork_meat_sample_12,various,cross_rotation,all,public_dataset_2,all,all,all,file_destination,E:\Thesis Code\processed_hsv_lab_threshold_roi_224\sample 12\fresh\FRESH-574-_JPG.rf.e04db0cd857d3d0452b1d7cab167c23a.jpg,False,public_dataset_2,public_dataset_2,,fresh,fresh,0.96806026,0.03029746,0.0016422833,fresh,0.96806026,not fresh,0.03029746,0.9983577,0.9377628,0,True,True,True,False,False,False,Likely Fresh,Good for Consumption,98.48881,Good for Consumption,0,0,True,False
IMG20260423075232.jpg,2,Pork Shoulder,fresh,02:21:06,E:\Thesis Code\processed_hsv_lab_threshold_roi_224\sample 2\fresh\IMG20260423075232.jpg,pork_shoulder_sample_2,shoulder,cross_rotation,all,meatlens,all,all,all,file_destination,E:\Thesis Code\processed_hsv_lab_threshold_roi_224\sample 2\fresh\IMG20260423075232.jpg,False,partner_home,old_phone,,fresh,fresh,0.9877136,0.010061721,0.0022246793,fresh,0.9877136,not fresh,0.010061721,0.9977753,0.97765183,0,True,True,True,False,False,False,Likely Fresh,Good for Consumption,99.347,Good for Consumption,0,0,True,False
IMG_20260517_225635.jpg,7,Pork Loin,spoiled,16:44:37,E:\Thesis Code\processed_hsv_lab_threshold_roi_224\sample 7\spoiled\IMG_20260517_225635.jpg,pork_loin_sample_7,loin,cross_rotation,all,meatlens,all,all,all,file_destination,E:\Thesis Code\processed_hsv_lab_threshold_roi_224\sample 7\spoiled\IMG_20260517_225635.jpg,False,researcher_home,new_phone,,spoiled,spoiled,0.038943723,0.27176502,0.68929124,spoiled,0.68929124,not fresh,0.27176502,0.96105623,0.41752622,0,True,True,True,False,True,False,Borderline Spoiled / Advanced Not Fresh,Not Suitable / Manual inspection recommended,25.734362,Not Suitable,2,2,True,False
20260624_072627.jpg,9,Pork Hind Leg,fresh,04:00:00,E:\Thesis Code\processed_hsv_lab_threshold_roi_224\sample 9\fresh\20260624_072627.jpg,pork_hind_leg_sample_9,hind_leg,cross_rotation,all,public_dataset_2,all,all,all,file_destination,E:\Thesis Code\processed_hsv_lab_threshold_roi_224\sample 9\fresh\20260624_072627.jpg,False,public_dataset_2,public_dataset_2,,fresh,fresh,0.9058667,0.079414114,0.014719184,fresh,0.9058667,not fresh,0.079414114,0.9852808,0.82645255,0,True,True,True,False,False,False,Likely Fresh,Good for Consumption,95.10164,Good for Consumption,0,0,True,False
20260430_173425.jpg,4,Pork Belly,spoiled,31:53:58,E:\Thesis Code\processed_hsv_lab_threshold_roi_224\sample 4\spoiled\20260430_173425.jpg,pork_belly_sample_4,belly,cross_rotation,all,meatlens,all,all,all,file_destination,E:\Thesis Code\processed_hsv_lab_threshold_roi_224\sample 4\spoiled\20260430_173425.jpg,False,partner_home,old_phone,,spoiled,spoiled,0.00064344273,0.03510239,0.96425414,spoiled,0.96425414,not fresh,0.03510239,0.9993565,0.9291518,0,True,True,True,False,False,False,Likely Spoiled,Not Suitable,11.637517,Not Suitable,2,2,True,False
20260517_121832.jpg,8,Pork Loin,spoiled,29:56:23,E:\Thesis Code\processed_hsv_lab_threshold_roi_224\sample 8\spoiled\20260517_121832.jpg,pork_loin_sample_8,loin,cross_rotation,all,meatlens,all,all,all,file_destination,E:\Thesis Code\processed_hsv_lab_threshold_roi_224\sample 8\spoiled\20260517_121832.jpg,False,partner_home,new_phone,,spoiled,spoiled,0.000103866674,0.01437134,0.98552483,spoiled,0.98552483,not fresh,0.01437134,0.99989617,0.9711535,0,True,True,True,False,False,False,Likely Spoiled,Not Suitable,10.656058,Not Suitable,2,2,True,False
20260423_135355.jpg,2,Pork Shoulder,not fresh,10:00:36,E:\Thesis Code\processed_hsv_lab_threshold_roi_224\sample 2\not fresh\20260423_135355.jpg,pork_shoulder_sample_2,shoulder,cross_rotation,all,meatlens,all,all,all,file_destination,E:\Thesis Code\processed_hsv_lab_threshold_roi_224\sample 2\not fresh\20260423_135355.jpg,False,partner_home,old_phone,,not fresh,not fresh,0.01956164,0.9446752,0.03576318,not fresh,0.9446752,spoiled,0.03576318,0.9804384,0.908912,0,True,True,True,False,False,False,Likely Not Fresh,Consume Immediately / Manual inspection recommended,54.27093,Consume Immediately,1,1,True,False
IMG_20260518_014236.jpg,7,Pork Loin,spoiled,19:21:24,E:\Thesis Code\processed_hsv_lab_threshold_roi_224\sample 7\spoiled\IMG_20260518_014236.jpg,pork_loin_sample_7,loin,cross_rotation,all,meatlens,all,all,all,file_destination,E:\Thesis Code\processed_hsv_lab_threshold_roi_224\sample 7\spoiled\IMG_20260518_014236.jpg,False,researcher_home,new_phone,,spoiled,spoiled,0.010141913,0.28050566,0.7093525,spoiled,0.7093525,not fresh,0.28050566,0.98985815,0.42884684,0,True,True,True,False,True,False,Borderline Spoiled / Advanced Not Fresh,Not Suitable / Manual inspection recommended,23.535528,Not Suitable,2,2,True,False
SPOILED-499-_JPG.rf.2c1da1d8067f91d96e4471b564ad3f6d.jpg,12,Various Pork Meat,spoiled,,E:\Thesis Code\processed_hsv_lab_threshold_roi_224\sample 12\spoiled\SPOILED-499-_JPG.rf.2c1da1d8067f91d96e4471b564ad3f6d.jpg,various_pork_meat_sample_12,various,cross_rotation,all,public_dataset_2,all,all,all,file_destination,E:\Thesis Code\processed_hsv_lab_threshold_roi_224\sample 12\spoiled\SPOILED-499-_JPG.rf.2c1da1d8067f91d96e4471b564ad3f6d.jpg,False,public_dataset_2,public_dataset_2,,spoiled,spoiled,0.002378703,0.013682122,0.98393923,spoiled,0.98393923,not fresh,0.013682122,0.99762136,0.9702571,0,True,True,True,False,False,False,Likely Spoiled,Not Suitable,10.82978,Not Suitable,2,2,True,False
IMG20260508071923.jpg,6,Pork Ham,fresh,01:24:25,E:\Thesis Code\processed_hsv_lab_threshold_roi_224\sample 6\fresh\IMG20260508071923.jpg,pork_ham_sample_6,ham,cross_rotation,all,meatlens,all,all,all,file_destination,E:\Thesis Code\processed_hsv_lab_threshold_roi_224\sample 6\fresh\IMG20260508071923.jpg,False,partner_home,new_phone,,fresh,fresh,0.9974547,0.0016235982,0.000921737,fresh,0.9974547,not fresh,0.0016235982,0.9990783,0.99583113,0,True,True,True,False,False,False,Likely Fresh,Good for Consumption,99.84399,Good for Consumption,0,0,True,False
20260424_170028.jpg,2,Pork Shoulder,spoiled,39:26:14,E:\Thesis Code\processed_hsv_lab_threshold_roi_224\sample 2\spoiled\20260424_170028.jpg,pork_shoulder_sample_2,shoulder,cross_rotation,all,meatlens,all,all,all,file_destination,E:\Thesis Code\processed_hsv_lab_threshold_roi_224\sample 2\spoiled\20260424_170028.jpg,False,partner_home,old_phone,,spoiled,spoiled,6.673276e-05,0.00014136691,0.99979186,spoiled,0.99979186,not fresh,0.00014136691,0.99993324,0.9996505,0,True,True,True,False,False,False,Likely Spoiled,Not Suitable,10.012367,Not Suitable,2,2,True,False
20260703_221409.jpg,10,Pork Belly,spoiled,24:00:00,E:\Thesis Code\processed_hsv_lab_threshold_roi_224\sample 10\spoiled\20260703_221409.jpg,pork_belly_sample_10,belly,cross_rotation,all,public_dataset_2,all,all,all,file_destination,E:\Thesis Code\processed_hsv_lab_threshold_roi_224\sample 10\spoiled\20260703_221409.jpg,False,public_dataset_2,public_dataset_2,,spoiled,spoiled,0.010993584,0.21766862,0.77133775,spoiled,0.77133775,not fresh,0.21766862,0.9890064,0.5536691,0,True,True,True,False,True,False,Borderline Spoiled / Advanced Not Fresh,Not Suitable / Manual inspection recommended,20.78451,Not Suitable,2,2,True,False
20260423_152319.jpg,2,Pork Shoulder,not fresh,11:03:55,E:\Thesis Code\processed_hsv_lab_threshold_roi_224\sample 2\not fresh\20260423_152319.jpg,pork_shoulder_sample_2,shoulder,cross_rotation,all,meatlens,all,all,all,file_destination,E:\Thesis Code\processed_hsv_lab_threshold_roi_224\sample 2\not fresh\20260423_152319.jpg,False,partner_home,old_phone,,not fresh,not fresh,0.012040123,0.93501973,0.052940156,not fresh,0.93501973,spoiled,0.052940156,0.98795986,0.8820796,0,True,True,True,False,False,False,Likely Not Fresh,Consume Immediately / Manual inspection recommended,53.1595,Consume Immediately,1,1,True,False
20260516_111831.jpg,8,Pork Loin,not fresh,07:21:06,E:\Thesis Code\processed_hsv_lab_threshold_roi_224\sample 8\not fresh\20260516_111831.jpg,pork_loin_sample_8,loin,cross_rotation,all,meatlens,all,all,all,file_destination,E:\Thesis Code\processed_hsv_lab_threshold_roi_224\sample 8\not fresh\20260516_111831.jpg,False,partner_home,new_phone,,not fresh,not fresh,0.4909247,0.502953,0.006122253,not fresh,0.502953,fresh,0.4909247,0.99387765,0.012028307,0,True,True,True,False,True,True,Borderline Fresh / Early Not Fresh,Consume Immediately / Check carefully,76.81611,Good for Consumption,1,1,True,False
IMG_20260517_100216.jpg,7,Pork Loin,fresh,01:17:40,E:\Thesis Code\processed_hsv_lab_threshold_roi_224\sample 7\fresh\IMG_20260517_100216.jpg,pork_loin_sample_7,loin,cross_rotation,all,meatlens,all,all,all,file_destination,E:\Thesis Code\processed_hsv_lab_threshold_roi_224\sample 7\fresh\IMG_20260517_100216.jpg,False,researcher_home,new_phone,,fresh,fresh,0.98493123,0.014320492,0.00074824324,fresh,0.98493123,not fresh,0.014320492,0.9992517,0.97061074,0,True,True,True,False,False,False,Likely Fresh,Good for Consumption,99.28823,Good for Consumption,0,0,True,False
20260703_102533.jpg,10,Pork Belly,fresh,04:00:00,E:\Thesis Code\processed_hsv_lab_threshold_roi_224\sample 10\fresh\20260703_102533.jpg,pork_belly_sample_10,belly,cross_rotation,all,public_dataset_2,all,all,all,file_destination,E:\Thesis Code\processed_hsv_lab_threshold_roi_224\sample 10\fresh\20260703_102533.jpg,False,public_dataset_2,public_dataset_2,,fresh,fresh,0.953775,0.04541031,0.0008147665,fresh,0.953775,not fresh,0.04541031,0.9991853,0.90836465,0,True,True,True,False,False,False,Likely Fresh,Good for Consumption,97.88322,Good for Consumption,0,0,True,False
09-11-2022 12-58-45_jpg.rf.6yHShkLeYTCBjVNNa6Hp.jpg,11,Various Pork Meat,spoiled,,E:\Thesis Code\processed_hsv_lab_threshold_roi_224\sample 11\spoiled\09-11-2022 12-58-45_jpg.rf.6yHShkLeYTCBjVNNa6Hp.jpg,various_pork_meat_sample_11,various,cross_rotation,all,public_dataset_2,all,all,all,file_destination,E:\Thesis Code\processed_hsv_lab_threshold_roi_224\sample 11\spoiled\09-11-2022 12-58-45_jpg.rf.6yHShkLeYTCBjVNNa6Hp.jpg,False,public_dataset_2,public_dataset_2,,spoiled,spoiled,0.0051385188,0.24691673,0.7479448,spoiled,0.7479448,not fresh,0.24691673,0.9948615,0.50102806,0,True,True,True,False,True,False,Borderline Spoiled / Advanced Not Fresh,Not Suitable / Manual inspection recommended,21.573719,Not Suitable,2,2,True,False
IMG_20260517_191534.jpg,7,Pork Loin,not fresh,13:19:54,E:\Thesis Code\processed_hsv_lab_threshold_roi_224\sample 7\not fresh\IMG_20260517_191534.jpg,pork_loin_sample_7,loin,cross_rotation,all,meatlens,all,all,all,file_destination,E:\Thesis Code\processed_hsv_lab_threshold_roi_224\sample 7\not fresh\IMG_20260517_191534.jpg,False,researcher_home,new_phone,,not fresh,not fresh,0.0058842767,0.8024434,0.19167235,not fresh,0.8024434,spoiled,0.19167235,0.9941157,0.61077106,0,True,True,True,False,True,False,Borderline Spoiled / Advanced Not Fresh,Not Suitable / Manual inspection recommended,46.639538,Consume Immediately,1,1,True,False
20260424_091641.jpg,1,Pork Shoulder,fresh,03:51:33,E:\Thesis Code\processed_hsv_lab_threshold_roi_224\sample 1\fresh\20260424_091641.jpg,pork_shoulder_sample_1,shoulder,cross_rotation,all,meatlens,all,all,all,file_destination,E:\Thesis Code\processed_hsv_lab_threshold_roi_224\sample 1\fresh\20260424_091641.jpg,False,researcher_home,old_phone,,fresh,fresh,0.99771655,0.0022042375,7.919476e-05,fresh,0.99771655,not fresh,0.0022042375,0.9999208,0.9955123,0,True,True,True,False,False,False,Likely Fresh,Good for Consumption,99.89368,Good for Consumption,0,0,True,False
20260430_175659.jpg,4,Pork Belly,spoiled,32:22:55,E:\Thesis Code\processed_hsv_lab_threshold_roi_224\sample 4\spoiled\20260430_175659.jpg,pork_belly_sample_4,belly,cross_rotation,all,meatlens,all,all,all,file_destination,E:\Thesis Code\processed_hsv_lab_threshold_roi_224\sample 4\spoiled\20260430_175659.jpg,False,partner_home,old_phone,,spoiled,spoiled,0.0007988283,0.009672022,0.9895292,spoiled,0.9895292,not fresh,0.009672022,0.99920124,0.97985715,0,True,True,True,False,False,False,Likely Spoiled,Not Suitable,10.507136,Not Suitable,2,2,True,False
20260423_111523.jpg,2,Pork Shoulder,not fresh,07:06:56,E:\Thesis Code\processed_hsv_lab_threshold_roi_224\sample 2\not fresh\20260423_111523.jpg,pork_shoulder_sample_2,shoulder,cross_rotation,all,meatlens,all,all,all,file_destination,E:\Thesis Code\processed_hsv_lab_threshold_roi_224\sample 2\not fresh\20260423_111523.jpg,False,partner_home,old_phone,,not fresh,not fresh,0.018167302,0.96761966,0.014213149,not fresh,0.96761966,fresh,0.018167302,0.985787,0.94945234,0,True,True,True,False,False,False,Likely Not Fresh,Consume Immediately / Manual inspection recommended,55.177944,Consume Immediately,1,1,True,False
20260624_155119.jpg,9,Pork Hind Leg,not fresh,12:00:00,E:\Thesis Code\processed_hsv_lab_threshold_roi_224\sample 9\not fresh\20260624_155119.jpg,pork_hind_leg_sample_9,hind_leg,cross_rotation,all,public_dataset_2,all,all,all,file_destination,E:\Thesis Code\processed_hsv_lab_threshold_roi_224\sample 9\not fresh\20260624_155119.jpg,False,public_dataset_2,public_dataset_2,,not fresh,not fresh,0.16769642,0.68472576,0.14757782,not fresh,0.68472576,fresh,0.16769642,0.8524222,0.51702935,0,True,True,True,False,True,False,Borderline Fresh / Early Not Fresh,Consume Immediately / Check carefully,55.90534,Consume Immediately,1,1,True,False
IMG_20260508_062239.jpg,5,Pork Ham,fresh,02:10:15,E:\Thesis Code\processed_hsv_lab_threshold_roi_224\sample 5\fresh\IMG_20260508_062239.jpg,pork_ham_sample_5,ham,cross_rotation,all,meatlens,all,all,all,file_destination,E:\Thesis Code\processed_hsv_lab_threshold_roi_224\sample 5\fresh\IMG_20260508_062239.jpg,False,researcher_home,new_phone,,fresh,fresh,0.998569,0.001379977,5.0891995e-05,fresh,0.998569,not fresh,0.001379977,0.999949,0.99718904,0,True,True,True,False,False,False,Likely Fresh,Good for Consumption,99.93331,Good for Consumption,0,0,True,False
IMG20260508071453.jpg,6,Pork Ham,fresh,01:18:05,E:\Thesis Code\processed_hsv_lab_threshold_roi_224\sample 6\fresh\IMG20260508071453.jpg,pork_ham_sample_6,ham,cross_rotation,all,meatlens,all,all,all,file_destination,E:\Thesis Code\processed_hsv_lab_threshold_roi_224\sample 6\fresh\IMG20260508071453.jpg,False,partner_home,new_phone,,fresh,fresh,0.9949166,0.0037914307,0.0012919098,fresh,0.9949166,not fresh,0.0037914307,0.99870807,0.99112517,0,True,True,True,False,False,False,Likely Fresh,Good for Consumption,99.71311,Good for Consumption,0,0,True,False
20260516_104956.jpg,8,Pork Loin,fresh,06:36:47,E:\Thesis Code\processed_hsv_lab_threshold_roi_224\sample 8\fresh\20260516_104956.jpg,pork_loin_sample_8,loin,cross_rotation,all,meatlens,all,all,all,file_destination,E:\Thesis Code\processed_hsv_lab_threshold_roi_224\sample 8\fresh\20260516_104956.jpg,False,partner_home,new_phone,,fresh,fresh,0.69355,0.3049374,0.0015126684,fresh,0.69355,not fresh,0.3049374,0.99848735,0.3886126,0,True,True,True,False,True,False,Borderline Fresh / Early Not Fresh,Consume Immediately / Check carefully,86.141685,Good for Consumption,0,0,True,False
20260624_080934.jpg,9,Pork Hind Leg,fresh,04:00:00,E:\Thesis Code\processed_hsv_lab_threshold_roi_224\sample 9\fresh\20260624_080934.jpg,pork_hind_leg_sample_9,hind_leg,cross_rotation,all,public_dataset_2,all,all,all,file_destination,E:\Thesis Code\processed_hsv_lab_threshold_roi_224\sample 9\fresh\20260624_080934.jpg,False,public_dataset_2,public_dataset_2,,fresh,fresh,0.7090994,0.21569978,0.07520075,fresh,0.7090994,not fresh,0.21569978,0.9247992,0.49339962,0,True,True,True,False,True,False,Borderline Fresh / Early Not Fresh,Consume Immediately / Check carefully,83.52544,Good for Consumption,0,0,True,False
20260703_134425.jpg,10,Pork Belly,not fresh,12:00:00,E:\Thesis Code\processed_hsv_lab_threshold_roi_224\sample 10\not fresh\20260703_134425.jpg,pork_belly_sample_10,belly,cross_rotation,all,public_dataset_2,all,all,all,file_destination,E:\Thesis Code\processed_hsv_lab_threshold_roi_224\sample 10\not fresh\20260703_134425.jpg,False,public_dataset_2,public_dataset_2,,not fresh,not fresh,0.07092132,0.9139389,0.015139776,not fresh,0.9139389,fresh,0.07092132,0.9848602,0.8430176,0,True,True,True,False,False,False,Likely Not Fresh,Consume Immediately / Manual inspection recommended,57.510166,Consume Immediately,1,1,True,False
IMG20260508104536.jpg,6,Pork Ham,fresh,06:38:54,E:\Thesis Code\processed_hsv_lab_threshold_roi_224\sample 6\fresh\IMG20260508104536.jpg,pork_ham_sample_6,ham,cross_rotation,all,meatlens,all,all,all,file_destination,E:\Thesis Code\processed_hsv_lab_threshold_roi_224\sample 6\fresh\IMG20260508104536.jpg,False,partner_home,new_phone,,fresh,fresh,0.7281374,0.2671577,0.0047048386,fresh,0.7281374,not fresh,0.2671577,0.99529505,0.46097967,0,True,True,True,False,True,False,Borderline Fresh / Early Not Fresh,Consume Immediately / Check carefully,87.55446,Good for Consumption,0,0,True,False
20260624_103042.jpg,9,Pork Hind Leg,fresh,04:00:00,E:\Thesis Code\processed_hsv_lab_threshold_roi_224\sample 9\fresh\20260624_103042.jpg,pork_hind_leg_sample_9,hind_leg,cross_rotation,all,public_dataset_2,all,all,all,file_destination,E:\Thesis Code\processed_hsv_lab_threshold_roi_224\sample 9\fresh\20260624_103042.jpg,False,public_dataset_2,public_dataset_2,,fresh,fresh,0.52595454,0.29609898,0.17794654,fresh,0.52595454,not fresh,0.29609898,0.82205355,0.22985557,0,True,True,True,False,True,True,Borderline Fresh / Early Not Fresh,Consume Immediately / Check carefully,70.66036,Good for Consumption,0,0,True,False
IMG20260508063220.jpg,6,Pork Ham,fresh,00:12:40,E:\Thesis Code\processed_hsv_lab_threshold_roi_224\sample 6\fresh\IMG20260508063220.jpg,pork_ham_sample_6,ham,cross_rotation,all,meatlens,all,all,all,file_destination,E:\Thesis Code\processed_hsv_lab_threshold_roi_224\sample 6\fresh\IMG20260508063220.jpg,False,partner_home,new_phone,,fresh,fresh,0.9970643,0.0022374482,0.0006982576,fresh,0.9970643,not fresh,0.0022374482,0.99930173,0.99482685,0,True,True,True,False,False,False,Likely Fresh,Good for Consumption,99.83647,Good for Consumption,0,0,True,False
IMG_20260517_102317.jpg,7,Pork Loin,fresh,02:18:05,E:\Thesis Code\processed_hsv_lab_threshold_roi_224\sample 7\fresh\IMG_20260517_102317.jpg,pork_loin_sample_7,loin,cross_rotation,all,meatlens,all,all,all,file_destination,E:\Thesis Code\processed_hsv_lab_threshold_roi_224\sample 7\fresh\IMG_20260517_102317.jpg,False,researcher_home,new_phone,,fresh,fresh,0.985316,0.01265703,0.0020270294,fresh,0.985316,not fresh,0.01265703,0.997973,0.97265893,0,True,True,True,False,False,False,Likely Fresh,Good for Consumption,99.248,Good for Consumption,0,0,True,False
20260516_123013.jpg,8,Pork Loin,not fresh,08:41:18,E:\Thesis Code\processed_hsv_lab_threshold_roi_224\sample 8\not fresh\20260516_123013.jpg,pork_loin_sample_8,loin,cross_rotation,all,meatlens,all,all,all,file_destination,E:\Thesis Code\processed_hsv_lab_threshold_roi_224\sample 8\not fresh\20260516_123013.jpg,False,partner_home,new_phone,,not fresh,not fresh,0.123067476,0.87173194,0.005200477,not fresh,0.87173194,fresh,0.123067476,0.99479944,0.74866444,0,True,True,True,False,True,False,Borderline Fresh / Early Not Fresh,Consume Immediately / Check carefully,60.30401,Consume Immediately,1,1,True,False
20260424_115244.jpg,1,Pork Shoulder,fresh,07:47:56,E:\Thesis Code\processed_hsv_lab_threshold_roi_224\sample 1\fresh\20260424_115244.jpg,pork_shoulder_sample_1,shoulder,cross_rotation,all,meatlens,all,all,all,file_destination,E:\Thesis Code\processed_hsv_lab_threshold_roi_224\sample 1\fresh\20260424_115244.jpg,False,researcher_home,old_phone,,fresh,fresh,0.9189684,0.08012385,0.00090774824,fresh,0.9189684,not fresh,0.08012385,0.9990922,0.83884454,0,True,True,True,False,False,False,Likely Fresh,Good for Consumption,96.31273,Good for Consumption,0,0,True,False
08-11-2022 09-42-23_jpg.rf.XNSIivNhvynvNVNta0qK.jpg,11,Various Pork Meat,fresh,,E:\Thesis Code\processed_hsv_lab_threshold_roi_224\sample 11\fresh\08-11-2022 09-42-23_jpg.rf.XNSIivNhvynvNVNta0qK.jpg,various_pork_meat_sample_11,various,cross_rotation,all,public_dataset_2,all,all,all,file_destination,E:\Thesis Code\processed_hsv_lab_threshold_roi_224\sample 11\fresh\08-11-2022 09-42-23_jpg.rf.XNSIivNhvynvNVNta0qK.jpg,False,public_dataset_2,public_dataset_2,,fresh,fresh,0.8529065,0.13654272,0.010550717,fresh,0.8529065,not fresh,0.13654272,0.98944926,0.7163638,0,True,True,True,False,True,False,Borderline Fresh / Early Not Fresh,Consume Immediately / Check carefully,92.906006,Good for Consumption,0,0,True,False
20260429_054900.jpg,3,Pork Belly,fresh,05:24:06,E:\Thesis Code\processed_hsv_lab_threshold_roi_224\sample 3\fresh\20260429_054900.jpg,pork_belly_sample_3,belly,cross_rotation,all,meatlens,all,all,all,file_destination,E:\Thesis Code\processed_hsv_lab_threshold_roi_224\sample 3\fresh\20260429_054900.jpg,False,researcher_home,old_phone,,fresh,fresh,0.8480219,0.14507666,0.006901457,fresh,0.8480219,not fresh,0.14507666,0.9930986,0.70294523,0,True,True,True,False,True,False,Borderline Fresh / Early Not Fresh,Consume Immediately / Check carefully,92.850426,Good for Consumption,0,0,True,False
IMG_20260508_144000.jpg,5,Pork Ham,not fresh,10:36:47,E:\Thesis Code\processed_hsv_lab_threshold_roi_224\sample 5\not fresh\IMG_20260508_144000.jpg,pork_ham_sample_5,ham,cross_rotation,all,meatlens,all,all,all,file_destination,E:\Thesis Code\processed_hsv_lab_threshold_roi_224\sample 5\not fresh\IMG_20260508_144000.jpg,False,researcher_home,new_phone,,not fresh,not fresh,0.24445578,0.75345033,0.0020938548,not fresh,0.75345033,fresh,0.24445578,0.9979061,0.5089946,0,True,True,True,False,True,False,Borderline Fresh / Early Not Fresh,Consume Immediately / Check carefully,65.90629,Consume Immediately,1,1,True,False
20260703_120717.jpg,10,Pork Belly,not fresh,12:00:00,E:\Thesis Code\processed_hsv_lab_threshold_roi_224\sample 10\not fresh\20260703_120717.jpg,pork_belly_sample_10,belly,cross_rotation,all,public_dataset_2,all,all,all,file_destination,E:\Thesis Code\processed_hsv_lab_threshold_roi_224\sample 10\not fresh\20260703_120717.jpg,False,public_dataset_2,public_dataset_2,,not fresh,fresh,0.6225192,0.37517318,0.0023076285,fresh,0.6225192,not fresh,0.37517318,0.99769235,0.24734601,1,False,True,True,False,True,False,Borderline Fresh / Early Not Fresh,Consume Immediately / Check carefully,82.90952,Good for Consumption,0,1,True,False
20260501_015158.jpg,3,Pork Belly,spoiled,35:17:47,E:\Thesis Code\processed_hsv_lab_threshold_roi_224\sample 3\spoiled\20260501_015158.jpg,pork_belly_sample_3,belly,cross_rotation,all,meatlens,all,all,all,file_destination,E:\Thesis Code\processed_hsv_lab_threshold_roi_224\sample 3\spoiled\20260501_015158.jpg,False,researcher_home,old_phone,,spoiled,spoiled,2.5253594e-05,0.0028035836,0.9971712,spoiled,0.9971712,not fresh,0.0028035836,0.9999748,0.99436766,0,True,True,True,False,False,False,Likely Spoiled,Not Suitable,10.128435,Not Suitable,2,2,True,False
20260517_002827.jpg,8,Pork Loin,spoiled,21:50:21,E:\Thesis Code\processed_hsv_lab_threshold_roi_224\sample 8\spoiled\20260517_002827.jpg,pork_loin_sample_8,loin,cross_rotation,all,meatlens,all,all,all,file_destination,E:\Thesis Code\processed_hsv_lab_threshold_roi_224\sample 8\spoiled\20260517_002827.jpg,False,partner_home,new_phone,,spoiled,spoiled,0.005346346,0.20281796,0.7918357,spoiled,0.7918357,not fresh,0.20281796,0.9946537,0.58901775,0,True,True,True,False,True,False,Borderline Spoiled / Advanced Not Fresh,Not Suitable / Manual inspection recommended,19.607979,Not Suitable,2,2,True,False
HALF-FRESH-359-_JPG.rf.94de2f38b421087512919b02c4a7ca8b.jpg,12,Various Pork Meat,not fresh,,E:\Thesis Code\processed_hsv_lab_threshold_roi_224\sample 12\not fresh\HALF-FRESH-359-_JPG.rf.94de2f38b421087512919b02c4a7ca8b.jpg,various_pork_meat_sample_12,various,cross_rotation,all,public_dataset_2,all,all,all,file_destination,E:\Thesis Code\processed_hsv_lab_threshold_roi_224\sample 12\not fresh\HALF-FRESH-359-_JPG.rf.94de2f38b421087512919b02c4a7ca8b.jpg,False,public_dataset_2,public_dataset_2,,not fresh,spoiled,0.03962939,0.33162186,0.6287487,spoiled,0.6287487,not fresh,0.33162186,0.96037054,0.29712686,1,False,True,True,False,True,False,Borderline Spoiled / Advanced Not Fresh,Not Suitable / Manual inspection recommended,28.489628,Not Suitable,2,1,True,False
IMG_20260518_044947.jpg,7,Pork Loin,spoiled,21:58:11,E:\Thesis Code\processed_hsv_lab_threshold_roi_224\sample 7\spoiled\IMG_20260518_044947.jpg,pork_loin_sample_7,loin,cross_rotation,all,meatlens,all,all,all,file_destination,E:\Thesis Code\processed_hsv_lab_threshold_roi_224\sample 7\spoiled\IMG_20260518_044947.jpg,False,researcher_home,new_phone,,spoiled,spoiled,0.0005226093,0.01343023,0.98604715,spoiled,0.98604715,not fresh,0.01343023,0.9994774,0.9726169,0,True,True,True,False,False,False,Likely Spoiled,Not Suitable,10.651395,Not Suitable,2,2,True,False
IMG_20260508_115145.jpg,5,Pork Ham,fresh,07:50:21,E:\Thesis Code\processed_hsv_lab_threshold_roi_224\sample 5\fresh\IMG_20260508_115145.jpg,pork_ham_sample_5,ham,cross_rotation,all,meatlens,all,all,all,file_destination,E:\Thesis Code\processed_hsv_lab_threshold_roi_224\sample 5\fresh\IMG_20260508_115145.jpg,False,researcher_home,new_phone,,fresh,not fresh,0.41362664,0.54772544,0.038647905,not fresh,0.54772544,fresh,0.41362664,0.9613521,0.1340988,1,False,True,True,False,True,True,Borderline Fresh / Early Not Fresh,Consume Immediately / Check carefully,71.87404,Good for Consumption,1,0,True,False
20260429_140822.jpg,3,Pork Belly,not fresh,10:03:01,E:\Thesis Code\processed_hsv_lab_threshold_roi_224\sample 3\not fresh\20260429_140822.jpg,pork_belly_sample_3,belly,cross_rotation,all,meatlens,all,all,all,file_destination,E:\Thesis Code\processed_hsv_lab_threshold_roi_224\sample 3\not fresh\20260429_140822.jpg,False,researcher_home,old_phone,,not fresh,not fresh,0.0074249255,0.99021757,0.0023575886,not fresh,0.99021757,fresh,0.0074249255,0.9976425,0.9827926,0,True,True,True,False,False,False,Likely Not Fresh,Consume Immediately / Manual inspection recommended,55.228035,Consume Immediately,1,1,True,False
FRESH-288-_JPG.rf.8c4298e4897f5a95c522f83e53ef7647.jpg,12,Various Pork Meat,fresh,,E:\Thesis Code\processed_hsv_lab_threshold_roi_224\sample 12\fresh\FRESH-288-_JPG.rf.8c4298e4897f5a95c522f83e53ef7647.jpg,various_pork_meat_sample_12,various,cross_rotation,all,public_dataset_2,all,all,all,file_destination,E:\Thesis Code\processed_hsv_lab_threshold_roi_224\sample 12\fresh\FRESH-288-_JPG.rf.8c4298e4897f5a95c522f83e53ef7647.jpg,False,public_dataset_2,public_dataset_2,,fresh,fresh,0.97829527,0.015301341,0.006403361,fresh,0.97829527,not fresh,0.015301341,0.9935966,0.9629939,0,True,True,True,False,False,False,Likely Fresh,Good for Consumption,98.73513,Good for Consumption,0,0,True,False
FRESH-954-_JPG.rf.8cea7e1c683afe07dbe427017f2c55fd.jpg,12,Various Pork Meat,fresh,,E:\Thesis Code\processed_hsv_lab_threshold_roi_224\sample 12\fresh\FRESH-954-_JPG.rf.8cea7e1c683afe07dbe427017f2c55fd.jpg,various_pork_meat_sample_12,various,cross_rotation,all,public_dataset_2,all,all,all,file_destination,E:\Thesis Code\processed_hsv_lab_threshold_roi_224\sample 12\fresh\FRESH-954-_JPG.rf.8cea7e1c683afe07dbe427017f2c55fd.jpg,False,public_dataset_2,public_dataset_2,,fresh,fresh,0.8084025,0.17553745,0.016060097,fresh,0.8084025,not fresh,0.17553745,0.98393995,0.632865,0,True,True,True,False,True,False,Borderline Fresh / Early Not Fresh,Consume Immediately / Check carefully,90.65541,Good for Consumption,0,0,True,False
20260703_154951.jpg,10,Pork Belly,not fresh,12:00:00,E:\Thesis Code\processed_hsv_lab_threshold_roi_224\sample 10\not fresh\20260703_154951.jpg,pork_belly_sample_10,belly,cross_rotation,all,public_dataset_2,all,all,all,file_destination,E:\Thesis Code\processed_hsv_lab_threshold_roi_224\sample 10\not fresh\20260703_154951.jpg,False,public_dataset_2,public_dataset_2,,not fresh,not fresh,0.042367764,0.87348485,0.08414734,not fresh,0.87348485,spoiled,0.08414734,0.9576322,0.7893375,0,True,True,True,False,True,False,Borderline Spoiled / Advanced Not Fresh,Not Suitable / Manual inspection recommended,53.119915,Consume Immediately,1,1,True,False
20260703_073735.jpg,10,Pork Belly,fresh,04:00:00,E:\Thesis Code\processed_hsv_lab_threshold_roi_224\sample 10\fresh\20260703_073735.jpg,pork_belly_sample_10,belly,cross_rotation,all,public_dataset_2,all,all,all,file_destination,E:\Thesis Code\processed_hsv_lab_threshold_roi_224\sample 10\fresh\20260703_073735.jpg,False,public_dataset_2,public_dataset_2,,fresh,fresh,0.96630704,0.031325925,0.0023669894,fresh,0.96630704,not fresh,0.031325925,0.997633,0.9349811,0,True,True,True,False,False,False,Likely Fresh,Good for Consumption,98.3773,Good for Consumption,0,0,True,False
IMG20260423081903.jpg,2,Pork Shoulder,fresh,03:02:43,E:\Thesis Code\processed_hsv_lab_threshold_roi_224\sample 2\fresh\IMG20260423081903.jpg,pork_shoulder_sample_2,shoulder,cross_rotation,all,meatlens,all,all,all,file_destination,E:\Thesis Code\processed_hsv_lab_threshold_roi_224\sample 2\fresh\IMG20260423081903.jpg,False,partner_home,old_phone,,fresh,fresh,0.9927893,0.0067732474,0.00043737926,fresh,0.9927893,not fresh,0.0067732474,0.99956256,0.9860161,0,True,True,True,False,False,False,Likely Fresh,Good for Consumption,99.65584,Good for Consumption,0,0,True,False
20260429_143533.jpg,4,Pork Belly,not fresh,06:34:22,E:\Thesis Code\processed_hsv_lab_threshold_roi_224\sample 4\not fresh\20260429_143533.jpg,pork_belly_sample_4,belly,cross_rotation,all,meatlens,all,all,all,file_destination,E:\Thesis Code\processed_hsv_lab_threshold_roi_224\sample 4\not fresh\20260429_143533.jpg,False,partner_home,old_phone,,not fresh,not fresh,0.0008064876,0.95837146,0.040822085,not fresh,0.95837146,spoiled,0.040822085,0.99919355,0.9175494,0,True,True,True,False,False,False,Likely Not Fresh,Consume Immediately / Manual inspection recommended,53.1993,Consume Immediately,1,1,True,False
HALF-FRESH-401-_JPG.rf.43f5b9ea0d0a91c405455229d3a7bd4a.jpg,12,Various Pork Meat,not fresh,,E:\Thesis Code\processed_hsv_lab_threshold_roi_224\sample 12\not fresh\HALF-FRESH-401-_JPG.rf.43f5b9ea0d0a91c405455229d3a7bd4a.jpg,various_pork_meat_sample_12,various,cross_rotation,all,public_dataset_2,all,all,all,file_destination,E:\Thesis Code\processed_hsv_lab_threshold_roi_224\sample 12\not fresh\HALF-FRESH-401-_JPG.rf.43f5b9ea0d0a91c405455229d3a7bd4a.jpg,False,public_dataset_2,public_dataset_2,,not fresh,fresh,0.6724161,0.32718518,0.00039876474,fresh,0.6724161,not fresh,0.32718518,0.99960124,0.3452309,1,False,True,True,False,True,False,Borderline Fresh / Early Not Fresh,Consume Immediately / Check carefully,85.24078,Good for Consumption,0,1,True,False
20260703_082332.jpg,10,Pork Belly,fresh,04:00:00,E:\Thesis Code\processed_hsv_lab_threshold_roi_224\sample 10\fresh\20260703_082332.jpg,pork_belly_sample_10,belly,cross_rotation,all,public_dataset_2,all,all,all,file_destination,E:\Thesis Code\processed_hsv_lab_threshold_roi_224\sample 10\fresh\20260703_082332.jpg,False,public_dataset_2,public_dataset_2,,fresh,fresh,0.93269485,0.066359445,0.0009457133,fresh,0.93269485,not fresh,0.066359445,0.9990543,0.8663354,0,True,True,True,False,False,False,Likely Fresh,Good for Consumption,96.92871,Good for Consumption,0,0,True,False
20260423_102032.jpg,2,Pork Shoulder,not fresh,06:07:14,E:\Thesis Code\processed_hsv_lab_threshold_roi_224\sample 2\not fresh\20260423_102032.jpg,pork_shoulder_sample_2,shoulder,cross_rotation,all,meatlens,all,all,all,file_destination,E:\Thesis Code\processed_hsv_lab_threshold_roi_224\sample 2\not fresh\20260423_102032.jpg,False,partner_home,old_phone,,not fresh,not fresh,0.05071206,0.8008957,0.1483922,not fresh,0.8008957,spoiled,0.1483922,0.9492879,0.6525035,0,True,True,True,False,True,False,Borderline Spoiled / Advanced Not Fresh,Not Suitable / Manual inspection recommended,50.60439,Consume Immediately,1,1,True,False
20260516_155835.jpg,8,Pork Loin,not fresh,11:36:29,E:\Thesis Code\processed_hsv_lab_threshold_roi_224\sample 8\not fresh\20260516_155835.jpg,pork_loin_sample_8,loin,cross_rotation,all,meatlens,all,all,all,file_destination,E:\Thesis Code\processed_hsv_lab_threshold_roi_224\sample 8\not fresh\20260516_155835.jpg,False,partner_home,new_phone,,not fresh,not fresh,0.007178565,0.6662007,0.3266208,not fresh,0.6662007,spoiled,0.3266208,0.99282146,0.3395799,0,True,True,True,False,True,False,Borderline Spoiled / Advanced Not Fresh,Not Suitable / Manual inspection recommended,40.625103,Consume Immediately,1,1,True,False
20260624_132741.jpg,9,Pork Hind Leg,not fresh,12:00:00,E:\Thesis Code\processed_hsv_lab_threshold_roi_224\sample 9\not fresh\20260624_132741.jpg,pork_hind_leg_sample_9,hind_leg,cross_rotation,all,public_dataset_2,all,all,all,file_destination,E:\Thesis Code\processed_hsv_lab_threshold_roi_224\sample 9\not fresh\20260624_132741.jpg,False,public_dataset_2,public_dataset_2,,not fresh,not fresh,0.32725197,0.5786654,0.09408269,not fresh,0.5786654,fresh,0.32725197,0.90591735,0.2514134,0,True,True,True,False,True,True,Borderline Fresh / Early Not Fresh,Consume Immediately / Check carefully,65.49262,Consume Immediately,1,1,True,False
20260517_161340.jpg,8,Pork Loin,spoiled,34:46:26,E:\Thesis Code\processed_hsv_lab_threshold_roi_224\sample 8\spoiled\20260517_161340.jpg,pork_loin_sample_8,loin,cross_rotation,all,meatlens,all,all,all,file_destination,E:\Thesis Code\processed_hsv_lab_threshold_roi_224\sample 8\spoiled\20260517_161340.jpg,False,partner_home,new_phone,,spoiled,spoiled,5.5690893e-05,0.010279809,0.9896645,spoiled,0.9896645,not fresh,0.010279809,0.9999443,0.97938466,0,True,True,True,False,False,False,Likely Spoiled,Not Suitable,10.467604,Not Suitable,2,2,True,False
IMG20260508084058.jpg,6,Pork Ham,fresh,03:28:57,E:\Thesis Code\processed_hsv_lab_threshold_roi_224\sample 6\fresh\IMG20260508084058.jpg,pork_ham_sample_6,ham,cross_rotation,all,meatlens,all,all,all,file_destination,E:\Thesis Code\processed_hsv_lab_threshold_roi_224\sample 6\fresh\IMG20260508084058.jpg,False,partner_home,new_phone,,fresh,fresh,0.90936804,0.08589679,0.004735223,fresh,0.90936804,not fresh,0.08589679,0.9952648,0.82347125,0,True,True,True,False,False,False,Likely Fresh,Good for Consumption,95.70848,Good for Consumption,0,0,True,False
IMG20260508182735.jpg,6,Pork Ham,spoiled,14:24:07,E:\Thesis Code\processed_hsv_lab_threshold_roi_224\sample 6\spoiled\IMG20260508182735.jpg,pork_ham_sample_6,ham,cross_rotation,all,meatlens,all,all,all,file_destination,E:\Thesis Code\processed_hsv_lab_threshold_roi_224\sample 6\spoiled\IMG20260508182735.jpg,False,partner_home,new_phone,,spoiled,spoiled,0.0057854317,0.45446262,0.5397519,spoiled,0.5397519,not fresh,0.45446262,0.99421453,0.08528927,0,True,True,True,False,True,True,Borderline Spoiled / Advanced Not Fresh,Not Suitable / Manual inspection recommended,30.971506,Not Suitable,2,2,True,False
08-11-2022 13-37-11_jpg.rf.1JfNDxPw6OJ0tKUMELXS.jpg,11,Various Pork Meat,fresh,,E:\Thesis Code\processed_hsv_lab_threshold_roi_224\sample 11\fresh\08-11-2022 13-37-11_jpg.rf.1JfNDxPw6OJ0tKUMELXS.jpg,various_pork_meat_sample_11,various,cross_rotation,all,public_dataset_2,all,all,all,file_destination,E:\Thesis Code\processed_hsv_lab_threshold_roi_224\sample 11\fresh\08-11-2022 13-37-11_jpg.rf.1JfNDxPw6OJ0tKUMELXS.jpg,False,public_dataset_2,public_dataset_2,,fresh,fresh,0.54350007,0.43588838,0.020611538,fresh,0.54350007,not fresh,0.43588838,0.9793885,0.107611686,0,True,True,True,False,True,True,Borderline Fresh / Early Not Fresh,Consume Immediately / Check carefully,78.52998,Good for Consumption,0,0,True,False
20260703_145652.jpg,10,Pork Belly,not fresh,12:00:00,E:\Thesis Code\processed_hsv_lab_threshold_roi_224\sample 10\not fresh\20260703_145652.jpg,pork_belly_sample_10,belly,cross_rotation,all,public_dataset_2,all,all,all,file_destination,E:\Thesis Code\processed_hsv_lab_threshold_roi_224\sample 10\not fresh\20260703_145652.jpg,False,public_dataset_2,public_dataset_2,,not fresh,not fresh,0.03194564,0.89032704,0.077727295,not fresh,0.89032704,spoiled,0.077727295,0.96805435,0.8125997,0,True,True,True,False,True,False,Borderline Spoiled / Advanced Not Fresh,Not Suitable / Manual inspection recommended,52.939823,Consume Immediately,1,1,True,False
20260424_084841.jpg,1,Pork Shoulder,fresh,03:08:08,E:\Thesis Code\processed_hsv_lab_threshold_roi_224\sample 1\fresh\20260424_084841.jpg,pork_shoulder_sample_1,shoulder,cross_rotation,all,meatlens,all,all,all,file_destination,E:\Thesis Code\processed_hsv_lab_threshold_roi_224\sample 1\fresh\20260424_084841.jpg,False,researcher_home,old_phone,,fresh,fresh,0.995456,0.003785375,0.00075867516,fresh,0.995456,not fresh,0.003785375,0.99924135,0.9916706,0,True,True,True,False,False,False,Likely Fresh,Good for Consumption,99.76138,Good for Consumption,0,0,True,False
20260704_150244.jpg,10,Pork Belly,spoiled,24:00:00,E:\Thesis Code\processed_hsv_lab_threshold_roi_224\sample 10\spoiled\20260704_150244.jpg,pork_belly_sample_10,belly,cross_rotation,all,public_dataset_2,all,all,all,file_destination,E:\Thesis Code\processed_hsv_lab_threshold_roi_224\sample 10\spoiled\20260704_150244.jpg,False,public_dataset_2,public_dataset_2,,spoiled,spoiled,0.00018080595,0.0014035365,0.9984156,spoiled,0.9984156,not fresh,0.0014035365,0.9998191,0.9970121,0,True,True,True,False,False,False,Likely Spoiled,Not Suitable,10.079431,Not Suitable,2,2,True,False
IMG_20260517_120033.jpg,7,Pork Loin,fresh,06:57:07,E:\Thesis Code\processed_hsv_lab_threshold_roi_224\sample 7\fresh\IMG_20260517_120033.jpg,pork_loin_sample_7,loin,cross_rotation,all,meatlens,all,all,all,file_destination,E:\Thesis Code\processed_hsv_lab_threshold_roi_224\sample 7\fresh\IMG_20260517_120033.jpg,False,researcher_home,new_phone,,fresh,fresh,0.86503345,0.1307865,0.0041800817,fresh,0.86503345,not fresh,0.1307865,0.9958199,0.73424697,0,True,True,True,False,True,False,Borderline Fresh / Early Not Fresh,Consume Immediately / Check carefully,93.7384,Good for Consumption,0,0,True,False
20260424_173157.jpg,1,Pork Shoulder,not fresh,13:30:27,E:\Thesis Code\processed_hsv_lab_threshold_roi_224\sample 1\not fresh\20260424_173157.jpg,pork_shoulder_sample_1,shoulder,cross_rotation,all,meatlens,all,all,all,file_destination,E:\Thesis Code\processed_hsv_lab_threshold_roi_224\sample 1\not fresh\20260424_173157.jpg,False,researcher_home,old_phone,,not fresh,not fresh,0.0022505985,0.97723037,0.020519126,not fresh,0.97723037,spoiled,0.020519126,0.9977495,0.95671123,0,True,True,True,False,False,False,Likely Not Fresh,Consume Immediately / Manual inspection recommended,54.17792,Consume Immediately,1,1,True,False
20260625_160745.jpg,9,Pork Hind Leg,spoiled,24:00:00,E:\Thesis Code\processed_hsv_lab_threshold_roi_224\sample 9\spoiled\20260625_160745.jpg,pork_hind_leg_sample_9,hind_leg,cross_rotation,all,public_dataset_2,all,all,all,file_destination,E:\Thesis Code\processed_hsv_lab_threshold_roi_224\sample 9\spoiled\20260625_160745.jpg,False,public_dataset_2,public_dataset_2,,spoiled,spoiled,0.0014038911,0.00019751105,0.9983986,spoiled,0.9983986,fresh,0.0014038911,0.9998025,0.99699473,0,True,True,True,False,False,False,Likely Spoiled,Not Suitable,10.135239,Not Suitable,2,2,False,False
IMG_20260508_173123.jpg,5,Pork Ham,not fresh,13:20:48,E:\Thesis Code\processed_hsv_lab_threshold_roi_224\sample 5\not fresh\IMG_20260508_173123.jpg,pork_ham_sample_5,ham,cross_rotation,all,meatlens,all,all,all,file_destination,E:\Thesis Code\processed_hsv_lab_threshold_roi_224\sample 5\not fresh\IMG_20260508_173123.jpg,False,researcher_home,new_phone,,not fresh,not fresh,0.046004146,0.76899505,0.18500073,not fresh,0.76899505,spoiled,0.18500073,0.95399576,0.5839943,0,True,True,True,False,True,False,Borderline Spoiled / Advanced Not Fresh,Not Suitable / Manual inspection recommended,48.745148,Consume Immediately,1,1,True,False
20260703_102032.jpg,10,Pork Belly,fresh,04:00:00,E:\Thesis Code\processed_hsv_lab_threshold_roi_224\sample 10\fresh\20260703_102032.jpg,pork_belly_sample_10,belly,cross_rotation,all,public_dataset_2,all,all,all,file_destination,E:\Thesis Code\processed_hsv_lab_threshold_roi_224\sample 10\fresh\20260703_102032.jpg,False,public_dataset_2,public_dataset_2,,fresh,fresh,0.9530993,0.045595277,0.001305521,fresh,0.9530993,not fresh,0.045595277,0.9986946,0.907504,0,True,True,True,False,False,False,Likely Fresh,Good for Consumption,97.83073,Good for Consumption,0,0,True,False
20260424_083825.jpg,2,Pork Shoulder,spoiled,19:44:19,E:\Thesis Code\processed_hsv_lab_threshold_roi_224\sample 2\spoiled\20260424_083825.jpg,pork_shoulder_sample_2,shoulder,cross_rotation,all,meatlens,all,all,all,file_destination,E:\Thesis Code\processed_hsv_lab_threshold_roi_224\sample 2\spoiled\20260424_083825.jpg,False,partner_home,old_phone,,spoiled,spoiled,0.0007914154,0.0028292423,0.9963793,spoiled,0.9963793,not fresh,0.0028292423,0.99920857,0.99355006,0,True,True,True,False,False,False,Likely Spoiled,Not Suitable,10.198543,Not Suitable,2,2,True,False
08-11-2022 22-08-02_jpg.rf.MArp1xP2JmdMytYq5wYM.jpg,11,Various Pork Meat,not fresh,,E:\Thesis Code\processed_hsv_lab_threshold_roi_224\sample 11\half fresh\08-11-2022 22-08-02_jpg.rf.MArp1xP2JmdMytYq5wYM.jpg,various_pork_meat_sample_11,various,cross_rotation,all,public_dataset_2,all,all,all,file_destination,E:\Thesis Code\processed_hsv_lab_threshold_roi_224\sample 11\half fresh\08-11-2022 22-08-02_jpg.rf.MArp1xP2JmdMytYq5wYM.jpg,False,public_dataset_2,public_dataset_2,,not fresh,not fresh,0.26149482,0.52871233,0.20979284,not fresh,0.52871233,fresh,0.26149482,0.79020715,0.26721752,0,True,True,True,False,True,True,Borderline Fresh / Early Not Fresh,Consume Immediately / Check carefully,57.326588,Consume Immediately,1,1,True,False
HALF-FRESH-670-_JPG.rf.71fdc122e3109646c1783729ca8922e5.jpg,12,Various Pork Meat,not fresh,,E:\Thesis Code\processed_hsv_lab_threshold_roi_224\sample 12\not fresh\HALF-FRESH-670-_JPG.rf.71fdc122e3109646c1783729ca8922e5.jpg,various_pork_meat_sample_12,various,cross_rotation,all,public_dataset_2,all,all,all,file_destination,E:\Thesis Code\processed_hsv_lab_threshold_roi_224\sample 12\not fresh\HALF-FRESH-670-_JPG.rf.71fdc122e3109646c1783729ca8922e5.jpg,False,public_dataset_2,public_dataset_2,,not fresh,not fresh,0.12732932,0.8361365,0.036534116,not fresh,0.8361365,fresh,0.12732932,0.9634658,0.70880723,0,True,True,True,False,True,False,Borderline Fresh / Early Not Fresh,Consume Immediately / Check carefully,59.08578,Consume Immediately,1,1,True,False
20260424_155749.jpg,1,Pork Shoulder,not fresh,11:56:23,E:\Thesis Code\processed_hsv_lab_threshold_roi_224\sample 1\not fresh\20260424_155749.jpg,pork_shoulder_sample_1,shoulder,cross_rotation,all,meatlens,all,all,all,file_destination,E:\Thesis Code\processed_hsv_lab_threshold_roi_224\sample 1\not fresh\20260424_155749.jpg,False,researcher_home,old_phone,,not fresh,not fresh,0.00334614,0.98748636,0.009167491,not fresh,0.98748636,spoiled,0.009167491,0.99665385,0.97831887,0,True,True,True,False,False,False,Likely Not Fresh,Consume Immediately / Manual inspection recommended,54.738037,Consume Immediately,1,1,True,False
20260430_192313.jpg,4,Pork Belly,spoiled,34:11:27,E:\Thesis Code\processed_hsv_lab_threshold_roi_224\sample 4\spoiled\20260430_192313.jpg,pork_belly_sample_4,belly,cross_rotation,all,meatlens,all,all,all,file_destination,E:\Thesis Code\processed_hsv_lab_threshold_roi_224\sample 4\spoiled\20260430_192313.jpg,False,partner_home,old_phone,,spoiled,spoiled,0.0028903626,0.016382253,0.98072743,spoiled,0.98072743,not fresh,0.016382253,0.9971097,0.96434516,0,True,True,True,False,False,False,Likely Spoiled,Not Suitable,10.9973345,Not Suitable,2,2,True,False
20260501_020958.jpg,3,Pork Belly,spoiled,35:29:51,E:\Thesis Code\processed_hsv_lab_threshold_roi_224\sample 3\spoiled\20260501_020958.jpg,pork_belly_sample_3,belly,cross_rotation,all,meatlens,all,all,all,file_destination,E:\Thesis Code\processed_hsv_lab_threshold_roi_224\sample 3\spoiled\20260501_020958.jpg,False,researcher_home,old_phone,,spoiled,spoiled,1.946847e-05,0.0028719783,0.9971085,spoiled,0.9971085,not fresh,0.0028719783,0.9999805,0.9942365,0,True,True,True,False,False,False,Likely Spoiled,Not Suitable,10.130991,Not Suitable,2,2,True,False
20260425_105318.jpg,1,Pork Shoulder,spoiled,30:57:17,E:\Thesis Code\processed_hsv_lab_threshold_roi_224\sample 1\spoiled\20260425_105318.jpg,pork_shoulder_sample_1,shoulder,cross_rotation,all,meatlens,all,all,all,file_destination,E:\Thesis Code\processed_hsv_lab_threshold_roi_224\sample 1\spoiled\20260425_105318.jpg,False,researcher_home,old_phone,,spoiled,spoiled,2.6231012e-06,0.0070261075,0.99297124,spoiled,0.99297124,not fresh,0.0070261075,0.9999974,0.9859451,0,True,True,True,False,False,False,Likely Spoiled,Not Suitable,10.316411,Not Suitable,2,2,True,False
20260624_131925.jpg,9,Pork Hind Leg,not fresh,12:00:00,E:\Thesis Code\processed_hsv_lab_threshold_roi_224\sample 9\not fresh\20260624_131925.jpg,pork_hind_leg_sample_9,hind_leg,cross_rotation,all,public_dataset_2,all,all,all,file_destination,E:\Thesis Code\processed_hsv_lab_threshold_roi_224\sample 9\not fresh\20260624_131925.jpg,False,public_dataset_2,public_dataset_2,,not fresh,not fresh,0.4542209,0.47956672,0.06621228,not fresh,0.47956672,fresh,0.4542209,0.9337876,0.025345832,0,True,True,True,False,True,True,Borderline Fresh / Early Not Fresh,Consume Immediately / Check carefully,72.46038,Good for Consumption,1,1,True,False
20260703_101755.jpg,10,Pork Belly,fresh,04:00:00,E:\Thesis Code\processed_hsv_lab_threshold_roi_224\sample 10\fresh\20260703_101755.jpg,pork_belly_sample_10,belly,cross_rotation,all,public_dataset_2,all,all,all,file_destination,E:\Thesis Code\processed_hsv_lab_threshold_roi_224\sample 10\fresh\20260703_101755.jpg,False,public_dataset_2,public_dataset_2,,fresh,fresh,0.7149223,0.28210783,0.0029698492,fresh,0.7149223,not fresh,0.28210783,0.99703014,0.43281448,0,True,True,True,False,True,False,Borderline Fresh / Early Not Fresh,Consume Immediately / Check carefully,87.03786,Good for Consumption,0,0,True,False
20260430_112656.jpg,4,Pork Belly,spoiled,24:03:37,E:\Thesis Code\processed_hsv_lab_threshold_roi_224\sample 4\spoiled\20260430_112656.jpg,pork_belly_sample_4,belly,cross_rotation,all,meatlens,all,all,all,file_destination,E:\Thesis Code\processed_hsv_lab_threshold_roi_224\sample 4\spoiled\20260430_112656.jpg,False,partner_home,old_phone,,spoiled,spoiled,0.0006854008,0.010322141,0.98899245,spoiled,0.98899245,not fresh,0.010322141,0.9993146,0.9786703,0,True,True,True,False,False,False,Likely Spoiled,Not Suitable,10.526182,Not Suitable,2,2,True,False
20260424_194858.jpg,1,Pork Shoulder,not fresh,15:47:56,E:\Thesis Code\processed_hsv_lab_threshold_roi_224\sample 1\not fresh\20260424_194858.jpg,pork_shoulder_sample_1,shoulder,cross_rotation,all,meatlens,all,all,all,file_destination,E:\Thesis Code\processed_hsv_lab_threshold_roi_224\sample 1\not fresh\20260424_194858.jpg,False,researcher_home,old_phone,,not fresh,not fresh,0.0033264982,0.8978103,0.09886312,not fresh,0.8978103,spoiled,0.09886312,0.9966734,0.79894716,0,True,True,True,False,True,False,Borderline Spoiled / Advanced Not Fresh,Not Suitable / Manual inspection recommended,50.700848,Consume Immediately,1,1,True,False
20260516_230544.jpg,8,Pork Loin,spoiled,20:08:27,E:\Thesis Code\processed_hsv_lab_threshold_roi_224\sample 8\spoiled\20260516_230544.jpg,pork_loin_sample_8,loin,cross_rotation,all,meatlens,all,all,all,file_destination,E:\Thesis Code\processed_hsv_lab_threshold_roi_224\sample 8\spoiled\20260516_230544.jpg,False,partner_home,new_phone,,spoiled,spoiled,0.0053986395,0.3657094,0.6288919,spoiled,0.6288919,not fresh,0.3657094,0.99460125,0.2631825,0,True,True,True,False,True,False,Borderline Spoiled / Advanced Not Fresh,Not Suitable / Manual inspection recommended,26.942799,Not Suitable,2,2,True,False
20260703_124938.jpg,10,Pork Belly,not fresh,12:00:00,E:\Thesis Code\processed_hsv_lab_threshold_roi_224\sample 10\not fresh\20260703_124938.jpg,pork_belly_sample_10,belly,cross_rotation,all,public_dataset_2,all,all,all,file_destination,E:\Thesis Code\processed_hsv_lab_threshold_roi_224\sample 10\not fresh\20260703_124938.jpg,False,public_dataset_2,public_dataset_2,,not fresh,not fresh,0.3181051,0.6749084,0.00698653,not fresh,0.6749084,fresh,0.3181051,0.9930135,0.3568033,0,True,True,True,False,True,False,Borderline Fresh / Early Not Fresh,Consume Immediately / Check carefully,69.000336,Consume Immediately,1,1,True,False
20260424_154834.jpg,2,Pork Shoulder,spoiled,36:37:23,E:\Thesis Code\processed_hsv_lab_threshold_roi_224\sample 2\spoiled\20260424_154834.jpg,pork_shoulder_sample_2,shoulder,cross_rotation,all,meatlens,all,all,all,file_destination,E:\Thesis Code\processed_hsv_lab_threshold_roi_224\sample 2\spoiled\20260424_154834.jpg,False,partner_home,old_phone,,spoiled,spoiled,8.2664264e-05,1.7562646e-05,0.99989974,spoiled,0.99989974,fresh,8.2664264e-05,0.9999824,0.9998171,0,True,True,True,False,False,False,Likely Spoiled,Not Suitable,10.00823,Not Suitable,2,2,False,False
20260516_104526.jpg,8,Pork Loin,fresh,06:26:14,E:\Thesis Code\processed_hsv_lab_threshold_roi_224\sample 8\fresh\20260516_104526.jpg,pork_loin_sample_8,loin,cross_rotation,all,meatlens,all,all,all,file_destination,E:\Thesis Code\processed_hsv_lab_threshold_roi_224\sample 8\fresh\20260516_104526.jpg,False,partner_home,new_phone,,fresh,fresh,0.8130083,0.18611617,0.0008755864,fresh,0.8130083,not fresh,0.18611617,0.99912447,0.62689215,0,True,True,True,False,True,False,Borderline Fresh / Early Not Fresh,Consume Immediately / Check carefully,91.545975,Good for Consumption,0,0,True,False
20260429_213428.jpg,3,Pork Belly,spoiled,17:00:18,E:\Thesis Code\processed_hsv_lab_threshold_roi_224\sample 3\spoiled\20260429_213428.jpg,pork_belly_sample_3,belly,cross_rotation,all,meatlens,all,all,all,file_destination,E:\Thesis Code\processed_hsv_lab_threshold_roi_224\sample 3\spoiled\20260429_213428.jpg,False,researcher_home,old_phone,,spoiled,spoiled,0.0014872705,0.3078361,0.6906766,spoiled,0.6906766,not fresh,0.3078361,0.99851274,0.38284054,0,True,True,True,False,True,False,Borderline Spoiled / Advanced Not Fresh,Not Suitable / Manual inspection recommended,23.986479,Not Suitable,2,2,True,False
20260703_104713.jpg,10,Pork Belly,fresh,04:00:00,E:\Thesis Code\processed_hsv_lab_threshold_roi_224\sample 10\fresh\20260703_104713.jpg,pork_belly_sample_10,belly,cross_rotation,all,public_dataset_2,all,all,all,file_destination,E:\Thesis Code\processed_hsv_lab_threshold_roi_224\sample 10\fresh\20260703_104713.jpg,False,public_dataset_2,public_dataset_2,,fresh,fresh,0.57095236,0.42641214,0.0026354988,fresh,0.57095236,not fresh,0.42641214,0.9973645,0.14454022,0,True,True,True,False,True,True,Borderline Fresh / Early Not Fresh,Consume Immediately / Check carefully,80.57426,Good for Consumption,0,0,True,False
IMG_20260518_101249.jpg,7,Pork Loin,spoiled,27:03:55,E:\Thesis Code\processed_hsv_lab_threshold_roi_224\sample 7\spoiled\IMG_20260518_101249.jpg,pork_loin_sample_7,loin,cross_rotation,all,meatlens,all,all,all,file_destination,E:\Thesis Code\processed_hsv_lab_threshold_roi_224\sample 7\spoiled\IMG_20260518_101249.jpg,False,researcher_home,new_phone,,spoiled,spoiled,0.0011225344,0.0035381734,0.9953393,spoiled,0.9953393,not fresh,0.0035381734,0.99887747,0.9918011,0,True,True,True,False,False,False,Likely Spoiled,Not Suitable,10.260245,Not Suitable,2,2,True,False
IMG20260423061521.jpg,2,Pork Shoulder,fresh,00:00:00,E:\Thesis Code\processed_hsv_lab_threshold_roi_224\sample 2\fresh\IMG20260423061521.jpg,pork_shoulder_sample_2,shoulder,cross_rotation,all,meatlens,all,all,all,file_destination,E:\Thesis Code\processed_hsv_lab_threshold_roi_224\sample 2\fresh\IMG20260423061521.jpg,False,partner_home,old_phone,,fresh,fresh,0.9895173,0.006399537,0.004083123,fresh,0.9895173,not fresh,0.006399537,0.9959168,0.98311776,0,True,True,True,False,False,False,Likely Fresh,Good for Consumption,99.344536,Good for Consumption,0,0,True,False
IMG20260508105236.jpg,6,Pork Ham,fresh,06:49:27,E:\Thesis Code\processed_hsv_lab_threshold_roi_224\sample 6\fresh\IMG20260508105236.jpg,pork_ham_sample_6,ham,cross_rotation,all,meatlens,all,all,all,file_destination,E:\Thesis Code\processed_hsv_lab_threshold_roi_224\sample 6\fresh\IMG20260508105236.jpg,False,partner_home,new_phone,,fresh,fresh,0.7110471,0.28142172,0.0075312285,fresh,0.7110471,not fresh,0.28142172,0.99246883,0.4296254,0,True,True,True,False,True,False,Borderline Fresh / Early Not Fresh,Consume Immediately / Check carefully,86.65822,Good for Consumption,0,0,True,False
20260429_075254.jpg,4,Pork Belly,fresh,04:59:36,E:\Thesis Code\processed_hsv_lab_threshold_roi_224\sample 4\fresh\20260429_075254.jpg,pork_belly_sample_4,belly,cross_rotation,all,meatlens,all,all,all,file_destination,E:\Thesis Code\processed_hsv_lab_threshold_roi_224\sample 4\fresh\20260429_075254.jpg,False,partner_home,old_phone,,fresh,fresh,0.9899301,0.0072282827,0.002841627,fresh,0.9899301,not fresh,0.0072282827,0.99715835,0.98270184,0,True,True,True,False,False,False,Likely Fresh,Good for Consumption,99.41898,Good for Consumption,0,0,True,False
20260516_083835.jpg,8,Pork Loin,fresh,03:28:57,E:\Thesis Code\processed_hsv_lab_threshold_roi_224\sample 8\fresh\20260516_083835.jpg,pork_loin_sample_8,loin,cross_rotation,all,meatlens,all,all,all,file_destination,E:\Thesis Code\processed_hsv_lab_threshold_roi_224\sample 8\fresh\20260516_083835.jpg,False,partner_home,new_phone,,fresh,fresh,0.9907284,0.008949954,0.00032174797,fresh,0.9907284,not fresh,0.008949954,0.9996783,0.98177844,0,True,True,True,False,False,False,Likely Fresh,Good for Consumption,99.568306,Good for Consumption,0,0,True,False
20260429_115347.jpg,3,Pork Belly,fresh,02:44:06,E:\Thesis Code\processed_hsv_lab_threshold_roi_224\sample 3\fresh\20260429_115347.jpg,pork_belly_sample_3,belly,cross_rotation,all,meatlens,all,all,all,file_destination,E:\Thesis Code\processed_hsv_lab_threshold_roi_224\sample 3\fresh\20260429_115347.jpg,False,researcher_home,old_phone,,fresh,fresh,0.5277858,0.45759618,0.01461809,fresh,0.5277858,not fresh,0.45759618,0.98538196,0.070189595,0,True,True,True,False,True,True,Borderline Fresh / Early Not Fresh,Consume Immediately / Check carefully,78.09255,Good for Consumption,0,0,True,False
HALF-FRESH-762-_JPG.rf.9d6f149d5327c8979a61c40869438e53.jpg,12,Various Pork Meat,not fresh,,E:\Thesis Code\processed_hsv_lab_threshold_roi_224\sample 12\not fresh\HALF-FRESH-762-_JPG.rf.9d6f149d5327c8979a61c40869438e53.jpg,various_pork_meat_sample_12,various,cross_rotation,all,public_dataset_2,all,all,all,file_destination,E:\Thesis Code\processed_hsv_lab_threshold_roi_224\sample 12\not fresh\HALF-FRESH-762-_JPG.rf.9d6f149d5327c8979a61c40869438e53.jpg,False,public_dataset_2,public_dataset_2,,not fresh,not fresh,0.09424465,0.8603423,0.045413017,not fresh,0.8603423,fresh,0.09424465,0.954587,0.76609766,0,True,True,True,False,True,False,Borderline Fresh / Early Not Fresh,Consume Immediately / Check carefully,57.197422,Consume Immediately,1,1,True,False
FRESH-366-_JPG.rf.d40af88714e4b6a2810536291b4187a0.jpg,12,Various Pork Meat,fresh,,E:\Thesis Code\processed_hsv_lab_threshold_roi_224\sample 12\fresh\FRESH-366-_JPG.rf.d40af88714e4b6a2810536291b4187a0.jpg,various_pork_meat_sample_12,various,cross_rotation,all,public_dataset_2,all,all,all,file_destination,E:\Thesis Code\processed_hsv_lab_threshold_roi_224\sample 12\fresh\FRESH-366-_JPG.rf.d40af88714e4b6a2810536291b4187a0.jpg,False,public_dataset_2,public_dataset_2,,fresh,fresh,0.7706283,0.22406584,0.005305798,fresh,0.7706283,not fresh,0.22406584,0.9946941,0.54656243,0,True,True,True,False,True,False,Borderline Fresh / Early Not Fresh,Consume Immediately / Check carefully,89.43951,Good for Consumption,0,0,True,False
IMG_20260508_191724.jpg,5,Pork Ham,not fresh,15:06:56,E:\Thesis Code\processed_hsv_lab_threshold_roi_224\sample 5\not fresh\IMG_20260508_191724.jpg,pork_ham_sample_5,ham,cross_rotation,all,meatlens,all,all,all,file_destination,E:\Thesis Code\processed_hsv_lab_threshold_roi_224\sample 5\not fresh\IMG_20260508_191724.jpg,False,researcher_home,new_phone,,not fresh,not fresh,0.031662475,0.65437526,0.3139622,not fresh,0.65437526,spoiled,0.3139622,0.9683374,0.34041306,0,True,True,True,False,True,False,Borderline Spoiled / Advanced Not Fresh,Not Suitable / Manual inspection recommended,42.29651,Consume Immediately,1,1,True,False
20260424_163856.jpg,1,Pork Shoulder,not fresh,12:37:23,E:\Thesis Code\processed_hsv_lab_threshold_roi_224\sample 1\not fresh\20260424_163856.jpg,pork_shoulder_sample_1,shoulder,cross_rotation,all,meatlens,all,all,all,file_destination,E:\Thesis Code\processed_hsv_lab_threshold_roi_224\sample 1\not fresh\20260424_163856.jpg,False,researcher_home,old_phone,,not fresh,not fresh,0.0025104492,0.990615,0.006874517,not fresh,0.990615,spoiled,0.006874517,0.9974895,0.9837405,0,True,True,True,False,False,False,Likely Not Fresh,Consume Immediately / Manual inspection recommended,54.803616,Consume Immediately,1,1,True,False
20260703_090404.jpg,10,Pork Belly,fresh,04:00:00,E:\Thesis Code\processed_hsv_lab_threshold_roi_224\sample 10\fresh\20260703_090404.jpg,pork_belly_sample_10,belly,cross_rotation,all,public_dataset_2,all,all,all,file_destination,E:\Thesis Code\processed_hsv_lab_threshold_roi_224\sample 10\fresh\20260703_090404.jpg,False,public_dataset_2,public_dataset_2,,fresh,fresh,0.9312306,0.067233555,0.0015358557,fresh,0.9312306,not fresh,0.067233555,0.99846417,0.86399704,0,True,True,True,False,False,False,Likely Fresh,Good for Consumption,96.836266,Good for Consumption,0,0,True,False
FRESH-667-_JPG.rf.95587747bc73fe2943e5c289c290d648.jpg,12,Various Pork Meat,fresh,,E:\Thesis Code\processed_hsv_lab_threshold_roi_224\sample 12\fresh\FRESH-667-_JPG.rf.95587747bc73fe2943e5c289c290d648.jpg,various_pork_meat_sample_12,various,cross_rotation,all,public_dataset_2,all,all,all,file_destination,E:\Thesis Code\processed_hsv_lab_threshold_roi_224\sample 12\fresh\FRESH-667-_JPG.rf.95587747bc73fe2943e5c289c290d648.jpg,False,public_dataset_2,public_dataset_2,,fresh,fresh,0.9381988,0.057635035,0.004166266,fresh,0.9381988,not fresh,0.057635035,0.9958338,0.8805638,0,True,True,True,False,False,False,Likely Fresh,Good for Consumption,97.03147,Good for Consumption,0,0,True,False
20260624_083108.jpg,9,Pork Hind Leg,fresh,04:00:00,E:\Thesis Code\processed_hsv_lab_threshold_roi_224\sample 9\fresh\20260624_083108.jpg,pork_hind_leg_sample_9,hind_leg,cross_rotation,all,public_dataset_2,all,all,all,file_destination,E:\Thesis Code\processed_hsv_lab_threshold_roi_224\sample 9\fresh\20260624_083108.jpg,False,public_dataset_2,public_dataset_2,,fresh,fresh,0.8908413,0.102828465,0.006330229,fresh,0.8908413,not fresh,0.102828465,0.99366975,0.78801286,0,True,True,True,False,True,False,Borderline Fresh / Early Not Fresh,Consume Immediately / Check carefully,94.803,Good for Consumption,0,0,True,False
20260704_084427.jpg,10,Pork Belly,spoiled,24:00:00,E:\Thesis Code\processed_hsv_lab_threshold_roi_224\sample 10\spoiled\20260704_084427.jpg,pork_belly_sample_10,belly,cross_rotation,all,public_dataset_2,all,all,all,file_destination,E:\Thesis Code\processed_hsv_lab_threshold_roi_224\sample 10\spoiled\20260704_084427.jpg,False,public_dataset_2,public_dataset_2,,spoiled,spoiled,0.0072281705,0.010595375,0.9821765,spoiled,0.9821765,not fresh,0.010595375,0.99277186,0.9715811,0,True,True,True,False,False,False,Likely Spoiled,Not Suitable,11.127328,Not Suitable,2,2,True,False
20260430_090503.jpg,4,Pork Belly,spoiled,21:02:43,E:\Thesis Code\processed_hsv_lab_threshold_roi_224\sample 4\spoiled\20260430_090503.jpg,pork_belly_sample_4,belly,cross_rotation,all,meatlens,all,all,all,file_destination,E:\Thesis Code\processed_hsv_lab_threshold_roi_224\sample 4\spoiled\20260430_090503.jpg,False,partner_home,old_phone,,spoiled,spoiled,0.003580929,0.0104840165,0.9859351,spoiled,0.9859351,not fresh,0.0104840165,0.99641913,0.97545105,0,True,True,True,False,False,False,Likely Spoiled,Not Suitable,10.7940645,Not Suitable,2,2,True,False
IMG_20260517_192034.jpg,7,Pork Loin,not fresh,13:24:07,E:\Thesis Code\processed_hsv_lab_threshold_roi_224\sample 7\not fresh\IMG_20260517_192034.jpg,pork_loin_sample_7,loin,cross_rotation,all,meatlens,all,all,all,file_destination,E:\Thesis Code\processed_hsv_lab_threshold_roi_224\sample 7\not fresh\IMG_20260517_192034.jpg,False,researcher_home,new_phone,,not fresh,not fresh,0.0052918345,0.7806855,0.21402265,not fresh,0.7806855,spoiled,0.21402265,0.9947081,0.56666285,0,True,True,True,False,True,False,Borderline Spoiled / Advanced Not Fresh,Not Suitable / Manual inspection recommended,45.607113,Consume Immediately,1,1,True,False
20260703_132834.jpg,10,Pork Belly,not fresh,12:00:00,E:\Thesis Code\processed_hsv_lab_threshold_roi_224\sample 10\not fresh\20260703_132834.jpg,pork_belly_sample_10,belly,cross_rotation,all,public_dataset_2,all,all,all,file_destination,E:\Thesis Code\processed_hsv_lab_threshold_roi_224\sample 10\not fresh\20260703_132834.jpg,False,public_dataset_2,public_dataset_2,,not fresh,not fresh,0.09282194,0.8900531,0.017124936,not fresh,0.8900531,fresh,0.09282194,0.98287505,0.79723114,0,True,True,True,False,True,False,Borderline Fresh / Early Not Fresh,Consume Immediately / Check carefully,58.406364,Consume Immediately,1,1,True,False
20260424_204859.jpg,1,Pork Shoulder,spoiled,16:48:14,E:\Thesis Code\processed_hsv_lab_threshold_roi_224\sample 1\spoiled\20260424_204859.jpg,pork_shoulder_sample_1,shoulder,cross_rotation,all,meatlens,all,all,all,file_destination,E:\Thesis Code\processed_hsv_lab_threshold_roi_224\sample 1\spoiled\20260424_204859.jpg,False,researcher_home,old_phone,,spoiled,not fresh,0.0013180521,0.7632355,0.23544636,not fresh,0.7632355,spoiled,0.23544636,0.9986819,0.5277891,1,False,True,True,False,True,False,Borderline Spoiled / Advanced Not Fresh,Not Suitable / Manual inspection recommended,44.464222,Consume Immediately,1,2,True,False
20260424_103642.jpg,1,Pork Shoulder,fresh,05:52:10,E:\Thesis Code\processed_hsv_lab_threshold_roi_224\sample 1\fresh\20260424_103642.jpg,pork_shoulder_sample_1,shoulder,cross_rotation,all,meatlens,all,all,all,file_destination,E:\Thesis Code\processed_hsv_lab_threshold_roi_224\sample 1\fresh\20260424_103642.jpg,False,researcher_home,old_phone,,fresh,fresh,0.983342,0.016437534,0.00022044026,fresh,0.983342,not fresh,0.016437534,0.9997795,0.96690446,0,True,True,True,False,False,False,Likely Fresh,Good for Consumption,99.24047,Good for Consumption,0,0,True,False
20260426_035346.jpg,1,Pork Shoulder,spoiled,47:50:21,E:\Thesis Code\processed_hsv_lab_threshold_roi_224\sample 1\spoiled\20260426_035346.jpg,pork_shoulder_sample_1,shoulder,cross_rotation,all,meatlens,all,all,all,file_destination,E:\Thesis Code\processed_hsv_lab_threshold_roi_224\sample 1\spoiled\20260426_035346.jpg,False,researcher_home,old_phone,,spoiled,spoiled,2.5991426e-06,0.0028549791,0.9971424,spoiled,0.9971424,not fresh,0.0028549791,0.9999974,0.9942874,0,True,True,True,False,False,False,Likely Spoiled,Not Suitable,10.128708,Not Suitable,2,2,True,False
20260429_184626.jpg,3,Pork Belly,not fresh,14:42:49,E:\Thesis Code\processed_hsv_lab_threshold_roi_224\sample 3\not fresh\20260429_184626.jpg,pork_belly_sample_3,belly,cross_rotation,all,meatlens,all,all,all,file_destination,E:\Thesis Code\processed_hsv_lab_threshold_roi_224\sample 3\not fresh\20260429_184626.jpg,False,researcher_home,old_phone,,not fresh,not fresh,0.011351629,0.82080376,0.16784453,not fresh,0.82080376,spoiled,0.16784453,0.9886483,0.6529592,0,True,True,True,False,True,False,Borderline Spoiled / Advanced Not Fresh,Not Suitable / Manual inspection recommended,47.957813,Consume Immediately,1,1,True,False
20260430_081535.jpg,3,Pork Belly,spoiled,24:08:27,E:\Thesis Code\processed_hsv_lab_threshold_roi_224\sample 3\spoiled\20260430_081535.jpg,pork_belly_sample_3,belly,cross_rotation,all,meatlens,all,all,all,file_destination,E:\Thesis Code\processed_hsv_lab_threshold_roi_224\sample 3\spoiled\20260430_081535.jpg,False,researcher_home,old_phone,,spoiled,spoiled,0.006968175,0.0033675549,0.98966426,spoiled,0.98966426,fresh,0.006968175,0.99663246,0.98269606,0,True,True,True,False,False,False,Likely Spoiled,Not Suitable,10.778676,Not Suitable,2,2,False,False
20260624_085141.jpg,9,Pork Hind Leg,fresh,04:00:00,E:\Thesis Code\processed_hsv_lab_threshold_roi_224\sample 9\fresh\20260624_085141.jpg,pork_hind_leg_sample_9,hind_leg,cross_rotation,all,public_dataset_2,all,all,all,file_destination,E:\Thesis Code\processed_hsv_lab_threshold_roi_224\sample 9\fresh\20260624_085141.jpg,False,public_dataset_2,public_dataset_2,,fresh,fresh,0.6622706,0.2969656,0.04076381,fresh,0.6622706,not fresh,0.2969656,0.9592362,0.365305,0,True,True,True,False,True,False,Borderline Fresh / Early Not Fresh,Consume Immediately / Check carefully,82.967804,Good for Consumption,0,0,True,False
IMG_20260518_030247.jpg,7,Pork Loin,spoiled,20:16:17,E:\Thesis Code\processed_hsv_lab_threshold_roi_224\sample 7\spoiled\IMG_20260518_030247.jpg,pork_loin_sample_7,loin,cross_rotation,all,meatlens,all,all,all,file_destination,E:\Thesis Code\processed_hsv_lab_threshold_roi_224\sample 7\spoiled\IMG_20260518_030247.jpg,False,researcher_home,new_phone,,spoiled,not fresh,0.018939635,0.9480693,0.032991007,not fresh,0.9480693,spoiled,0.032991007,0.98106027,0.9150783,1,False,True,True,False,False,False,Likely Not Fresh,Consume Immediately / Manual inspection recommended,54.367683,Consume Immediately,1,2,True,False
20260625_181521.jpg,9,Pork Hind Leg,spoiled,24:00:00,E:\Thesis Code\processed_hsv_lab_threshold_roi_224\sample 9\spoiled\20260625_181521.jpg,pork_hind_leg_sample_9,hind_leg,cross_rotation,all,public_dataset_2,all,all,all,file_destination,E:\Thesis Code\processed_hsv_lab_threshold_roi_224\sample 9\spoiled\20260625_181521.jpg,False,public_dataset_2,public_dataset_2,,spoiled,spoiled,0.0058973287,0.007602964,0.9864997,spoiled,0.9864997,not fresh,0.007602964,0.9941027,0.97889674,0,True,True,True,False,False,False,Likely Spoiled,Not Suitable,10.872893,Not Suitable,2,2,True,False
20260424_143246.jpg,1,Pork Shoulder,not fresh,10:31:58,E:\Thesis Code\processed_hsv_lab_threshold_roi_224\sample 1\not fresh\20260424_143246.jpg,pork_shoulder_sample_1,shoulder,cross_rotation,all,meatlens,all,all,all,file_destination,E:\Thesis Code\processed_hsv_lab_threshold_roi_224\sample 1\not fresh\20260424_143246.jpg,False,researcher_home,old_phone,,not fresh,not fresh,0.010933878,0.97287387,0.01619227,not fresh,0.97287387,spoiled,0.01619227,0.9890661,0.9566816,0,True,True,True,False,False,False,Likely Not Fresh,Consume Immediately / Manual inspection recommended,54.763374,Consume Immediately,1,1,True,False
20260423_111953.jpg,2,Pork Shoulder,not fresh,07:12:22,E:\Thesis Code\processed_hsv_lab_threshold_roi_224\sample 2\not fresh\20260423_111953.jpg,pork_shoulder_sample_2,shoulder,cross_rotation,all,meatlens,all,all,all,file_destination,E:\Thesis Code\processed_hsv_lab_threshold_roi_224\sample 2\not fresh\20260423_111953.jpg,False,partner_home,old_phone,,not fresh,not fresh,0.026307652,0.94782,0.02587237,not fresh,0.94782,fresh,0.026307652,0.97412765,0.92151237,0,True,True,True,False,False,False,Likely Not Fresh,Consume Immediately / Manual inspection recommended,55.01959,Consume Immediately,1,1,True,False
FRESH-838-_JPG.rf.261bd553b7ca2e7f4df2bdf9ce469354.jpg,12,Various Pork Meat,fresh,,E:\Thesis Code\processed_hsv_lab_threshold_roi_224\sample 12\fresh\FRESH-838-_JPG.rf.261bd553b7ca2e7f4df2bdf9ce469354.jpg,various_pork_meat_sample_12,various,cross_rotation,all,public_dataset_2,all,all,all,file_destination,E:\Thesis Code\processed_hsv_lab_threshold_roi_224\sample 12\fresh\FRESH-838-_JPG.rf.261bd553b7ca2e7f4df2bdf9ce469354.jpg,False,public_dataset_2,public_dataset_2,,fresh,fresh,0.6297855,0.35992303,0.010291433,fresh,0.6297855,not fresh,0.35992303,0.98970854,0.26986244,0,True,True,True,False,True,False,Borderline Fresh / Early Not Fresh,Consume Immediately / Check carefully,82.87723,Good for Consumption,0,0,True,False
20260517_170419.jpg,8,Pork Loin,spoiled,35:49:09,E:\Thesis Code\processed_hsv_lab_threshold_roi_224\sample 8\spoiled\20260517_170419.jpg,pork_loin_sample_8,loin,cross_rotation,all,meatlens,all,all,all,file_destination,E:\Thesis Code\processed_hsv_lab_threshold_roi_224\sample 8\spoiled\20260517_170419.jpg,False,partner_home,new_phone,,spoiled,spoiled,6.091805e-05,0.0059451894,0.9939939,spoiled,0.9939939,not fresh,0.0059451894,0.9999391,0.9880487,0,True,True,True,False,False,False,Likely Spoiled,Not Suitable,10.273016,Not Suitable,2,2,True,False
20260430_085401.jpg,4,Pork Belly,spoiled,20:48:14,E:\Thesis Code\processed_hsv_lab_threshold_roi_224\sample 4\spoiled\20260430_085401.jpg,pork_belly_sample_4,belly,cross_rotation,all,meatlens,all,all,all,file_destination,E:\Thesis Code\processed_hsv_lab_threshold_roi_224\sample 4\spoiled\20260430_085401.jpg,False,partner_home,old_phone,,spoiled,spoiled,0.0028594374,0.008106517,0.98903406,spoiled,0.98903406,not fresh,0.008106517,0.9971406,0.9809275,0,True,True,True,False,False,False,Likely Spoiled,Not Suitable,10.622143,Not Suitable,2,2,True,False
20260423_173258.jpg,2,Pork Shoulder,spoiled,13:32:52,E:\Thesis Code\processed_hsv_lab_threshold_roi_224\sample 2\spoiled\20260423_173258.jpg,pork_shoulder_sample_2,shoulder,cross_rotation,all,meatlens,all,all,all,file_destination,E:\Thesis Code\processed_hsv_lab_threshold_roi_224\sample 2\spoiled\20260423_173258.jpg,False,partner_home,old_phone,,spoiled,spoiled,0.017247237,0.2220335,0.76071924,spoiled,0.76071924,not fresh,0.2220335,0.98275274,0.53868574,0,True,True,True,False,True,False,Borderline Spoiled / Advanced Not Fresh,Not Suitable / Manual inspection recommended,21.543758,Not Suitable,2,2,True,False
20260424_132346.jpg,1,Pork Shoulder,not fresh,09:22:01,E:\Thesis Code\processed_hsv_lab_threshold_roi_224\sample 1\not fresh\20260424_132346.jpg,pork_shoulder_sample_1,shoulder,cross_rotation,all,meatlens,all,all,all,file_destination,E:\Thesis Code\processed_hsv_lab_threshold_roi_224\sample 1\not fresh\20260424_132346.jpg,False,researcher_home,old_phone,,not fresh,not fresh,0.011476891,0.98030555,0.008217626,not fresh,0.98030555,fresh,0.011476891,0.9917824,0.9688287,0,True,True,True,False,False,False,Likely Not Fresh,Consume Immediately / Manual inspection recommended,55.14667,Consume Immediately,1,1,True,False
IMG_20260509_030126.jpg,5,Pork Ham,spoiled,19:26:14,E:\Thesis Code\processed_hsv_lab_threshold_roi_224\sample 5\spoiled\IMG_20260509_030126.jpg,pork_ham_sample_5,ham,cross_rotation,all,meatlens,all,all,all,file_destination,E:\Thesis Code\processed_hsv_lab_threshold_roi_224\sample 5\spoiled\IMG_20260509_030126.jpg,False,researcher_home,new_phone,,spoiled,spoiled,0.0013615028,0.021744423,0.9768941,spoiled,0.9768941,not fresh,0.021744423,0.9986385,0.95514965,0,True,True,True,False,False,False,Likely Spoiled,Not Suitable,11.101034,Not Suitable,2,2,True,False
20260429_164123.jpg,4,Pork Belly,not fresh,09:55:11,E:\Thesis Code\processed_hsv_lab_threshold_roi_224\sample 4\not fresh\20260429_164123.jpg,pork_belly_sample_4,belly,cross_rotation,all,meatlens,all,all,all,file_destination,E:\Thesis Code\processed_hsv_lab_threshold_roi_224\sample 4\not fresh\20260429_164123.jpg,False,partner_home,old_phone,,not fresh,not fresh,0.00030188393,0.9889499,0.010748158,not fresh,0.9889499,spoiled,0.010748158,0.99969804,0.97820175,0,True,True,True,False,False,False,Likely Not Fresh,Consume Immediately / Manual inspection recommended,54.529915,Consume Immediately,1,1,True,False
20260516_111631.jpg,8,Pork Loin,not fresh,07:19:00,E:\Thesis Code\processed_hsv_lab_threshold_roi_224\sample 8\not fresh\20260516_111631.jpg,pork_loin_sample_8,loin,cross_rotation,all,meatlens,all,all,all,file_destination,E:\Thesis Code\processed_hsv_lab_threshold_roi_224\sample 8\not fresh\20260516_111631.jpg,False,partner_home,new_phone,,not fresh,fresh,0.6132052,0.3846987,0.0020960283,fresh,0.6132052,not fresh,0.3846987,0.9979039,0.2285065,1,False,True,True,False,True,False,Borderline Fresh / Early Not Fresh,Consume Immediately / Check carefully,82.49991,Good for Consumption,0,1,True,False
IMG20260508160556.jpg,6,Pork Ham,not fresh,12:06:02,E:\Thesis Code\processed_hsv_lab_threshold_roi_224\sample 6\not fresh\IMG20260508160556.jpg,pork_ham_sample_6,ham,cross_rotation,all,meatlens,all,all,all,file_destination,E:\Thesis Code\processed_hsv_lab_threshold_roi_224\sample 6\not fresh\IMG20260508160556.jpg,False,partner_home,new_phone,,not fresh,not fresh,0.009079253,0.922312,0.06860863,not fresh,0.922312,spoiled,0.06860863,0.99092066,0.8537034,0,True,True,True,False,False,False,Likely Not Fresh,Consume Immediately / Manual inspection recommended,52.321175,Consume Immediately,1,1,True,False
20260516_214201.jpg,8,Pork Loin,spoiled,18:26:32,E:\Thesis Code\processed_hsv_lab_threshold_roi_224\sample 8\spoiled\20260516_214201.jpg,pork_loin_sample_8,loin,cross_rotation,all,meatlens,all,all,all,file_destination,E:\Thesis Code\processed_hsv_lab_threshold_roi_224\sample 8\spoiled\20260516_214201.jpg,False,partner_home,new_phone,,spoiled,spoiled,0.0025191524,0.35188684,0.64559406,spoiled,0.64559406,not fresh,0.35188684,0.99748087,0.29370722,0,True,True,True,False,True,False,Borderline Spoiled / Advanced Not Fresh,Not Suitable / Manual inspection recommended,26.061632,Not Suitable,2,2,True,False
20260429_142101.jpg,4,Pork Belly,not fresh,06:10:51,E:\Thesis Code\processed_hsv_lab_threshold_roi_224\sample 4\not fresh\20260429_142101.jpg,pork_belly_sample_4,belly,cross_rotation,all,meatlens,all,all,all,file_destination,E:\Thesis Code\processed_hsv_lab_threshold_roi_224\sample 4\not fresh\20260429_142101.jpg,False,partner_home,old_phone,,not fresh,not fresh,0.052943103,0.722671,0.2243859,not fresh,0.722671,spoiled,0.2243859,0.9470569,0.49828506,0,True,True,True,False,True,False,Borderline Spoiled / Advanced Not Fresh,Not Suitable / Manual inspection recommended,47.285072,Consume Immediately,1,1,True,False
IMG20260508082027.jpg,6,Pork Ham,fresh,02:57:17,E:\Thesis Code\processed_hsv_lab_threshold_roi_224\sample 6\fresh\IMG20260508082027.jpg,pork_ham_sample_6,ham,cross_rotation,all,meatlens,all,all,all,file_destination,E:\Thesis Code\processed_hsv_lab_threshold_roi_224\sample 6\fresh\IMG20260508082027.jpg,False,partner_home,new_phone,,fresh,fresh,0.997829,0.0013944495,0.0007765298,fresh,0.997829,not fresh,0.0013944495,0.9992235,0.99643457,0,True,True,True,False,False,False,Likely Fresh,Good for Consumption,99.86736,Good for Consumption,0,0,True,False
IMG20260423091006.jpg,2,Pork Shoulder,fresh,04:22:19,E:\Thesis Code\processed_hsv_lab_threshold_roi_224\sample 2\fresh\IMG20260423091006.jpg,pork_shoulder_sample_2,shoulder,cross_rotation,all,meatlens,all,all,all,file_destination,E:\Thesis Code\processed_hsv_lab_threshold_roi_224\sample 2\fresh\IMG20260423091006.jpg,False,partner_home,old_phone,,fresh,fresh,0.99273574,0.0069204657,0.0003438286,fresh,0.99273574,not fresh,0.0069204657,0.9996562,0.9858153,0,True,True,True,False,False,False,Likely Fresh,Good for Consumption,99.65764,Good for Consumption,0,0,True,False
IMG_20260508_131759.jpg,5,Pork Ham,not fresh,09:14:46,E:\Thesis Code\processed_hsv_lab_threshold_roi_224\sample 5\not fresh\IMG_20260508_131759.jpg,pork_ham_sample_5,ham,cross_rotation,all,meatlens,all,all,all,file_destination,E:\Thesis Code\processed_hsv_lab_threshold_roi_224\sample 5\not fresh\IMG_20260508_131759.jpg,False,researcher_home,new_phone,,not fresh,not fresh,0.021648772,0.97045285,0.007898466,not fresh,0.97045285,fresh,0.021648772,0.9921016,0.9488041,0,True,True,True,False,False,False,Likely Not Fresh,Consume Immediately / Manual inspection recommended,55.618767,Consume Immediately,1,1,True,False
SPOILED-213-_JPG.rf.b7f8215a5a0848b1c48a21e9b809cda1.jpg,12,Various Pork Meat,spoiled,,E:\Thesis Code\processed_hsv_lab_threshold_roi_224\sample 12\spoiled\SPOILED-213-_JPG.rf.b7f8215a5a0848b1c48a21e9b809cda1.jpg,various_pork_meat_sample_12,various,cross_rotation,all,public_dataset_2,all,all,all,file_destination,E:\Thesis Code\processed_hsv_lab_threshold_roi_224\sample 12\spoiled\SPOILED-213-_JPG.rf.b7f8215a5a0848b1c48a21e9b809cda1.jpg,False,public_dataset_2,public_dataset_2,,spoiled,spoiled,0.0481599,0.15523972,0.79660034,spoiled,0.79660034,not fresh,0.15523972,0.95184004,0.64136064,0,True,True,True,False,True,False,Borderline Spoiled / Advanced Not Fresh,Not Suitable / Manual inspection recommended,21.320177,Not Suitable,2,2,True,False
20260704_140857.jpg,10,Pork Belly,spoiled,24:00:00,E:\Thesis Code\processed_hsv_lab_threshold_roi_224\sample 10\spoiled\20260704_140857.jpg,pork_belly_sample_10,belly,cross_rotation,all,public_dataset_2,all,all,all,file_destination,E:\Thesis Code\processed_hsv_lab_threshold_roi_224\sample 10\spoiled\20260704_140857.jpg,False,public_dataset_2,public_dataset_2,,spoiled,spoiled,0.00055994774,0.0012850178,0.99815506,spoiled,0.99815506,not fresh,0.0012850178,0.9994401,0.99687004,0,True,True,True,False,False,False,Likely Spoiled,Not Suitable,10.108221,Not Suitable,2,2,True,False
20260703_083847.jpg,10,Pork Belly,fresh,04:00:00,E:\Thesis Code\processed_hsv_lab_threshold_roi_224\sample 10\fresh\20260703_083847.jpg,pork_belly_sample_10,belly,cross_rotation,all,public_dataset_2,all,all,all,file_destination,E:\Thesis Code\processed_hsv_lab_threshold_roi_224\sample 10\fresh\20260703_083847.jpg,False,public_dataset_2,public_dataset_2,,fresh,fresh,0.9764915,0.023010673,0.00049780076,fresh,0.9764915,not fresh,0.023010673,0.9995022,0.95348084,0,True,True,True,False,False,False,Likely Fresh,Good for Consumption,98.919716,Good for Consumption,0,0,True,False
20260516_093314.jpg,8,Pork Loin,fresh,05:20:48,E:\Thesis Code\processed_hsv_lab_threshold_roi_224\sample 8\fresh\20260516_093314.jpg,pork_loin_sample_8,loin,cross_rotation,all,meatlens,all,all,all,file_destination,E:\Thesis Code\processed_hsv_lab_threshold_roi_224\sample 8\fresh\20260516_093314.jpg,False,partner_home,new_phone,,fresh,fresh,0.8987995,0.10057383,0.000626707,fresh,0.8987995,not fresh,0.10057383,0.9993733,0.79822564,0,True,True,True,False,True,False,Borderline Fresh / Early Not Fresh,Consume Immediately / Check carefully,95.41778,Good for Consumption,0,0,True,False
HALF-FRESH-1-_JPG.rf.858709f7fdb55896234408ac518cb880.jpg,12,Various Pork Meat,not fresh,,E:\Thesis Code\processed_hsv_lab_threshold_roi_224\sample 12\not fresh\HALF-FRESH-1-_JPG.rf.858709f7fdb55896234408ac518cb880.jpg,various_pork_meat_sample_12,various,cross_rotation,all,public_dataset_2,all,all,all,file_destination,E:\Thesis Code\processed_hsv_lab_threshold_roi_224\sample 12\not fresh\HALF-FRESH-1-_JPG.rf.858709f7fdb55896234408ac518cb880.jpg,False,public_dataset_2,public_dataset_2,,not fresh,fresh,0.693348,0.30527377,0.0013782292,fresh,0.693348,not fresh,0.30527377,0.99862176,0.38807422,1,False,True,True,False,True,False,Borderline Fresh / Early Not Fresh,Consume Immediately / Check carefully,86.13864,Good for Consumption,0,1,True,False
IMG20260508064451.jpg,6,Pork Ham,fresh,00:31:39,E:\Thesis Code\processed_hsv_lab_threshold_roi_224\sample 6\fresh\IMG20260508064451.jpg,pork_ham_sample_6,ham,cross_rotation,all,meatlens,all,all,all,file_destination,E:\Thesis Code\processed_hsv_lab_threshold_roi_224\sample 6\fresh\IMG20260508064451.jpg,False,partner_home,new_phone,,fresh,fresh,0.9952437,0.0037460683,0.0010101903,fresh,0.9952437,not fresh,0.0037460683,0.9989898,0.99149764,0,True,True,True,False,False,False,Likely Fresh,Good for Consumption,99.74051,Good for Consumption,0,0,True,False
FRESH-465-_JPG.rf.1e901ece4242bcbfbfb9d00867a4845b.jpg,12,Various Pork Meat,fresh,,E:\Thesis Code\processed_hsv_lab_threshold_roi_224\sample 12\fresh\FRESH-465-_JPG.rf.1e901ece4242bcbfbfb9d00867a4845b.jpg,various_pork_meat_sample_12,various,cross_rotation,all,public_dataset_2,all,all,all,file_destination,E:\Thesis Code\processed_hsv_lab_threshold_roi_224\sample 12\fresh\FRESH-465-_JPG.rf.1e901ece4242bcbfbfb9d00867a4845b.jpg,False,public_dataset_2,public_dataset_2,,fresh,fresh,0.6765632,0.30760708,0.015829796,fresh,0.6765632,not fresh,0.30760708,0.9841703,0.36895612,0,True,True,True,False,True,False,Borderline Fresh / Early Not Fresh,Consume Immediately / Check carefully,84.73301,Good for Consumption,0,0,True,False
20260425_041713.jpg,1,Pork Shoulder,spoiled,24:12:04,E:\Thesis Code\processed_hsv_lab_threshold_roi_224\sample 1\spoiled\20260425_041713.jpg,pork_shoulder_sample_1,shoulder,cross_rotation,all,meatlens,all,all,all,file_destination,E:\Thesis Code\processed_hsv_lab_threshold_roi_224\sample 1\spoiled\20260425_041713.jpg,False,researcher_home,old_phone,,spoiled,spoiled,9.591073e-07,0.0012202073,0.9987789,spoiled,0.9987789,not fresh,0.0012202073,0.9999991,0.99755865,0,True,True,True,False,False,False,Likely Spoiled,Not Suitable,10.0549965,Not Suitable,2,2,True,False
IMG_20260508_173623.jpg,5,Pork Ham,not fresh,13:25:38,E:\Thesis Code\processed_hsv_lab_threshold_roi_224\sample 5\not fresh\IMG_20260508_173623.jpg,pork_ham_sample_5,ham,cross_rotation,all,meatlens,all,all,all,file_destination,E:\Thesis Code\processed_hsv_lab_threshold_roi_224\sample 5\not fresh\IMG_20260508_173623.jpg,False,researcher_home,new_phone,,not fresh,not fresh,0.022721253,0.7765372,0.20074162,not fresh,0.7765372,spoiled,0.20074162,0.9772788,0.57579553,0,True,True,True,False,True,False,Borderline Spoiled / Advanced Not Fresh,Not Suitable / Manual inspection recommended,46.989086,Consume Immediately,1,1,True,False
20260516_194412.jpg,8,Pork Loin,spoiled,16:05:26,E:\Thesis Code\processed_hsv_lab_threshold_roi_224\sample 8\spoiled\20260516_194412.jpg,pork_loin_sample_8,loin,cross_rotation,all,meatlens,all,all,all,file_destination,E:\Thesis Code\processed_hsv_lab_threshold_roi_224\sample 8\spoiled\20260516_194412.jpg,False,partner_home,new_phone,,spoiled,spoiled,0.0021356607,0.4864568,0.5114075,spoiled,0.5114075,not fresh,0.4864568,0.9978643,0.024950683,0,True,True,True,False,True,True,Borderline Spoiled / Advanced Not Fresh,Not Suitable / Manual inspection recommended,32.082767,Not Suitable,2,2,True,False
20260516_094516.jpg,8,Pork Loin,fresh,05:35:35,E:\Thesis Code\processed_hsv_lab_threshold_roi_224\sample 8\fresh\20260516_094516.jpg,pork_loin_sample_8,loin,cross_rotation,all,meatlens,all,all,all,file_destination,E:\Thesis Code\processed_hsv_lab_threshold_roi_224\sample 8\fresh\20260516_094516.jpg,False,partner_home,new_phone,,fresh,fresh,0.89845026,0.10081746,0.0007322889,fresh,0.89845026,not fresh,0.10081746,0.9992677,0.7976328,0,True,True,True,False,True,False,Borderline Fresh / Early Not Fresh,Consume Immediately / Check carefully,95.39731,Good for Consumption,0,0,True,False
IMG20260508095433.jpg,6,Pork Ham,fresh,05:20:48,E:\Thesis Code\processed_hsv_lab_threshold_roi_224\sample 6\fresh\IMG20260508095433.jpg,pork_ham_sample_6,ham,cross_rotation,all,meatlens,all,all,all,file_destination,E:\Thesis Code\processed_hsv_lab_threshold_roi_224\sample 6\fresh\IMG20260508095433.jpg,False,partner_home,new_phone,,fresh,fresh,0.87186563,0.12347013,0.0046642493,fresh,0.87186563,not fresh,0.12347013,0.99533576,0.7483955,0,True,True,True,False,True,False,Borderline Fresh / Early Not Fresh,Consume Immediately / Check carefully,94.02406,Good for Consumption,0,0,True,False
20260703_103158.jpg,10,Pork Belly,fresh,04:00:00,E:\Thesis Code\processed_hsv_lab_threshold_roi_224\sample 10\fresh\20260703_103158.jpg,pork_belly_sample_10,belly,cross_rotation,all,public_dataset_2,all,all,all,file_destination,E:\Thesis Code\processed_hsv_lab_threshold_roi_224\sample 10\fresh\20260703_103158.jpg,False,public_dataset_2,public_dataset_2,,fresh,fresh,0.8572612,0.13968194,0.0030569613,fresh,0.8572612,not fresh,0.13968194,0.9969431,0.71757925,0,True,True,True,False,True,False,Borderline Fresh / Early Not Fresh,Consume Immediately / Check carefully,93.43919,Good for Consumption,0,0,True,False
IMG_20260508_154034.jpg,5,Pork Ham,not fresh,11:34:40,E:\Thesis Code\processed_hsv_lab_threshold_roi_224\sample 5\not fresh\IMG_20260508_154034.jpg,pork_ham_sample_5,ham,cross_rotation,all,meatlens,all,all,all,file_destination,E:\Thesis Code\processed_hsv_lab_threshold_roi_224\sample 5\not fresh\IMG_20260508_154034.jpg,False,researcher_home,new_phone,,not fresh,not fresh,0.034173243,0.9584135,0.0074132844,not fresh,0.9584135,fresh,0.034173243,0.99258673,0.92424023,0,True,True,True,False,False,False,Likely Not Fresh,Consume Immediately / Manual inspection recommended,56.204197,Consume Immediately,1,1,True,False
IMG_20260517_114133.jpg,7,Pork Loin,fresh,06:02:28,E:\Thesis Code\processed_hsv_lab_threshold_roi_224\sample 7\fresh\IMG_20260517_114133.jpg,pork_loin_sample_7,loin,cross_rotation,all,meatlens,all,all,all,file_destination,E:\Thesis Code\processed_hsv_lab_threshold_roi_224\sample 7\fresh\IMG_20260517_114133.jpg,False,researcher_home,new_phone,,fresh,fresh,0.90541595,0.08657899,0.008004996,fresh,0.90541595,not fresh,0.08657899,0.9919949,0.818837,0,True,True,True,False,False,False,Likely Fresh,Good for Consumption,95.38349,Good for Consumption,0,0,True,False
20260429_051100.jpg,3,Pork Belly,fresh,04:06:09,E:\Thesis Code\processed_hsv_lab_threshold_roi_224\sample 3\fresh\20260429_051100.jpg,pork_belly_sample_3,belly,cross_rotation,all,meatlens,all,all,all,file_destination,E:\Thesis Code\processed_hsv_lab_threshold_roi_224\sample 3\fresh\20260429_051100.jpg,False,researcher_home,old_phone,,fresh,fresh,0.9882224,0.009790567,0.001987043,fresh,0.9882224,not fresh,0.009790567,0.99801296,0.9784319,0,True,True,True,False,False,False,Likely Fresh,Good for Consumption,99.38059,Good for Consumption,0,0,True,False
20260624_103913.jpg,9,Pork Hind Leg,fresh,04:00:00,E:\Thesis Code\processed_hsv_lab_threshold_roi_224\sample 9\fresh\20260624_103913.jpg,pork_hind_leg_sample_9,hind_leg,cross_rotation,all,public_dataset_2,all,all,all,file_destination,E:\Thesis Code\processed_hsv_lab_threshold_roi_224\sample 9\fresh\20260624_103913.jpg,False,public_dataset_2,public_dataset_2,,fresh,fresh,0.82152665,0.16820206,0.010271252,fresh,0.82152665,not fresh,0.16820206,0.9897287,0.6533246,0,True,True,True,False,True,False,Borderline Fresh / Early Not Fresh,Consume Immediately / Check carefully,91.50649,Good for Consumption,0,0,True,False
20260704_123450.jpg,10,Pork Belly,spoiled,24:00:00,E:\Thesis Code\processed_hsv_lab_threshold_roi_224\sample 10\spoiled\20260704_123450.jpg,pork_belly_sample_10,belly,cross_rotation,all,public_dataset_2,all,all,all,file_destination,E:\Thesis Code\processed_hsv_lab_threshold_roi_224\sample 10\spoiled\20260704_123450.jpg,False,public_dataset_2,public_dataset_2,,spoiled,spoiled,0.0016145507,0.001678632,0.99670684,spoiled,0.99670684,not fresh,0.001678632,0.9983855,0.9950282,0,True,True,True,False,False,False,Likely Spoiled,Not Suitable,10.220848,Not Suitable,2,2,True,False
20260429_072750.jpg,4,Pork Belly,fresh,02:58:48,E:\Thesis Code\processed_hsv_lab_threshold_roi_224\sample 4\fresh\20260429_072750.jpg,pork_belly_sample_4,belly,cross_rotation,all,meatlens,all,all,all,file_destination,E:\Thesis Code\processed_hsv_lab_threshold_roi_224\sample 4\fresh\20260429_072750.jpg,False,partner_home,old_phone,,fresh,fresh,0.9880614,0.007570346,0.0043682237,fresh,0.9880614,not fresh,0.007570346,0.99563175,0.9804911,0,True,True,True,False,False,False,Likely Fresh,Good for Consumption,99.2662,Good for Consumption,0,0,True,False
20260423_101426.jpg,2,Pork Shoulder,not fresh,06:00:00,E:\Thesis Code\processed_hsv_lab_threshold_roi_224\sample 2\not fresh\20260423_101426.jpg,pork_shoulder_sample_2,shoulder,cross_rotation,all,meatlens,all,all,all,file_destination,E:\Thesis Code\processed_hsv_lab_threshold_roi_224\sample 2\not fresh\20260423_101426.jpg,False,partner_home,old_phone,,not fresh,not fresh,0.03423943,0.9473669,0.018393721,not fresh,0.9473669,fresh,0.03423943,0.9816063,0.9131275,0,True,True,True,False,False,False,Likely Not Fresh,Consume Immediately / Manual inspection recommended,55.71306,Consume Immediately,1,1,True,False
20260430_025031.jpg,3,Pork Belly,spoiled,20:31:21,E:\Thesis Code\processed_hsv_lab_threshold_roi_224\sample 3\spoiled\20260430_025031.jpg,pork_belly_sample_3,belly,cross_rotation,all,meatlens,all,all,all,file_destination,E:\Thesis Code\processed_hsv_lab_threshold_roi_224\sample 3\spoiled\20260430_025031.jpg,False,researcher_home,old_phone,,spoiled,spoiled,0.0025636358,0.01871499,0.9787213,spoiled,0.9787213,not fresh,0.01871499,0.9974363,0.96000636,0,True,True,True,False,False,False,Likely Spoiled,Not Suitable,11.072902,Not Suitable,2,2,True,False
20260430_191711.jpg,4,Pork Belly,spoiled,34:04:13,E:\Thesis Code\processed_hsv_lab_threshold_roi_224\sample 4\spoiled\20260430_191711.jpg,pork_belly_sample_4,belly,cross_rotation,all,meatlens,all,all,all,file_destination,E:\Thesis Code\processed_hsv_lab_threshold_roi_224\sample 4\spoiled\20260430_191711.jpg,False,partner_home,old_phone,,spoiled,spoiled,0.0021603687,0.019572936,0.9782667,spoiled,0.9782667,not fresh,0.019572936,0.9978396,0.9586938,0,True,True,True,False,False,False,Likely Spoiled,Not Suitable,11.075215,Not Suitable,2,2,True,False
08-11-2022 22-35-56_jpg.rf.xGThPm1Y6QFB62I0flNE.jpg,11,Various Pork Meat,not fresh,,E:\Thesis Code\processed_hsv_lab_threshold_roi_224\sample 11\half fresh\08-11-2022 22-35-56_jpg.rf.xGThPm1Y6QFB62I0flNE.jpg,various_pork_meat_sample_11,various,cross_rotation,all,public_dataset_2,all,all,all,file_destination,E:\Thesis Code\processed_hsv_lab_threshold_roi_224\sample 11\half fresh\08-11-2022 22-35-56_jpg.rf.xGThPm1Y6QFB62I0flNE.jpg,False,public_dataset_2,public_dataset_2,,not fresh,not fresh,0.016290328,0.8057136,0.17799614,not fresh,0.8057136,spoiled,0.17799614,0.98370975,0.62771744,0,True,True,True,False,True,False,Borderline Spoiled / Advanced Not Fresh,Not Suitable / Manual inspection recommended,47.723244,Consume Immediately,1,1,True,False
IMG_20260508_111145.jpg,5,Pork Ham,fresh,07:09:21,E:\Thesis Code\processed_hsv_lab_threshold_roi_224\sample 5\fresh\IMG_20260508_111145.jpg,pork_ham_sample_5,ham,cross_rotation,all,meatlens,all,all,all,file_destination,E:\Thesis Code\processed_hsv_lab_threshold_roi_224\sample 5\fresh\IMG_20260508_111145.jpg,False,researcher_home,new_phone,,fresh,fresh,0.8910885,0.10616735,0.0027441704,fresh,0.8910885,not fresh,0.10616735,0.99725586,0.7849211,0,True,True,True,False,True,False,Borderline Fresh / Early Not Fresh,Consume Immediately / Check carefully,94.975494,Good for Consumption,0,0,True,False
20260429_070716.jpg,4,Pork Belly,fresh,01:19:44,E:\Thesis Code\processed_hsv_lab_threshold_roi_224\sample 4\fresh\20260429_070716.jpg,pork_belly_sample_4,belly,cross_rotation,all,meatlens,all,all,all,file_destination,E:\Thesis Code\processed_hsv_lab_threshold_roi_224\sample 4\fresh\20260429_070716.jpg,False,partner_home,old_phone,,fresh,fresh,0.9925821,0.005261018,0.0021569538,fresh,0.9925821,not fresh,0.005261018,0.9978431,0.9873211,0,True,True,True,False,False,False,Likely Fresh,Good for Consumption,99.56914,Good for Consumption,0,0,True,False
20260429_155847.jpg,4,Pork Belly,not fresh,08:46:26,E:\Thesis Code\processed_hsv_lab_threshold_roi_224\sample 4\not fresh\20260429_155847.jpg,pork_belly_sample_4,belly,cross_rotation,all,meatlens,all,all,all,file_destination,E:\Thesis Code\processed_hsv_lab_threshold_roi_224\sample 4\not fresh\20260429_155847.jpg,False,partner_home,old_phone,,not fresh,not fresh,0.00081189163,0.9838154,0.015372649,not fresh,0.9838154,spoiled,0.015372649,0.999188,0.96844274,0,True,True,True,False,False,False,Likely Not Fresh,Consume Immediately / Manual inspection recommended,54.34476,Consume Immediately,1,1,True,False
IMG20260508101634.jpg,6,Pork Ham,fresh,05:54:34,E:\Thesis Code\processed_hsv_lab_threshold_roi_224\sample 6\fresh\IMG20260508101634.jpg,pork_ham_sample_6,ham,cross_rotation,all,meatlens,all,all,all,file_destination,E:\Thesis Code\processed_hsv_lab_threshold_roi_224\sample 6\fresh\IMG20260508101634.jpg,False,partner_home,new_phone,,fresh,fresh,0.8837786,0.11191481,0.004306593,fresh,0.8837786,not fresh,0.11191481,0.9956934,0.77186376,0,True,True,True,False,True,False,Borderline Fresh / Early Not Fresh,Consume Immediately / Check carefully,94.57624,Good for Consumption,0,0,True,False
IMG_20260509_081027.jpg,5,Pork Ham,spoiled,22:01:49,E:\Thesis Code\processed_hsv_lab_threshold_roi_224\sample 5\spoiled\IMG_20260509_081027.jpg,pork_ham_sample_5,ham,cross_rotation,all,meatlens,all,all,all,file_destination,E:\Thesis Code\processed_hsv_lab_threshold_roi_224\sample 5\spoiled\IMG_20260509_081027.jpg,False,researcher_home,new_phone,,spoiled,spoiled,0.00082529866,0.008339344,0.9908353,spoiled,0.9908353,not fresh,0.008339344,0.99917465,0.98249596,0,True,True,True,False,False,False,Likely Spoiled,Not Suitable,10.449547,Not Suitable,2,2,True,False
20260703_165140.jpg,10,Pork Belly,not fresh,12:00:00,E:\Thesis Code\processed_hsv_lab_threshold_roi_224\sample 10\not fresh\20260703_165140.jpg,pork_belly_sample_10,belly,cross_rotation,all,public_dataset_2,all,all,all,file_destination,E:\Thesis Code\processed_hsv_lab_threshold_roi_224\sample 10\not fresh\20260703_165140.jpg,False,public_dataset_2,public_dataset_2,,not fresh,not fresh,0.025583519,0.70618284,0.26823366,not fresh,0.70618284,spoiled,0.26823366,0.9744165,0.43794918,0,True,True,True,False,True,False,Borderline Spoiled / Advanced Not Fresh,Not Suitable / Manual inspection recommended,44.080746,Consume Immediately,1,1,True,False
IMG20260508173832.jpg,6,Pork Ham,not fresh,13:38:54,E:\Thesis Code\processed_hsv_lab_threshold_roi_224\sample 6\not fresh\IMG20260508173832.jpg,pork_ham_sample_6,ham,cross_rotation,all,meatlens,all,all,all,file_destination,E:\Thesis Code\processed_hsv_lab_threshold_roi_224\sample 6\not fresh\IMG20260508173832.jpg,False,partner_home,new_phone,,not fresh,not fresh,0.014926757,0.7579395,0.2271337,not fresh,0.7579395,spoiled,0.2271337,0.9850732,0.5308058,0,True,True,True,False,True,False,Borderline Spoiled / Advanced Not Fresh,Not Suitable / Manual inspection recommended,45.450687,Consume Immediately,1,1,True,False
20260625_150620.jpg,9,Pork Hind Leg,spoiled,24:00:00,E:\Thesis Code\processed_hsv_lab_threshold_roi_224\sample 9\spoiled\20260625_150620.jpg,pork_hind_leg_sample_9,hind_leg,cross_rotation,all,public_dataset_2,all,all,all,file_destination,E:\Thesis Code\processed_hsv_lab_threshold_roi_224\sample 9\spoiled\20260625_150620.jpg,False,public_dataset_2,public_dataset_2,,spoiled,spoiled,0.0015330263,0.00030644055,0.99816054,spoiled,0.99816054,fresh,0.0015330263,0.9996936,0.9966275,0,True,True,True,False,False,False,Likely Spoiled,Not Suitable,10.151762,Not Suitable,2,2,False,False
20260624_203851.jpg,9,Pork Hind Leg,spoiled,24:00:00,E:\Thesis Code\processed_hsv_lab_threshold_roi_224\sample 9\spoiled\20260624_203851.jpg,pork_hind_leg_sample_9,hind_leg,cross_rotation,all,public_dataset_2,all,all,all,file_destination,E:\Thesis Code\processed_hsv_lab_threshold_roi_224\sample 9\spoiled\20260624_203851.jpg,False,public_dataset_2,public_dataset_2,,spoiled,not fresh,0.26910603,0.49677804,0.2341159,not fresh,0.49677804,fresh,0.26910603,0.76588404,0.22767201,1,False,False,True,False,True,True,Borderline Fresh / Early Not Fresh,Consume Immediately / Check carefully,56.574554,Consume Immediately,1,2,True,False
20260430_044734.jpg,3,Pork Belly,spoiled,21:49:45,E:\Thesis Code\processed_hsv_lab_threshold_roi_224\sample 3\spoiled\20260430_044734.jpg,pork_belly_sample_3,belly,cross_rotation,all,meatlens,all,all,all,file_destination,E:\Thesis Code\processed_hsv_lab_threshold_roi_224\sample 3\spoiled\20260430_044734.jpg,False,researcher_home,old_phone,,spoiled,spoiled,0.00082619267,0.008578229,0.9905956,spoiled,0.9905956,not fresh,0.008578229,0.9991738,0.98201734,0,True,True,True,False,False,False,Likely Spoiled,Not Suitable,10.460378,Not Suitable,2,2,True,False
FRESH-833-_JPG.rf.f44fd1c0581958128bbc5fcfe77b802f.jpg,12,Various Pork Meat,fresh,,E:\Thesis Code\processed_hsv_lab_threshold_roi_224\sample 12\fresh\FRESH-833-_JPG.rf.f44fd1c0581958128bbc5fcfe77b802f.jpg,various_pork_meat_sample_12,various,cross_rotation,all,public_dataset_2,all,all,all,file_destination,E:\Thesis Code\processed_hsv_lab_threshold_roi_224\sample 12\fresh\FRESH-833-_JPG.rf.f44fd1c0581958128bbc5fcfe77b802f.jpg,False,public_dataset_2,public_dataset_2,,fresh,fresh,0.99647695,0.0034929486,3.0076897e-05,fresh,0.99647695,not fresh,0.0034929486,0.9999699,0.992984,0,True,True,True,False,False,False,Likely Fresh,Good for Consumption,99.84011,Good for Consumption,0,0,True,False
20260516_143800.jpg,8,Pork Loin,not fresh,10:37:23,E:\Thesis Code\processed_hsv_lab_threshold_roi_224\sample 8\not fresh\20260516_143800.jpg,pork_loin_sample_8,loin,cross_rotation,all,meatlens,all,all,all,file_destination,E:\Thesis Code\processed_hsv_lab_threshold_roi_224\sample 8\not fresh\20260516_143800.jpg,False,partner_home,new_phone,,not fresh,not fresh,0.032202534,0.9146822,0.05311532,not fresh,0.9146822,spoiled,0.05311532,0.9677975,0.8615669,0,True,True,True,False,False,False,Likely Not Fresh,Consume Immediately / Manual inspection recommended,54.05893,Consume Immediately,1,1,True,False
IMG_20260508_114845.jpg,5,Pork Ham,fresh,07:47:56,E:\Thesis Code\processed_hsv_lab_threshold_roi_224\sample 5\fresh\IMG_20260508_114845.jpg,pork_ham_sample_5,ham,cross_rotation,all,meatlens,all,all,all,file_destination,E:\Thesis Code\processed_hsv_lab_threshold_roi_224\sample 5\fresh\IMG_20260508_114845.jpg,False,researcher_home,new_phone,,fresh,fresh,0.823748,0.16796905,0.008282975,fresh,0.823748,not fresh,0.16796905,0.99171704,0.65577894,0,True,True,True,False,True,False,Borderline Fresh / Early Not Fresh,Consume Immediately / Check carefully,91.69592,Good for Consumption,0,0,True,False
IMG_20260509_065827.jpg,5,Pork Ham,spoiled,21:25:38,E:\Thesis Code\processed_hsv_lab_threshold_roi_224\sample 5\spoiled\IMG_20260509_065827.jpg,pork_ham_sample_5,ham,cross_rotation,all,meatlens,all,all,all,file_destination,E:\Thesis Code\processed_hsv_lab_threshold_roi_224\sample 5\spoiled\IMG_20260509_065827.jpg,False,researcher_home,new_phone,,spoiled,spoiled,0.006496668,0.012197103,0.98130625,spoiled,0.98130625,not fresh,0.012197103,0.99350333,0.9691092,0,True,True,True,False,False,False,Likely Spoiled,Not Suitable,11.13357,Not Suitable,2,2,True,False
20260429_065745.jpg,4,Pork Belly,fresh,00:33:50,E:\Thesis Code\processed_hsv_lab_threshold_roi_224\sample 4\fresh\20260429_065745.jpg,pork_belly_sample_4,belly,cross_rotation,all,meatlens,all,all,all,file_destination,E:\Thesis Code\processed_hsv_lab_threshold_roi_224\sample 4\fresh\20260429_065745.jpg,False,partner_home,old_phone,,fresh,fresh,0.98329747,0.012212662,0.0044899695,fresh,0.98329747,not fresh,0.012212662,0.9955101,0.97108483,0,True,True,True,False,False,False,Likely Fresh,Good for Consumption,99.04634,Good for Consumption,0,0,True,False
IMG_20260508_124658.jpg,5,Pork Ham,not fresh,08:43:25,E:\Thesis Code\processed_hsv_lab_threshold_roi_224\sample 5\not fresh\IMG_20260508_124658.jpg,pork_ham_sample_5,ham,cross_rotation,all,meatlens,all,all,all,file_destination,E:\Thesis Code\processed_hsv_lab_threshold_roi_224\sample 5\not fresh\IMG_20260508_124658.jpg,False,researcher_home,new_phone,,not fresh,not fresh,0.22419669,0.7697368,0.006066526,not fresh,0.7697368,fresh,0.22419669,0.9939335,0.54554015,0,True,True,True,False,True,False,Borderline Fresh / Early Not Fresh,Consume Immediately / Check carefully,64.81586,Consume Immediately,1,1,True,False
IMG20260423083534.jpg,2,Pork Shoulder,fresh,03:28:02,E:\Thesis Code\processed_hsv_lab_threshold_roi_224\sample 2\fresh\IMG20260423083534.jpg,pork_shoulder_sample_2,shoulder,cross_rotation,all,meatlens,all,all,all,file_destination,E:\Thesis Code\processed_hsv_lab_threshold_roi_224\sample 2\fresh\IMG20260423083534.jpg,False,partner_home,old_phone,,fresh,fresh,0.99354124,0.00597723,0.00048149243,fresh,0.99354124,not fresh,0.00597723,0.99951845,0.987564,0,True,True,True,False,False,False,Likely Fresh,Good for Consumption,99.68768,Good for Consumption,0,0,True,False
20260425_154621.jpg,1,Pork Shoulder,spoiled,35:56:23,E:\Thesis Code\processed_hsv_lab_threshold_roi_224\sample 1\spoiled\20260425_154621.jpg,pork_shoulder_sample_1,shoulder,cross_rotation,all,meatlens,all,all,all,file_destination,E:\Thesis Code\processed_hsv_lab_threshold_roi_224\sample 1\spoiled\20260425_154621.jpg,False,researcher_home,old_phone,,spoiled,spoiled,3.3314114e-05,0.0020180063,0.9979487,spoiled,0.9979487,not fresh,0.0020180063,0.99996674,0.9959307,0,True,True,True,False,False,False,Likely Spoiled,Not Suitable,10.093809,Not Suitable,2,2,True,False
HALF-FRESH-809-_JPG.rf.033bf78859e27048d923f684863c1618.jpg,12,Various Pork Meat,not fresh,,E:\Thesis Code\processed_hsv_lab_threshold_roi_224\sample 12\not fresh\HALF-FRESH-809-_JPG.rf.033bf78859e27048d923f684863c1618.jpg,various_pork_meat_sample_12,various,cross_rotation,all,public_dataset_2,all,all,all,file_destination,E:\Thesis Code\processed_hsv_lab_threshold_roi_224\sample 12\not fresh\HALF-FRESH-809-_JPG.rf.033bf78859e27048d923f684863c1618.jpg,False,public_dataset_2,public_dataset_2,,not fresh,not fresh,0.04824217,0.89422715,0.05753074,not fresh,0.89422715,spoiled,0.05753074,0.9517579,0.8366964,0,True,True,True,False,True,False,Borderline Spoiled / Advanced Not Fresh,Not Suitable / Manual inspection recommended,54.582016,Consume Immediately,1,1,True,False
20260624_212443.jpg,9,Pork Hind Leg,spoiled,24:00:00,E:\Thesis Code\processed_hsv_lab_threshold_roi_224\sample 9\spoiled\20260624_212443.jpg,pork_hind_leg_sample_9,hind_leg,cross_rotation,all,public_dataset_2,all,all,all,file_destination,E:\Thesis Code\processed_hsv_lab_threshold_roi_224\sample 9\spoiled\20260624_212443.jpg,False,public_dataset_2,public_dataset_2,,spoiled,not fresh,0.18817693,0.62098426,0.19083884,not fresh,0.62098426,spoiled,0.19083884,0.8118231,0.4301454,1,False,True,True,False,True,False,Borderline Spoiled / Advanced Not Fresh,Not Suitable / Manual inspection recommended,54.880215,Consume Immediately,1,2,True,False
20260430_092206.jpg,4,Pork Belly,spoiled,21:24:25,E:\Thesis Code\processed_hsv_lab_threshold_roi_224\sample 4\spoiled\20260430_092206.jpg,pork_belly_sample_4,belly,cross_rotation,all,meatlens,all,all,all,file_destination,E:\Thesis Code\processed_hsv_lab_threshold_roi_224\sample 4\spoiled\20260430_092206.jpg,False,partner_home,old_phone,,spoiled,spoiled,0.0053260787,0.005780659,0.98889333,spoiled,0.98889333,not fresh,0.005780659,0.99467397,0.9831127,0,True,True,True,False,False,False,Likely Spoiled,Not Suitable,10.739477,Not Suitable,2,2,True,False
IMG_20260517_183034.jpg,7,Pork Loin,not fresh,12:39:48,E:\Thesis Code\processed_hsv_lab_threshold_roi_224\sample 7\not fresh\IMG_20260517_183034.jpg,pork_loin_sample_7,loin,cross_rotation,all,meatlens,all,all,all,file_destination,E:\Thesis Code\processed_hsv_lab_threshold_roi_224\sample 7\not fresh\IMG_20260517_183034.jpg,False,researcher_home,new_phone,,not fresh,not fresh,0.0029937718,0.8412481,0.15575814,not fresh,0.8412481,spoiled,0.15575814,0.99700624,0.68548995,0,True,True,True,False,True,False,Borderline Spoiled / Advanced Not Fresh,Not Suitable / Manual inspection recommended,48.125603,Consume Immediately,1,1,True,False
20260429_052900.jpg,3,Pork Belly,fresh,04:43:05,E:\Thesis Code\processed_hsv_lab_threshold_roi_224\sample 3\fresh\20260429_052900.jpg,pork_belly_sample_3,belly,cross_rotation,all,meatlens,all,all,all,file_destination,E:\Thesis Code\processed_hsv_lab_threshold_roi_224\sample 3\fresh\20260429_052900.jpg,False,researcher_home,old_phone,,fresh,fresh,0.9860044,0.011194856,0.0028007098,fresh,0.9860044,not fresh,0.011194856,0.9971993,0.9748095,0,True,True,True,False,False,False,Likely Fresh,Good for Consumption,99.24416,Good for Consumption,0,0,True,False
IMG_20260508_210824.jpg,5,Pork Ham,spoiled,16:28:57,E:\Thesis Code\processed_hsv_lab_threshold_roi_224\sample 5\spoiled\IMG_20260508_210824.jpg,pork_ham_sample_5,ham,cross_rotation,all,meatlens,all,all,all,file_destination,E:\Thesis Code\processed_hsv_lab_threshold_roi_224\sample 5\spoiled\IMG_20260508_210824.jpg,False,researcher_home,new_phone,,spoiled,spoiled,0.007835395,0.27206883,0.7200958,spoiled,0.7200958,not fresh,0.27206883,0.9921646,0.44802698,0,True,True,True,False,True,False,Borderline Spoiled / Advanced Not Fresh,Not Suitable / Manual inspection recommended,22.948282,Not Suitable,2,2,True,False
IMG_20260517_133133.jpg,7,Pork Loin,not fresh,08:18:05,E:\Thesis Code\processed_hsv_lab_threshold_roi_224\sample 7\not fresh\IMG_20260517_133133.jpg,pork_loin_sample_7,loin,cross_rotation,all,meatlens,all,all,all,file_destination,E:\Thesis Code\processed_hsv_lab_threshold_roi_224\sample 7\not fresh\IMG_20260517_133133.jpg,False,researcher_home,new_phone,,not fresh,not fresh,0.0246827,0.95615226,0.019164946,not fresh,0.95615226,fresh,0.0246827,0.98083496,0.93146956,0,True,True,True,False,False,False,Likely Not Fresh,Consume Immediately / Manual inspection recommended,55.248295,Consume Immediately,1,1,True,False
20260429_063901.jpg,3,Pork Belly,fresh,07:02:34,E:\Thesis Code\processed_hsv_lab_threshold_roi_224\sample 3\fresh\20260429_063901.jpg,pork_belly_sample_3,belly,cross_rotation,all,meatlens,all,all,all,file_destination,E:\Thesis Code\processed_hsv_lab_threshold_roi_224\sample 3\fresh\20260429_063901.jpg,False,researcher_home,old_phone,,fresh,fresh,0.8676074,0.117974095,0.01441849,fresh,0.8676074,not fresh,0.117974095,0.9855815,0.7496333,0,True,True,True,False,True,False,Borderline Fresh / Early Not Fresh,Consume Immediately / Check carefully,93.3935,Good for Consumption,0,0,True,False
20260424_192258.jpg,1,Pork Shoulder,not fresh,15:21:24,E:\Thesis Code\processed_hsv_lab_threshold_roi_224\sample 1\not fresh\20260424_192258.jpg,pork_shoulder_sample_1,shoulder,cross_rotation,all,meatlens,all,all,all,file_destination,E:\Thesis Code\processed_hsv_lab_threshold_roi_224\sample 1\not fresh\20260424_192258.jpg,False,researcher_home,old_phone,,not fresh,not fresh,0.001557211,0.8875643,0.11087843,not fresh,0.8875643,spoiled,0.11087843,0.9984427,0.7766859,0,True,True,True,False,True,False,Borderline Spoiled / Advanced Not Fresh,Not Suitable / Manual inspection recommended,50.080544,Consume Immediately,1,1,True,False
20260517_200417.jpg,8,Pork Loin,spoiled,39:28:39,E:\Thesis Code\processed_hsv_lab_threshold_roi_224\sample 8\spoiled\20260517_200417.jpg,pork_loin_sample_8,loin,cross_rotation,all,meatlens,all,all,all,file_destination,E:\Thesis Code\processed_hsv_lab_threshold_roi_224\sample 8\spoiled\20260517_200417.jpg,False,partner_home,new_phone,,spoiled,spoiled,0.00016193105,0.015260699,0.98457736,spoiled,0.98457736,not fresh,0.015260699,0.99983805,0.96931666,0,True,True,True,False,False,False,Likely Spoiled,Not Suitable,10.701305,Not Suitable,2,2,True,False
20260517_004059.jpg,8,Pork Loin,spoiled,22:06:02,E:\Thesis Code\processed_hsv_lab_threshold_roi_224\sample 8\spoiled\20260517_004059.jpg,pork_loin_sample_8,loin,cross_rotation,all,meatlens,all,all,all,file_destination,E:\Thesis Code\processed_hsv_lab_threshold_roi_224\sample 8\spoiled\20260517_004059.jpg,False,partner_home,new_phone,,spoiled,spoiled,0.0021231046,0.22755696,0.77032,spoiled,0.77032,not fresh,0.22755696,0.99787694,0.54276305,0,True,True,True,False,True,False,Borderline Spoiled / Advanced Not Fresh,Not Suitable / Manual inspection recommended,20.431143,Not Suitable,2,2,True,False
20260703_082945.jpg,10,Pork Belly,fresh,04:00:00,E:\Thesis Code\processed_hsv_lab_threshold_roi_224\sample 10\fresh\20260703_082945.jpg,pork_belly_sample_10,belly,cross_rotation,all,public_dataset_2,all,all,all,file_destination,E:\Thesis Code\processed_hsv_lab_threshold_roi_224\sample 10\fresh\20260703_082945.jpg,False,public_dataset_2,public_dataset_2,,fresh,fresh,0.9587739,0.03961803,0.0016080812,fresh,0.9587739,not fresh,0.03961803,0.9983919,0.9191559,0,True,True,True,False,False,False,Likely Fresh,Good for Consumption,98.072464,Good for Consumption,0,0,True,False
20260624_094405.jpg,9,Pork Hind Leg,fresh,04:00:00,E:\Thesis Code\processed_hsv_lab_threshold_roi_224\sample 9\fresh\20260624_094405.jpg,pork_hind_leg_sample_9,hind_leg,cross_rotation,all,public_dataset_2,all,all,all,file_destination,E:\Thesis Code\processed_hsv_lab_threshold_roi_224\sample 9\fresh\20260624_094405.jpg,False,public_dataset_2,public_dataset_2,,fresh,fresh,0.69087386,0.28209835,0.027027765,fresh,0.69087386,not fresh,0.28209835,0.9729722,0.4087755,0,True,True,True,False,True,False,Borderline Fresh / Early Not Fresh,Consume Immediately / Check carefully,84.87307,Good for Consumption,0,0,True,False
20260624_200245.jpg,9,Pork Hind Leg,spoiled,24:00:00,E:\Thesis Code\processed_hsv_lab_threshold_roi_224\sample 9\spoiled\20260624_200245.jpg,pork_hind_leg_sample_9,hind_leg,cross_rotation,all,public_dataset_2,all,all,all,file_destination,E:\Thesis Code\processed_hsv_lab_threshold_roi_224\sample 9\spoiled\20260624_200245.jpg,False,public_dataset_2,public_dataset_2,,spoiled,not fresh,0.1239878,0.44480902,0.43120322,not fresh,0.44480902,spoiled,0.43120322,0.8760122,0.013605803,1,False,True,True,False,True,True,Borderline Spoiled / Advanced Not Fresh,Not Suitable / Manual inspection recommended,41.17531,Consume Immediately,1,2,True,False
IMG20260508164758.jpg,6,Pork Ham,not fresh,12:48:14,E:\Thesis Code\processed_hsv_lab_threshold_roi_224\sample 6\not fresh\IMG20260508164758.jpg,pork_ham_sample_6,ham,cross_rotation,all,meatlens,all,all,all,file_destination,E:\Thesis Code\processed_hsv_lab_threshold_roi_224\sample 6\not fresh\IMG20260508164758.jpg,False,partner_home,new_phone,,not fresh,not fresh,0.014958631,0.871462,0.11357943,not fresh,0.871462,spoiled,0.11357943,0.98504144,0.75788254,0,True,True,True,False,True,False,Borderline Spoiled / Advanced Not Fresh,Not Suitable / Manual inspection recommended,50.562065,Consume Immediately,1,1,True,False
20260424_133546.jpg,1,Pork Shoulder,not fresh,09:34:04,E:\Thesis Code\processed_hsv_lab_threshold_roi_224\sample 1\not fresh\20260424_133546.jpg,pork_shoulder_sample_1,shoulder,cross_rotation,all,meatlens,all,all,all,file_destination,E:\Thesis Code\processed_hsv_lab_threshold_roi_224\sample 1\not fresh\20260424_133546.jpg,False,researcher_home,old_phone,,not fresh,not fresh,0.007988149,0.9852154,0.006796407,not fresh,0.9852154,fresh,0.007988149,0.9932036,0.9772273,0,True,True,True,False,False,False,Likely Not Fresh,Consume Immediately / Manual inspection recommended,55.053627,Consume Immediately,1,1,True,False
FRESH-1003-_JPG.rf.b410c33a04a1fba90032a9086d191d6d.jpg,12,Various Pork Meat,fresh,,E:\Thesis Code\processed_hsv_lab_threshold_roi_224\sample 12\fresh\FRESH-1003-_JPG.rf.b410c33a04a1fba90032a9086d191d6d.jpg,various_pork_meat_sample_12,various,cross_rotation,all,public_dataset_2,all,all,all,file_destination,E:\Thesis Code\processed_hsv_lab_threshold_roi_224\sample 12\fresh\FRESH-1003-_JPG.rf.b410c33a04a1fba90032a9086d191d6d.jpg,False,public_dataset_2,public_dataset_2,,fresh,fresh,0.99427146,0.0055989837,0.0001294928,fresh,0.99427146,not fresh,0.0055989837,0.9998704,0.9886725,0,True,True,True,False,False,False,Likely Fresh,Good for Consumption,99.73638,Good for Consumption,0,0,True,False
IMG_20260509_044126.jpg,5,Pork Ham,spoiled,20:16:53,E:\Thesis Code\processed_hsv_lab_threshold_roi_224\sample 5\spoiled\IMG_20260509_044126.jpg,pork_ham_sample_5,ham,cross_rotation,all,meatlens,all,all,all,file_destination,E:\Thesis Code\processed_hsv_lab_threshold_roi_224\sample 5\spoiled\IMG_20260509_044126.jpg,False,researcher_home,new_phone,,spoiled,spoiled,0.00023352596,0.0031370902,0.9966294,spoiled,0.9966294,not fresh,0.0031370902,0.9997665,0.9934923,0,True,True,True,False,False,False,Likely Spoiled,Not Suitable,10.162187,Not Suitable,2,2,True,False
IMG20260509160300.jpg,6,Pork Ham,spoiled,23:19:36,E:\Thesis Code\processed_hsv_lab_threshold_roi_224\sample 6\spoiled\IMG20260509160300.jpg,pork_ham_sample_6,ham,cross_rotation,all,meatlens,all,all,all,file_destination,E:\Thesis Code\processed_hsv_lab_threshold_roi_224\sample 6\spoiled\IMG20260509160300.jpg,False,partner_home,new_phone,,spoiled,spoiled,8.563931e-05,0.007982284,0.9919321,spoiled,0.9919321,not fresh,0.007982284,0.9999144,0.9839498,0,True,True,True,False,False,False,Likely Spoiled,Not Suitable,10.366911,Not Suitable,2,2,True,False
08-11-2022 21-17-10_jpg.rf.jM1DPg9FBBDD6AvWDiah.jpg,11,Various Pork Meat,not fresh,,E:\Thesis Code\processed_hsv_lab_threshold_roi_224\sample 11\half fresh\08-11-2022 21-17-10_jpg.rf.jM1DPg9FBBDD6AvWDiah.jpg,various_pork_meat_sample_11,various,cross_rotation,all,public_dataset_2,all,all,all,file_destination,E:\Thesis Code\processed_hsv_lab_threshold_roi_224\sample 11\half fresh\08-11-2022 21-17-10_jpg.rf.jM1DPg9FBBDD6AvWDiah.jpg,False,public_dataset_2,public_dataset_2,,not fresh,not fresh,0.18036519,0.74051905,0.07911574,not fresh,0.74051905,fresh,0.18036519,0.92088425,0.56015384,0,True,True,True,False,True,False,Borderline Fresh / Early Not Fresh,Consume Immediately / Check carefully,59.556225,Consume Immediately,1,1,True,False
20260424_143948.jpg,1,Pork Shoulder,not fresh,10:39:12,E:\Thesis Code\processed_hsv_lab_threshold_roi_224\sample 1\not fresh\20260424_143948.jpg,pork_shoulder_sample_1,shoulder,cross_rotation,all,meatlens,all,all,all,file_destination,E:\Thesis Code\processed_hsv_lab_threshold_roi_224\sample 1\not fresh\20260424_143948.jpg,False,researcher_home,old_phone,,not fresh,not fresh,0.0057299635,0.98475766,0.0095124645,not fresh,0.98475766,spoiled,0.0095124645,0.99427015,0.9752452,0,True,True,True,False,False,False,Likely Not Fresh,Consume Immediately / Manual inspection recommended,54.829792,Consume Immediately,1,1,True,False
20260424_083940.jpg,1,Pork Shoulder,fresh,02:53:40,E:\Thesis Code\processed_hsv_lab_threshold_roi_224\sample 1\fresh\20260424_083940.jpg,pork_shoulder_sample_1,shoulder,cross_rotation,all,meatlens,all,all,all,file_destination,E:\Thesis Code\processed_hsv_lab_threshold_roi_224\sample 1\fresh\20260424_083940.jpg,False,researcher_home,old_phone,,fresh,fresh,0.9938432,0.0054169986,0.0007398038,fresh,0.9938432,not fresh,0.0054169986,0.9992602,0.9884262,0,True,True,True,False,False,False,Likely Fresh,Good for Consumption,99.68965,Good for Consumption,0,0,True,False
IMG_20260517_101116.jpg,7,Pork Loin,fresh,01:43:34,E:\Thesis Code\processed_hsv_lab_threshold_roi_224\sample 7\fresh\IMG_20260517_101116.jpg,pork_loin_sample_7,loin,cross_rotation,all,meatlens,all,all,all,file_destination,E:\Thesis Code\processed_hsv_lab_threshold_roi_224\sample 7\fresh\IMG_20260517_101116.jpg,False,researcher_home,new_phone,,fresh,fresh,0.985573,0.013267419,0.0011596045,fresh,0.985573,not fresh,0.013267419,0.9988404,0.9723056,0,True,True,True,False,False,False,Likely Fresh,Good for Consumption,99.29861,Good for Consumption,0,0,True,False
20260429_164625.jpg,3,Pork Belly,not fresh,12:42:13,E:\Thesis Code\processed_hsv_lab_threshold_roi_224\sample 3\not fresh\20260429_164625.jpg,pork_belly_sample_3,belly,cross_rotation,all,meatlens,all,all,all,file_destination,E:\Thesis Code\processed_hsv_lab_threshold_roi_224\sample 3\not fresh\20260429_164625.jpg,False,researcher_home,old_phone,,not fresh,not fresh,0.008262155,0.9902775,0.0014604363,not fresh,0.9902775,fresh,0.008262155,0.9985397,0.9820154,0,True,True,True,False,False,False,Likely Not Fresh,Consume Immediately / Manual inspection recommended,55.306084,Consume Immediately,1,1,True,False
FRESH-370-_JPG.rf.4158c4af570f647755093b7924023f4e.jpg,12,Various Pork Meat,fresh,,E:\Thesis Code\processed_hsv_lab_threshold_roi_224\sample 12\fresh\FRESH-370-_JPG.rf.4158c4af570f647755093b7924023f4e.jpg,various_pork_meat_sample_12,various,cross_rotation,all,public_dataset_2,all,all,all,file_destination,E:\Thesis Code\processed_hsv_lab_threshold_roi_224\sample 12\fresh\FRESH-370-_JPG.rf.4158c4af570f647755093b7924023f4e.jpg,False,public_dataset_2,public_dataset_2,,fresh,fresh,0.9520741,0.02452554,0.023400271,fresh,0.9520741,not fresh,0.02452554,0.97659963,0.9275486,0,True,True,True,False,False,False,Likely Fresh,Good for Consumption,96.79032,Good for Consumption,0,0,True,False
20260429_132921.jpg,3,Pork Belly,not fresh,09:24:25,E:\Thesis Code\processed_hsv_lab_threshold_roi_224\sample 3\not fresh\20260429_132921.jpg,pork_belly_sample_3,belly,cross_rotation,all,meatlens,all,all,all,file_destination,E:\Thesis Code\processed_hsv_lab_threshold_roi_224\sample 3\not fresh\20260429_132921.jpg,False,researcher_home,old_phone,,not fresh,not fresh,0.009765825,0.98649037,0.003743746,not fresh,0.98649037,fresh,0.009765825,0.9962562,0.97672457,0,True,True,True,False,False,False,Likely Not Fresh,Consume Immediately / Manual inspection recommended,55.27099,Consume Immediately,1,1,True,False
IMG20260423090436.jpg,2,Pork Shoulder,fresh,04:13:16,E:\Thesis Code\processed_hsv_lab_threshold_roi_224\sample 2\fresh\IMG20260423090436.jpg,pork_shoulder_sample_2,shoulder,cross_rotation,all,meatlens,all,all,all,file_destination,E:\Thesis Code\processed_hsv_lab_threshold_roi_224\sample 2\fresh\IMG20260423090436.jpg,False,partner_home,old_phone,,fresh,fresh,0.99563116,0.004120938,0.00024786044,fresh,0.99563116,not fresh,0.004120938,0.9997521,0.9915102,0,True,True,True,False,False,False,Likely Fresh,Good for Consumption,99.792244,Good for Consumption,0,0,True,False
20260516_092513.jpg,8,Pork Loin,fresh,05:03:55,E:\Thesis Code\processed_hsv_lab_threshold_roi_224\sample 8\fresh\20260516_092513.jpg,pork_loin_sample_8,loin,cross_rotation,all,meatlens,all,all,all,file_destination,E:\Thesis Code\processed_hsv_lab_threshold_roi_224\sample 8\fresh\20260516_092513.jpg,False,partner_home,new_phone,,fresh,fresh,0.8820746,0.117155515,0.0007699304,fresh,0.8820746,not fresh,0.117155515,0.9992301,0.7649191,0,True,True,True,False,True,False,Borderline Fresh / Early Not Fresh,Consume Immediately / Check carefully,94.658714,Good for Consumption,0,0,True,False
SPOILED-233-_JPG.rf.1bacc820b67d4ffe2e93b92ced3d7ae0.jpg,12,Various Pork Meat,spoiled,,E:\Thesis Code\processed_hsv_lab_threshold_roi_224\sample 12\spoiled\SPOILED-233-_JPG.rf.1bacc820b67d4ffe2e93b92ced3d7ae0.jpg,various_pork_meat_sample_12,various,cross_rotation,all,public_dataset_2,all,all,all,file_destination,E:\Thesis Code\processed_hsv_lab_threshold_roi_224\sample 12\spoiled\SPOILED-233-_JPG.rf.1bacc820b67d4ffe2e93b92ced3d7ae0.jpg,False,public_dataset_2,public_dataset_2,,spoiled,spoiled,0.0062009296,0.018722681,0.97507644,spoiled,0.97507644,not fresh,0.018722681,0.9937991,0.9563538,0,True,True,True,False,False,False,Likely Spoiled,Not Suitable,11.400605,Not Suitable,2,2,True,False
IMG_20260509_040526.jpg,5,Pork Ham,spoiled,19:58:48,E:\Thesis Code\processed_hsv_lab_threshold_roi_224\sample 5\spoiled\IMG_20260509_040526.jpg,pork_ham_sample_5,ham,cross_rotation,all,meatlens,all,all,all,file_destination,E:\Thesis Code\processed_hsv_lab_threshold_roi_224\sample 5\spoiled\IMG_20260509_040526.jpg,False,researcher_home,new_phone,,spoiled,spoiled,0.0004545162,0.0075294324,0.9920161,spoiled,0.9920161,not fresh,0.0075294324,0.9995455,0.98448664,0,True,True,True,False,False,False,Likely Spoiled,Not Suitable,10.379731,Not Suitable,2,2,True,False
20260425_165422.jpg,1,Pork Shoulder,spoiled,37:03:55,E:\Thesis Code\processed_hsv_lab_threshold_roi_224\sample 1\spoiled\20260425_165422.jpg,pork_shoulder_sample_1,shoulder,cross_rotation,all,meatlens,all,all,all,file_destination,E:\Thesis Code\processed_hsv_lab_threshold_roi_224\sample 1\spoiled\20260425_165422.jpg,False,researcher_home,old_phone,,spoiled,spoiled,0.0089736665,0.033657663,0.9573687,spoiled,0.9573687,not fresh,0.033657663,0.99102634,0.923711,0,True,True,True,False,False,False,Likely Spoiled,Not Suitable,12.322225,Not Suitable,2,2,True,False
20260429_162752.jpg,4,Pork Belly,not fresh,09:33:28,E:\Thesis Code\processed_hsv_lab_threshold_roi_224\sample 4\not fresh\20260429_162752.jpg,pork_belly_sample_4,belly,cross_rotation,all,meatlens,all,all,all,file_destination,E:\Thesis Code\processed_hsv_lab_threshold_roi_224\sample 4\not fresh\20260429_162752.jpg,False,partner_home,old_phone,,not fresh,not fresh,0.00046588486,0.97864175,0.020892426,not fresh,0.97864175,spoiled,0.020892426,0.9995342,0.9577493,0,True,True,True,False,False,False,Likely Not Fresh,Consume Immediately / Manual inspection recommended,54.08081,Consume Immediately,1,1,True,False
08-11-2022 19-23-53_jpg.rf.bwEFB2I33vKFw7iETbK0.jpg,11,Various Pork Meat,fresh,,E:\Thesis Code\processed_hsv_lab_threshold_roi_224\sample 11\fresh\08-11-2022 19-23-53_jpg.rf.bwEFB2I33vKFw7iETbK0.jpg,various_pork_meat_sample_11,various,cross_rotation,all,public_dataset_2,all,all,all,file_destination,E:\Thesis Code\processed_hsv_lab_threshold_roi_224\sample 11\fresh\08-11-2022 19-23-53_jpg.rf.bwEFB2I33vKFw7iETbK0.jpg,False,public_dataset_2,public_dataset_2,,fresh,fresh,0.8583405,0.1396634,0.0019961223,fresh,0.8583405,not fresh,0.1396634,0.9980039,0.7186771,0,True,True,True,False,True,False,Borderline Fresh / Early Not Fresh,Consume Immediately / Check carefully,93.5355,Good for Consumption,0,0,True,False
20260429_054100.jpg,3,Pork Belly,fresh,05:07:42,E:\Thesis Code\processed_hsv_lab_threshold_roi_224\sample 3\fresh\20260429_054100.jpg,pork_belly_sample_3,belly,cross_rotation,all,meatlens,all,all,all,file_destination,E:\Thesis Code\processed_hsv_lab_threshold_roi_224\sample 3\fresh\20260429_054100.jpg,False,researcher_home,old_phone,,fresh,fresh,0.98700815,0.0106744245,0.0023174656,fresh,0.98700815,not fresh,0.0106744245,0.9976826,0.97633374,0,True,True,True,False,False,False,Likely Fresh,Good for Consumption,99.31108,Good for Consumption,0,0,True,False
20260624_092146.jpg,9,Pork Hind Leg,fresh,04:00:00,E:\Thesis Code\processed_hsv_lab_threshold_roi_224\sample 9\fresh\20260624_092146.jpg,pork_hind_leg_sample_9,hind_leg,cross_rotation,all,public_dataset_2,all,all,all,file_destination,E:\Thesis Code\processed_hsv_lab_threshold_roi_224\sample 9\fresh\20260624_092146.jpg,False,public_dataset_2,public_dataset_2,,fresh,fresh,0.7297187,0.24563949,0.024641754,fresh,0.7297187,not fresh,0.24563949,0.9753582,0.48407918,0,True,True,True,False,True,False,Borderline Fresh / Early Not Fresh,Consume Immediately / Check carefully,86.728455,Good for Consumption,0,0,True,False
20260516_111300.jpg,8,Pork Loin,not fresh,07:14:46,E:\Thesis Code\processed_hsv_lab_threshold_roi_224\sample 8\not fresh\20260516_111300.jpg,pork_loin_sample_8,loin,cross_rotation,all,meatlens,all,all,all,file_destination,E:\Thesis Code\processed_hsv_lab_threshold_roi_224\sample 8\not fresh\20260516_111300.jpg,False,partner_home,new_phone,,not fresh,fresh,0.6312733,0.3661818,0.0025448357,fresh,0.6312733,not fresh,0.3661818,0.9974551,0.26509154,1,False,True,True,False,True,False,Borderline Fresh / Early Not Fresh,Consume Immediately / Check carefully,83.29278,Good for Consumption,0,1,True,False
20260430_180831.jpg,4,Pork Belly,spoiled,32:37:23,E:\Thesis Code\processed_hsv_lab_threshold_roi_224\sample 4\spoiled\20260430_180831.jpg,pork_belly_sample_4,belly,cross_rotation,all,meatlens,all,all,all,file_destination,E:\Thesis Code\processed_hsv_lab_threshold_roi_224\sample 4\spoiled\20260430_180831.jpg,False,partner_home,old_phone,,spoiled,spoiled,0.0021426624,0.004945498,0.9929119,spoiled,0.9929119,not fresh,0.004945498,0.9978574,0.98796636,0,True,True,True,False,False,False,Likely Spoiled,Not Suitable,10.415387,Not Suitable,2,2,True,False
SPOILED-479-_JPG.rf.e38d4b914d9ad1ef813e301c62645630.jpg,12,Various Pork Meat,spoiled,,E:\Thesis Code\processed_hsv_lab_threshold_roi_224\sample 12\spoiled\SPOILED-479-_JPG.rf.e38d4b914d9ad1ef813e301c62645630.jpg,various_pork_meat_sample_12,various,cross_rotation,all,public_dataset_2,all,all,all,file_destination,E:\Thesis Code\processed_hsv_lab_threshold_roi_224\sample 12\spoiled\SPOILED-479-_JPG.rf.e38d4b914d9ad1ef813e301c62645630.jpg,False,public_dataset_2,public_dataset_2,,spoiled,spoiled,0.011709798,0.054599006,0.93369114,spoiled,0.93369114,not fresh,0.054599006,0.98829013,0.87909216,0,True,True,True,False,False,False,Likely Spoiled,Not Suitable,13.510837,Not Suitable,2,2,True,False
20260517_114627.jpg,8,Pork Loin,spoiled,29:17:11,E:\Thesis Code\processed_hsv_lab_threshold_roi_224\sample 8\spoiled\20260517_114627.jpg,pork_loin_sample_8,loin,cross_rotation,all,meatlens,all,all,all,file_destination,E:\Thesis Code\processed_hsv_lab_threshold_roi_224\sample 8\spoiled\20260517_114627.jpg,False,partner_home,new_phone,,spoiled,spoiled,4.799461e-05,0.015978334,0.98397374,spoiled,0.98397374,not fresh,0.015978334,0.9999521,0.9679954,0,True,True,True,False,False,False,Likely Spoiled,Not Suitable,10.723345,Not Suitable,2,2,True,False
IMG_20260508_083042.jpg,5,Pork Ham,fresh,04:22:55,E:\Thesis Code\processed_hsv_lab_threshold_roi_224\sample 5\fresh\IMG_20260508_083042.jpg,pork_ham_sample_5,ham,cross_rotation,all,meatlens,all,all,all,file_destination,E:\Thesis Code\processed_hsv_lab_threshold_roi_224\sample 5\fresh\IMG_20260508_083042.jpg,False,researcher_home,new_phone,,fresh,fresh,0.9963228,0.0035831954,9.394104e-05,fresh,0.9963228,not fresh,0.0035831954,0.999906,0.9927396,0,True,True,True,False,False,False,Likely Fresh,Good for Consumption,99.8303,Good for Consumption,0,0,True,False
20260516_130819.jpg,8,Pork Loin,not fresh,09:17:11,E:\Thesis Code\processed_hsv_lab_threshold_roi_224\sample 8\not fresh\20260516_130819.jpg,pork_loin_sample_8,loin,cross_rotation,all,meatlens,all,all,all,file_destination,E:\Thesis Code\processed_hsv_lab_threshold_roi_224\sample 8\not fresh\20260516_130819.jpg,False,partner_home,new_phone,,not fresh,not fresh,0.06386988,0.9293533,0.0067767096,not fresh,0.9293533,fresh,0.06386988,0.9932232,0.8654834,0,True,True,True,False,False,False,Likely Not Fresh,Consume Immediately / Manual inspection recommended,57.569187,Consume Immediately,1,1,True,False
08-11-2022 18-18-26_jpg.rf.BrwLLO5YDQS9zMDC2gDu.jpg,11,Various Pork Meat,fresh,,E:\Thesis Code\processed_hsv_lab_threshold_roi_224\sample 11\fresh\08-11-2022 18-18-26_jpg.rf.BrwLLO5YDQS9zMDC2gDu.jpg,various_pork_meat_sample_11,various,cross_rotation,all,public_dataset_2,all,all,all,file_destination,E:\Thesis Code\processed_hsv_lab_threshold_roi_224\sample 11\fresh\08-11-2022 18-18-26_jpg.rf.BrwLLO5YDQS9zMDC2gDu.jpg,False,public_dataset_2,public_dataset_2,,fresh,not fresh,0.36969486,0.5418023,0.08850284,not fresh,0.5418023,fresh,0.36969486,0.9114971,0.17210743,1,False,True,True,False,True,True,Borderline Fresh / Early Not Fresh,Consume Immediately / Check carefully,67.65364,Consume Immediately,1,0,True,False
SPOILED-163-_JPG.rf.17ed9e861f8ebc5d23b03d865cc56190.jpg,12,Various Pork Meat,spoiled,,E:\Thesis Code\processed_hsv_lab_threshold_roi_224\sample 12\spoiled\SPOILED-163-_JPG.rf.17ed9e861f8ebc5d23b03d865cc56190.jpg,various_pork_meat_sample_12,various,cross_rotation,all,public_dataset_2,all,all,all,file_destination,E:\Thesis Code\processed_hsv_lab_threshold_roi_224\sample 12\spoiled\SPOILED-163-_JPG.rf.17ed9e861f8ebc5d23b03d865cc56190.jpg,False,public_dataset_2,public_dataset_2,,spoiled,spoiled,0.0027383566,0.052934557,0.9443271,spoiled,0.9443271,not fresh,0.052934557,0.99726164,0.8913926,0,True,True,True,False,False,False,Likely Spoiled,Not Suitable,12.628508,Not Suitable,2,2,True,False
20260517_191340.jpg,8,Pork Loin,spoiled,38:25:56,E:\Thesis Code\processed_hsv_lab_threshold_roi_224\sample 8\spoiled\20260517_191340.jpg,pork_loin_sample_8,loin,cross_rotation,all,meatlens,all,all,all,file_destination,E:\Thesis Code\processed_hsv_lab_threshold_roi_224\sample 8\spoiled\20260517_191340.jpg,False,partner_home,new_phone,,spoiled,spoiled,0.000107592605,0.008663095,0.9912293,spoiled,0.9912293,not fresh,0.008663095,0.9998924,0.9825662,0,True,True,True,False,False,False,Likely Spoiled,Not Suitable,10.399523,Not Suitable,2,2,True,False
IMG20260508175533.jpg,6,Pork Ham,not fresh,13:55:47,E:\Thesis Code\processed_hsv_lab_threshold_roi_224\sample 6\not fresh\IMG20260508175533.jpg,pork_ham_sample_6,ham,cross_rotation,all,meatlens,all,all,all,file_destination,E:\Thesis Code\processed_hsv_lab_threshold_roi_224\sample 6\not fresh\IMG20260508175533.jpg,False,partner_home,new_phone,,not fresh,not fresh,0.008630967,0.7089345,0.28243443,not fresh,0.7089345,spoiled,0.28243443,0.9913689,0.42650005,0,True,True,True,False,True,False,Borderline Spoiled / Advanced Not Fresh,Not Suitable / Manual inspection recommended,42.678837,Consume Immediately,1,1,True,False
20260704_130132.jpg,10,Pork Belly,spoiled,24:00:00,E:\Thesis Code\processed_hsv_lab_threshold_roi_224\sample 10\spoiled\20260704_130132.jpg,pork_belly_sample_10,belly,cross_rotation,all,public_dataset_2,all,all,all,file_destination,E:\Thesis Code\processed_hsv_lab_threshold_roi_224\sample 10\spoiled\20260704_130132.jpg,False,public_dataset_2,public_dataset_2,,spoiled,spoiled,0.00044893977,0.0010638953,0.9984871,spoiled,0.9984871,not fresh,0.0010638953,0.999551,0.99742323,0,True,True,True,False,False,False,Likely Spoiled,Not Suitable,10.08828,Not Suitable,2,2,True,False
20260430_130311.jpg,4,Pork Belly,spoiled,26:06:38,E:\Thesis Code\processed_hsv_lab_threshold_roi_224\sample 4\spoiled\20260430_130311.jpg,pork_belly_sample_4,belly,cross_rotation,all,meatlens,all,all,all,file_destination,E:\Thesis Code\processed_hsv_lab_threshold_roi_224\sample 4\spoiled\20260430_130311.jpg,False,partner_home,old_phone,,spoiled,spoiled,5.429046e-05,0.003093373,0.99685234,spoiled,0.99685234,not fresh,0.003093373,0.9999457,0.993759,0,True,True,True,False,False,False,Likely Spoiled,Not Suitable,10.144088,Not Suitable,2,2,True,False
20260424_164229.jpg,2,Pork Shoulder,spoiled,38:44:01,E:\Thesis Code\processed_hsv_lab_threshold_roi_224\sample 2\spoiled\20260424_164229.jpg,pork_shoulder_sample_2,shoulder,cross_rotation,all,meatlens,all,all,all,file_destination,E:\Thesis Code\processed_hsv_lab_threshold_roi_224\sample 2\spoiled\20260424_164229.jpg,False,partner_home,old_phone,,spoiled,spoiled,0.00023588966,0.00014373814,0.9996203,spoiled,0.9996203,fresh,0.00023588966,0.99985623,0.9993844,0,True,True,True,False,False,False,Likely Spoiled,Not Suitable,10.027698,Not Suitable,2,2,False,False
HALF-FRESH-312-_JPG.rf.9b8ef85f71f295bd89ad460f60223143.jpg,12,Various Pork Meat,not fresh,,E:\Thesis Code\processed_hsv_lab_threshold_roi_224\sample 12\not fresh\HALF-FRESH-312-_JPG.rf.9b8ef85f71f295bd89ad460f60223143.jpg,various_pork_meat_sample_12,various,cross_rotation,all,public_dataset_2,all,all,all,file_destination,E:\Thesis Code\processed_hsv_lab_threshold_roi_224\sample 12\not fresh\HALF-FRESH-312-_JPG.rf.9b8ef85f71f295bd89ad460f60223143.jpg,False,public_dataset_2,public_dataset_2,,not fresh,not fresh,0.20463513,0.69385064,0.10151433,not fresh,0.69385064,fresh,0.20463513,0.8984858,0.4892155,0,True,True,True,False,True,False,Borderline Fresh / Early Not Fresh,Consume Immediately / Check carefully,59.64044,Consume Immediately,1,1,True,False
20260424_155540.jpg,2,Pork Shoulder,spoiled,36:54:16,E:\Thesis Code\processed_hsv_lab_threshold_roi_224\sample 2\spoiled\20260424_155540.jpg,pork_shoulder_sample_2,shoulder,cross_rotation,all,meatlens,all,all,all,file_destination,E:\Thesis Code\processed_hsv_lab_threshold_roi_224\sample 2\spoiled\20260424_155540.jpg,False,partner_home,old_phone,,spoiled,spoiled,7.536709e-05,3.7857444e-05,0.99988675,spoiled,0.99988675,fresh,7.536709e-05,0.9999621,0.9998114,0,True,True,True,False,False,False,Likely Spoiled,Not Suitable,10.008487,Not Suitable,2,2,False,False
20260703_143536.jpg,10,Pork Belly,not fresh,12:00:00,E:\Thesis Code\processed_hsv_lab_threshold_roi_224\sample 10\not fresh\20260703_143536.jpg,pork_belly_sample_10,belly,cross_rotation,all,public_dataset_2,all,all,all,file_destination,E:\Thesis Code\processed_hsv_lab_threshold_roi_224\sample 10\not fresh\20260703_143536.jpg,False,public_dataset_2,public_dataset_2,,not fresh,not fresh,0.038002938,0.9294648,0.03253227,not fresh,0.9294648,fresh,0.038002938,0.9674678,0.89146185,0,True,True,True,False,False,False,Likely Not Fresh,Consume Immediately / Manual inspection recommended,55.24618,Consume Immediately,1,1,True,False
20260516_150034.jpg,8,Pork Loin,not fresh,11:04:49,E:\Thesis Code\processed_hsv_lab_threshold_roi_224\sample 8\not fresh\20260516_150034.jpg,pork_loin_sample_8,loin,cross_rotation,all,meatlens,all,all,all,file_destination,E:\Thesis Code\processed_hsv_lab_threshold_roi_224\sample 8\not fresh\20260516_150034.jpg,False,partner_home,new_phone,,not fresh,not fresh,0.0114351325,0.94675916,0.041805726,not fresh,0.94675916,spoiled,0.041805726,0.9885649,0.9049534,0,True,True,True,False,False,False,Likely Not Fresh,Consume Immediately / Manual inspection recommended,53.633324,Consume Immediately,1,1,True,False
08-11-2022 23-35-45_jpg.rf.J2TdtRVlzRBQrCIzupFs.jpg,11,Various Pork Meat,not fresh,,E:\Thesis Code\processed_hsv_lab_threshold_roi_224\sample 11\half fresh\08-11-2022 23-35-45_jpg.rf.J2TdtRVlzRBQrCIzupFs.jpg,various_pork_meat_sample_11,various,cross_rotation,all,public_dataset_2,all,all,all,file_destination,E:\Thesis Code\processed_hsv_lab_threshold_roi_224\sample 11\half fresh\08-11-2022 23-35-45_jpg.rf.J2TdtRVlzRBQrCIzupFs.jpg,False,public_dataset_2,public_dataset_2,,not fresh,not fresh,0.30398944,0.61644036,0.07957012,not fresh,0.61644036,fresh,0.30398944,0.9204298,0.31245092,0,True,True,True,False,True,False,Borderline Fresh / Early Not Fresh,Consume Immediately / Check carefully,65.09886,Consume Immediately,1,1,True,False
IMG20260508161026.jpg,6,Pork Ham,not fresh,12:10:15,E:\Thesis Code\processed_hsv_lab_threshold_roi_224\sample 6\not fresh\IMG20260508161026.jpg,pork_ham_sample_6,ham,cross_rotation,all,meatlens,all,all,all,file_destination,E:\Thesis Code\processed_hsv_lab_threshold_roi_224\sample 6\not fresh\IMG20260508161026.jpg,False,partner_home,new_phone,,not fresh,not fresh,0.004589749,0.93885887,0.056551453,not fresh,0.93885887,spoiled,0.056551453,0.9954103,0.8823074,0,True,True,True,False,False,False,Likely Not Fresh,Consume Immediately / Manual inspection recommended,52.661728,Consume Immediately,1,1,True,False
20260703_072957.jpg,10,Pork Belly,fresh,04:00:00,E:\Thesis Code\processed_hsv_lab_threshold_roi_224\sample 10\fresh\20260703_072957.jpg,pork_belly_sample_10,belly,cross_rotation,all,public_dataset_2,all,all,all,file_destination,E:\Thesis Code\processed_hsv_lab_threshold_roi_224\sample 10\fresh\20260703_072957.jpg,False,public_dataset_2,public_dataset_2,,fresh,fresh,0.95760703,0.038848888,0.0035440442,fresh,0.95760703,not fresh,0.038848888,0.9964559,0.91875815,0,True,True,True,False,False,False,Likely Fresh,Good for Consumption,97.93283,Good for Consumption,0,0,True,False
IMG20260508172130.jpg,6,Pork Ham,not fresh,13:22:01,E:\Thesis Code\processed_hsv_lab_threshold_roi_224\sample 6\not fresh\IMG20260508172130.jpg,pork_ham_sample_6,ham,cross_rotation,all,meatlens,all,all,all,file_destination,E:\Thesis Code\processed_hsv_lab_threshold_roi_224\sample 6\not fresh\IMG20260508172130.jpg,False,partner_home,new_phone,,not fresh,not fresh,0.022718264,0.8599448,0.11733689,not fresh,0.8599448,spoiled,0.11733689,0.9772817,0.74260795,0,True,True,True,False,True,False,Borderline Spoiled / Advanced Not Fresh,Not Suitable / Manual inspection recommended,50.74216,Consume Immediately,1,1,True,False
20260424_153949.jpg,1,Pork Shoulder,not fresh,11:39:30,E:\Thesis Code\processed_hsv_lab_threshold_roi_224\sample 1\not fresh\20260424_153949.jpg,pork_shoulder_sample_1,shoulder,cross_rotation,all,meatlens,all,all,all,file_destination,E:\Thesis Code\processed_hsv_lab_threshold_roi_224\sample 1\not fresh\20260424_153949.jpg,False,researcher_home,old_phone,,not fresh,not fresh,0.007042692,0.9900788,0.0028785735,not fresh,0.9900788,fresh,0.007042692,0.9971215,0.9830361,0,True,True,True,False,False,False,Likely Not Fresh,Consume Immediately / Manual inspection recommended,55.18739,Consume Immediately,1,1,True,False
20260625_085835.jpg,9,Pork Hind Leg,spoiled,24:00:00,E:\Thesis Code\processed_hsv_lab_threshold_roi_224\sample 9\spoiled\20260625_085835.jpg,pork_hind_leg_sample_9,hind_leg,cross_rotation,all,public_dataset_2,all,all,all,file_destination,E:\Thesis Code\processed_hsv_lab_threshold_roi_224\sample 9\spoiled\20260625_085835.jpg,False,public_dataset_2,public_dataset_2,,spoiled,spoiled,0.020788077,0.015580547,0.9636314,spoiled,0.9636314,fresh,0.020788077,0.98441947,0.9428433,0,True,True,True,False,False,False,Likely Spoiled,Not Suitable,12.572052,Not Suitable,2,2,False,False
IMG_20260518_153525.jpg,7,Pork Loin,spoiled,32:09:39,E:\Thesis Code\processed_hsv_lab_threshold_roi_224\sample 7\spoiled\IMG_20260518_153525.jpg,pork_loin_sample_7,loin,cross_rotation,all,meatlens,all,all,all,file_destination,E:\Thesis Code\processed_hsv_lab_threshold_roi_224\sample 7\spoiled\IMG_20260518_153525.jpg,False,researcher_home,new_phone,,spoiled,spoiled,0.00015029986,0.0005371352,0.9993125,spoiled,0.9993125,not fresh,0.0005371352,0.9998497,0.99877536,0,True,True,True,False,False,False,Likely Spoiled,Not Suitable,10.037698,Not Suitable,2,2,True,False
20260624_220550.jpg,9,Pork Hind Leg,spoiled,24:00:00,E:\Thesis Code\processed_hsv_lab_threshold_roi_224\sample 9\spoiled\20260624_220550.jpg,pork_hind_leg_sample_9,hind_leg,cross_rotation,all,public_dataset_2,all,all,all,file_destination,E:\Thesis Code\processed_hsv_lab_threshold_roi_224\sample 9\spoiled\20260624_220550.jpg,False,public_dataset_2,public_dataset_2,,spoiled,spoiled,0.07998387,0.26557347,0.65444267,spoiled,0.65444267,not fresh,0.26557347,0.92001617,0.3888692,0,True,True,True,False,True,False,Borderline Spoiled / Advanced Not Fresh,Not Suitable / Manual inspection recommended,29.149355,Not Suitable,2,2,True,False
HALF-FRESH-604-_JPG.rf.f1ac6c3086c210df3acaf5f6fbd6862c.jpg,12,Various Pork Meat,not fresh,,E:\Thesis Code\processed_hsv_lab_threshold_roi_224\sample 12\not fresh\HALF-FRESH-604-_JPG.rf.f1ac6c3086c210df3acaf5f6fbd6862c.jpg,various_pork_meat_sample_12,various,cross_rotation,all,public_dataset_2,all,all,all,file_destination,E:\Thesis Code\processed_hsv_lab_threshold_roi_224\sample 12\not fresh\HALF-FRESH-604-_JPG.rf.f1ac6c3086c210df3acaf5f6fbd6862c.jpg,False,public_dataset_2,public_dataset_2,,not fresh,spoiled,0.0616035,0.05848071,0.8799157,spoiled,0.8799157,fresh,0.0616035,0.9415192,0.8183122,1,False,False,True,False,True,False,Uncertain / Non-adjacent Class Conflict,No reliable result / Retake image,18.175947,Not Suitable,2,1,False,True
IMG20260423093108.jpg,2,Pork Shoulder,fresh,04:54:52,E:\Thesis Code\processed_hsv_lab_threshold_roi_224\sample 2\fresh\IMG20260423093108.jpg,pork_shoulder_sample_2,shoulder,cross_rotation,all,meatlens,all,all,all,file_destination,E:\Thesis Code\processed_hsv_lab_threshold_roi_224\sample 2\fresh\IMG20260423093108.jpg,False,partner_home,old_phone,,fresh,fresh,0.9801358,0.018761696,0.0011025004,fresh,0.9801358,not fresh,0.018761696,0.9988975,0.9613741,0,True,True,True,False,False,False,Likely Fresh,Good for Consumption,99.056496,Good for Consumption,0,0,True,False
SPOILED-222-_JPG.rf.93cf622a565ccb08af4c79407d5f7f23.jpg,12,Various Pork Meat,spoiled,,E:\Thesis Code\processed_hsv_lab_threshold_roi_224\sample 12\spoiled\SPOILED-222-_JPG.rf.93cf622a565ccb08af4c79407d5f7f23.jpg,various_pork_meat_sample_12,various,cross_rotation,all,public_dataset_2,all,all,all,file_destination,E:\Thesis Code\processed_hsv_lab_threshold_roi_224\sample 12\spoiled\SPOILED-222-_JPG.rf.93cf622a565ccb08af4c79407d5f7f23.jpg,False,public_dataset_2,public_dataset_2,,spoiled,spoiled,0.0014770512,0.106574714,0.8919482,spoiled,0.8919482,not fresh,0.106574714,0.99852294,0.7853735,0,True,True,True,False,True,False,Borderline Spoiled / Advanced Not Fresh,Not Suitable / Manual inspection recommended,14.928797,Not Suitable,2,2,True,False
20260429_182926.jpg,3,Pork Belly,not fresh,14:25:56,E:\Thesis Code\processed_hsv_lab_threshold_roi_224\sample 3\not fresh\20260429_182926.jpg,pork_belly_sample_3,belly,cross_rotation,all,meatlens,all,all,all,file_destination,E:\Thesis Code\processed_hsv_lab_threshold_roi_224\sample 3\not fresh\20260429_182926.jpg,False,researcher_home,old_phone,,not fresh,not fresh,0.014354999,0.79061836,0.19502664,not fresh,0.79061836,spoiled,0.19502664,0.985645,0.5955917,0,True,True,True,False,True,False,Borderline Spoiled / Advanced Not Fresh,Not Suitable / Manual inspection recommended,46.869778,Consume Immediately,1,1,True,False
HALF-FRESH-422-_JPG.rf.6f55c886d9686193270736ee499e66f9.jpg,12,Various Pork Meat,not fresh,,E:\Thesis Code\processed_hsv_lab_threshold_roi_224\sample 12\not fresh\HALF-FRESH-422-_JPG.rf.6f55c886d9686193270736ee499e66f9.jpg,various_pork_meat_sample_12,various,cross_rotation,all,public_dataset_2,all,all,all,file_destination,E:\Thesis Code\processed_hsv_lab_threshold_roi_224\sample 12\not fresh\HALF-FRESH-422-_JPG.rf.6f55c886d9686193270736ee499e66f9.jpg,False,public_dataset_2,public_dataset_2,,not fresh,spoiled,0.00052150764,0.18335938,0.81611913,spoiled,0.81611913,not fresh,0.18335938,0.9994785,0.63275975,1,False,True,True,False,True,False,Borderline Spoiled / Advanced Not Fresh,Not Suitable / Manual inspection recommended,18.29811,Not Suitable,2,1,True,False
20260430_212955.jpg,3,Pork Belly,spoiled,32:22:55,E:\Thesis Code\processed_hsv_lab_threshold_roi_224\sample 3\spoiled\20260430_212955.jpg,pork_belly_sample_3,belly,cross_rotation,all,meatlens,all,all,all,file_destination,E:\Thesis Code\processed_hsv_lab_threshold_roi_224\sample 3\spoiled\20260430_212955.jpg,False,researcher_home,old_phone,,spoiled,spoiled,5.350214e-05,0.002244586,0.99770194,spoiled,0.99770194,not fresh,0.002244586,0.99994653,0.99545735,0,True,True,True,False,False,False,Likely Spoiled,Not Suitable,10.105822,Not Suitable,2,2,True,False
20260516_225312.jpg,8,Pork Loin,spoiled,19:52:46,E:\Thesis Code\processed_hsv_lab_threshold_roi_224\sample 8\spoiled\20260516_225312.jpg,pork_loin_sample_8,loin,cross_rotation,all,meatlens,all,all,all,file_destination,E:\Thesis Code\processed_hsv_lab_threshold_roi_224\sample 8\spoiled\20260516_225312.jpg,False,partner_home,new_phone,,spoiled,spoiled,0.0093329325,0.34468776,0.64597934,spoiled,0.64597934,not fresh,0.34468776,0.9906671,0.30129158,0,True,True,True,False,True,False,Borderline Spoiled / Advanced Not Fresh,Not Suitable / Manual inspection recommended,26.350914,Not Suitable,2,2,True,False
IMG_20260518_164125.jpg,7,Pork Loin,spoiled,33:12:22,E:\Thesis Code\processed_hsv_lab_threshold_roi_224\sample 7\spoiled\IMG_20260518_164125.jpg,pork_loin_sample_7,loin,cross_rotation,all,meatlens,all,all,all,file_destination,E:\Thesis Code\processed_hsv_lab_threshold_roi_224\sample 7\spoiled\IMG_20260518_164125.jpg,False,researcher_home,new_phone,,spoiled,spoiled,0.00026940845,0.00040085733,0.99932975,spoiled,0.99932975,not fresh,0.00040085733,0.9997306,0.9989289,0,True,True,True,False,False,False,Likely Spoiled,Not Suitable,10.042286,Not Suitable,2,2,True,False
HALF-FRESH-927-_JPG.rf.9ce3c972f885b55f507e4f5ccc4a45fb.jpg,12,Various Pork Meat,not fresh,,E:\Thesis Code\processed_hsv_lab_threshold_roi_224\sample 12\not fresh\HALF-FRESH-927-_JPG.rf.9ce3c972f885b55f507e4f5ccc4a45fb.jpg,various_pork_meat_sample_12,various,cross_rotation,all,public_dataset_2,all,all,all,file_destination,E:\Thesis Code\processed_hsv_lab_threshold_roi_224\sample 12\not fresh\HALF-FRESH-927-_JPG.rf.9ce3c972f885b55f507e4f5ccc4a45fb.jpg,False,public_dataset_2,public_dataset_2,,not fresh,not fresh,0.009748012,0.51503706,0.475215,not fresh,0.51503706,spoiled,0.475215,0.990252,0.03982207,0,True,True,True,False,True,True,Borderline Spoiled / Advanced Not Fresh,Not Suitable / Manual inspection recommended,34.05399,Not Suitable,1,1,True,False
20260424_084240.jpg,1,Pork Shoulder,fresh,02:58:30,E:\Thesis Code\processed_hsv_lab_threshold_roi_224\sample 1\fresh\20260424_084240.jpg,pork_shoulder_sample_1,shoulder,cross_rotation,all,meatlens,all,all,all,file_destination,E:\Thesis Code\processed_hsv_lab_threshold_roi_224\sample 1\fresh\20260424_084240.jpg,False,researcher_home,old_phone,,fresh,fresh,0.9927462,0.0057015824,0.001552203,fresh,0.9927462,not fresh,0.0057015824,0.9984478,0.9870446,0,True,True,True,False,False,False,Likely Fresh,Good for Consumption,99.60373,Good for Consumption,0,0,True,False
20260703_094448.jpg,10,Pork Belly,fresh,04:00:00,E:\Thesis Code\processed_hsv_lab_threshold_roi_224\sample 10\fresh\20260703_094448.jpg,pork_belly_sample_10,belly,cross_rotation,all,public_dataset_2,all,all,all,file_destination,E:\Thesis Code\processed_hsv_lab_threshold_roi_224\sample 10\fresh\20260703_094448.jpg,False,public_dataset_2,public_dataset_2,,fresh,fresh,0.8501668,0.1464351,0.0033981157,fresh,0.8501668,not fresh,0.1464351,0.9966019,0.7037317,0,True,True,True,False,True,False,Borderline Fresh / Early Not Fresh,Consume Immediately / Check carefully,93.10459,Good for Consumption,0,0,True,False
IMG20260508170700.jpg,6,Pork Ham,not fresh,13:07:14,E:\Thesis Code\processed_hsv_lab_threshold_roi_224\sample 6\not fresh\IMG20260508170700.jpg,pork_ham_sample_6,ham,cross_rotation,all,meatlens,all,all,all,file_destination,E:\Thesis Code\processed_hsv_lab_threshold_roi_224\sample 6\not fresh\IMG20260508170700.jpg,False,partner_home,new_phone,,not fresh,not fresh,0.017618543,0.87777853,0.10460291,not fresh,0.87777853,spoiled,0.10460291,0.98238146,0.7731756,0,True,True,True,False,True,False,Borderline Spoiled / Advanced Not Fresh,Not Suitable / Manual inspection recommended,51.0857,Consume Immediately,1,1,True,False
20260430_090936.jpg,3,Pork Belly,spoiled,24:44:37,E:\Thesis Code\processed_hsv_lab_threshold_roi_224\sample 3\spoiled\20260430_090936.jpg,pork_belly_sample_3,belly,cross_rotation,all,meatlens,all,all,all,file_destination,E:\Thesis Code\processed_hsv_lab_threshold_roi_224\sample 3\spoiled\20260430_090936.jpg,False,researcher_home,old_phone,,spoiled,spoiled,0.0033598163,0.0031495576,0.99349064,spoiled,0.99349064,fresh,0.0033598163,0.99685043,0.99013084,0,True,True,True,False,False,False,Likely Spoiled,Not Suitable,10.444114,Not Suitable,2,2,False,False
IMG20260508191107.jpg,6,Pork Ham,spoiled,15:02:43,E:\Thesis Code\processed_hsv_lab_threshold_roi_224\sample 6\spoiled\IMG20260508191107.jpg,pork_ham_sample_6,ham,cross_rotation,all,meatlens,all,all,all,file_destination,E:\Thesis Code\processed_hsv_lab_threshold_roi_224\sample 6\spoiled\IMG20260508191107.jpg,False,partner_home,new_phone,,spoiled,spoiled,0.00140496,0.19129266,0.80730236,spoiled,0.80730236,not fresh,0.19129266,0.998595,0.6160097,0,True,True,True,False,True,False,Borderline Spoiled / Advanced Not Fresh,Not Suitable / Manual inspection recommended,18.734615,Not Suitable,2,2,True,False
IMG_20260517_113533.jpg,7,Pork Loin,fresh,05:45:12,E:\Thesis Code\processed_hsv_lab_threshold_roi_224\sample 7\fresh\IMG_20260517_113533.jpg,pork_loin_sample_7,loin,cross_rotation,all,meatlens,all,all,all,file_destination,E:\Thesis Code\processed_hsv_lab_threshold_roi_224\sample 7\fresh\IMG_20260517_113533.jpg,False,researcher_home,new_phone,,fresh,fresh,0.8238628,0.16479279,0.011344416,fresh,0.8238628,not fresh,0.16479279,0.98865557,0.65907,0,True,True,True,False,True,False,Borderline Fresh / Early Not Fresh,Consume Immediately / Check carefully,91.563324,Good for Consumption,0,0,True,False
20260703_065815.jpg,10,Pork Belly,fresh,04:00:00,E:\Thesis Code\processed_hsv_lab_threshold_roi_224\sample 10\fresh\20260703_065815.jpg,pork_belly_sample_10,belly,cross_rotation,all,public_dataset_2,all,all,all,file_destination,E:\Thesis Code\processed_hsv_lab_threshold_roi_224\sample 10\fresh\20260703_065815.jpg,False,public_dataset_2,public_dataset_2,,fresh,fresh,0.98261434,0.014490077,0.0028956211,fresh,0.98261434,not fresh,0.014490077,0.9971044,0.9681243,0,True,True,True,False,False,False,Likely Fresh,Good for Consumption,99.08734,Good for Consumption,0,0,True,False
20260429_165256.jpg,4,Pork Belly,not fresh,10:13:16,E:\Thesis Code\processed_hsv_lab_threshold_roi_224\sample 4\not fresh\20260429_165256.jpg,pork_belly_sample_4,belly,cross_rotation,all,meatlens,all,all,all,file_destination,E:\Thesis Code\processed_hsv_lab_threshold_roi_224\sample 4\not fresh\20260429_165256.jpg,False,partner_home,old_phone,,not fresh,not fresh,0.0015092166,0.9429049,0.055585895,not fresh,0.9429049,spoiled,0.055585895,0.9984908,0.88731897,0,True,True,True,False,False,False,Likely Not Fresh,Consume Immediately / Manual inspection recommended,52.56655,Consume Immediately,1,1,True,False
20260429_072219.jpg,4,Pork Belly,fresh,02:32:13,E:\Thesis Code\processed_hsv_lab_threshold_roi_224\sample 4\fresh\20260429_072219.jpg,pork_belly_sample_4,belly,cross_rotation,all,meatlens,all,all,all,file_destination,E:\Thesis Code\processed_hsv_lab_threshold_roi_224\sample 4\fresh\20260429_072219.jpg,False,partner_home,old_phone,,fresh,fresh,0.9968868,0.0021864607,0.00092667906,fresh,0.9968868,not fresh,0.0021864607,0.99907327,0.9947003,0,True,True,True,False,False,False,Likely Fresh,Good for Consumption,99.8182,Good for Consumption,0,0,True,False
IMG_20260508_065240.jpg,5,Pork Ham,fresh,02:41:36,E:\Thesis Code\processed_hsv_lab_threshold_roi_224\sample 5\fresh\IMG_20260508_065240.jpg,pork_ham_sample_5,ham,cross_rotation,all,meatlens,all,all,all,file_destination,E:\Thesis Code\processed_hsv_lab_threshold_roi_224\sample 5\fresh\IMG_20260508_065240.jpg,False,researcher_home,new_phone,,fresh,fresh,0.9944066,0.005513151,8.030354e-05,fresh,0.9944066,not fresh,0.005513151,0.9999197,0.98889345,0,True,True,True,False,False,False,Likely Fresh,Good for Consumption,99.74468,Good for Consumption,0,0,True,False
20260429_174234.jpg,4,Pork Belly,not fresh,11:32:52,E:\Thesis Code\processed_hsv_lab_threshold_roi_224\sample 4\not fresh\20260429_174234.jpg,pork_belly_sample_4,belly,cross_rotation,all,meatlens,all,all,all,file_destination,E:\Thesis Code\processed_hsv_lab_threshold_roi_224\sample 4\not fresh\20260429_174234.jpg,False,partner_home,old_phone,,not fresh,not fresh,0.017900672,0.7742208,0.20787854,not fresh,0.7742208,spoiled,0.20787854,0.98209935,0.5663423,0,True,True,True,False,True,False,Borderline Spoiled / Advanced Not Fresh,Not Suitable / Manual inspection recommended,46.450996,Consume Immediately,1,1,True,False
20260429_075554.jpg,4,Pork Belly,fresh,05:14:06,E:\Thesis Code\processed_hsv_lab_threshold_roi_224\sample 4\fresh\20260429_075554.jpg,pork_belly_sample_4,belly,cross_rotation,all,meatlens,all,all,all,file_destination,E:\Thesis Code\processed_hsv_lab_threshold_roi_224\sample 4\fresh\20260429_075554.jpg,False,partner_home,old_phone,,fresh,fresh,0.9821834,0.012020789,0.0057958853,fresh,0.9821834,not fresh,0.012020789,0.99420416,0.97016263,0,True,True,True,False,False,False,Likely Fresh,Good for Consumption,98.93744,Good for Consumption,0,0,True,False
IMG_20260517_174634.jpg,7,Pork Loin,not fresh,12:01:49,E:\Thesis Code\processed_hsv_lab_threshold_roi_224\sample 7\not fresh\IMG_20260517_174634.jpg,pork_loin_sample_7,loin,cross_rotation,all,meatlens,all,all,all,file_destination,E:\Thesis Code\processed_hsv_lab_threshold_roi_224\sample 7\not fresh\IMG_20260517_174634.jpg,False,researcher_home,new_phone,,not fresh,not fresh,0.013090262,0.90664554,0.08026421,not fresh,0.90664554,spoiled,0.08026421,0.98690975,0.8263813,0,True,True,True,False,False,False,Likely Not Fresh,Consume Immediately / Manual inspection recommended,51.977173,Consume Immediately,1,1,True,False
20260703_135640.jpg,10,Pork Belly,not fresh,12:00:00,E:\Thesis Code\processed_hsv_lab_threshold_roi_224\sample 10\not fresh\20260703_135640.jpg,pork_belly_sample_10,belly,cross_rotation,all,public_dataset_2,all,all,all,file_destination,E:\Thesis Code\processed_hsv_lab_threshold_roi_224\sample 10\not fresh\20260703_135640.jpg,False,public_dataset_2,public_dataset_2,,not fresh,not fresh,0.09733991,0.8743346,0.028325543,not fresh,0.8743346,fresh,0.09733991,0.9716745,0.77699465,0,True,True,True,False,True,False,Borderline Fresh / Early Not Fresh,Consume Immediately / Check carefully,58.105648,Consume Immediately,1,1,True,False
IMG_20260508_123758.jpg,5,Pork Ham,not fresh,08:33:46,E:\Thesis Code\processed_hsv_lab_threshold_roi_224\sample 5\not fresh\IMG_20260508_123758.jpg,pork_ham_sample_5,ham,cross_rotation,all,meatlens,all,all,all,file_destination,E:\Thesis Code\processed_hsv_lab_threshold_roi_224\sample 5\not fresh\IMG_20260508_123758.jpg,False,researcher_home,new_phone,,not fresh,not fresh,0.087171026,0.9078688,0.004960164,not fresh,0.9078688,fresh,0.087171026,0.9950398,0.8206978,0,True,True,True,False,False,False,Likely Not Fresh,Consume Immediately / Manual inspection recommended,58.69949,Consume Immediately,1,1,True,False
20260703_191909.jpg,10,Pork Belly,spoiled,24:00:00,E:\Thesis Code\processed_hsv_lab_threshold_roi_224\sample 10\spoiled\20260703_191909.jpg,pork_belly_sample_10,belly,cross_rotation,all,public_dataset_2,all,all,all,file_destination,E:\Thesis Code\processed_hsv_lab_threshold_roi_224\sample 10\spoiled\20260703_191909.jpg,False,public_dataset_2,public_dataset_2,,spoiled,spoiled,0.011033459,0.2705289,0.71843755,spoiled,0.71843755,not fresh,0.2705289,0.98896646,0.44790864,0,True,True,True,False,True,False,Borderline Spoiled / Advanced Not Fresh,Not Suitable / Manual inspection recommended,23.166811,Not Suitable,2,2,True,False
IMG_20260508_045335.jpg,5,Pork Ham,fresh,00:38:36,E:\Thesis Code\processed_hsv_lab_threshold_roi_224\sample 5\fresh\IMG_20260508_045335.jpg,pork_ham_sample_5,ham,cross_rotation,all,meatlens,all,all,all,file_destination,E:\Thesis Code\processed_hsv_lab_threshold_roi_224\sample 5\fresh\IMG_20260508_045335.jpg,False,researcher_home,new_phone,,fresh,fresh,0.9872435,0.0108167,0.0019397016,fresh,0.9872435,not fresh,0.0108167,0.99806017,0.9764268,0,True,True,True,False,False,False,Likely Fresh,Good for Consumption,99.33866,Good for Consumption,0,0,True,False
IMG20260508173001.jpg,6,Pork Ham,not fresh,13:30:27,E:\Thesis Code\processed_hsv_lab_threshold_roi_224\sample 6\not fresh\IMG20260508173001.jpg,pork_ham_sample_6,ham,cross_rotation,all,meatlens,all,all,all,file_destination,E:\Thesis Code\processed_hsv_lab_threshold_roi_224\sample 6\not fresh\IMG20260508173001.jpg,False,partner_home,new_phone,,not fresh,not fresh,0.014247522,0.78485966,0.2008928,not fresh,0.78485966,spoiled,0.2008928,0.98575246,0.58396685,0,True,True,True,False,True,False,Borderline Spoiled / Advanced Not Fresh,Not Suitable / Manual inspection recommended,46.60096,Consume Immediately,1,1,True,False
20260624_081605.jpg,9,Pork Hind Leg,fresh,04:00:00,E:\Thesis Code\processed_hsv_lab_threshold_roi_224\sample 9\fresh\20260624_081605.jpg,pork_hind_leg_sample_9,hind_leg,cross_rotation,all,public_dataset_2,all,all,all,file_destination,E:\Thesis Code\processed_hsv_lab_threshold_roi_224\sample 9\fresh\20260624_081605.jpg,False,public_dataset_2,public_dataset_2,,fresh,fresh,0.81452364,0.14113869,0.044337623,fresh,0.81452364,not fresh,0.14113869,0.9556623,0.67338496,0,True,True,True,False,True,False,Borderline Fresh / Early Not Fresh,Consume Immediately / Check carefully,89.65837,Good for Consumption,0,0,True,False
20260423_112639.jpg,2,Pork Shoulder,not fresh,07:19:36,E:\Thesis Code\processed_hsv_lab_threshold_roi_224\sample 2\not fresh\20260423_112639.jpg,pork_shoulder_sample_2,shoulder,cross_rotation,all,meatlens,all,all,all,file_destination,E:\Thesis Code\processed_hsv_lab_threshold_roi_224\sample 2\not fresh\20260423_112639.jpg,False,partner_home,old_phone,,not fresh,not fresh,0.021152899,0.96348065,0.015366506,not fresh,0.96348065,fresh,0.021152899,0.98463356,0.94232774,0,True,True,True,False,False,False,Likely Not Fresh,Consume Immediately / Manual inspection recommended,55.26039,Consume Immediately,1,1,True,False
20260424_103542.jpg,1,Pork Shoulder,fresh,05:49:45,E:\Thesis Code\processed_hsv_lab_threshold_roi_224\sample 1\fresh\20260424_103542.jpg,pork_shoulder_sample_1,shoulder,cross_rotation,all,meatlens,all,all,all,file_destination,E:\Thesis Code\processed_hsv_lab_threshold_roi_224\sample 1\fresh\20260424_103542.jpg,False,researcher_home,old_phone,,fresh,fresh,0.9834679,0.016259905,0.00027221412,fresh,0.9834679,not fresh,0.016259905,0.9997278,0.96720797,0,True,True,True,False,False,False,Likely Fresh,Good for Consumption,99.243805,Good for Consumption,0,0,True,False
20260429_195856.jpg,4,Pork Belly,spoiled,14:31:58,E:\Thesis Code\processed_hsv_lab_threshold_roi_224\sample 4\spoiled\20260429_195856.jpg,pork_belly_sample_4,belly,cross_rotation,all,meatlens,all,all,all,file_destination,E:\Thesis Code\processed_hsv_lab_threshold_roi_224\sample 4\spoiled\20260429_195856.jpg,False,partner_home,old_phone,,spoiled,not fresh,0.033020623,0.8116705,0.15530889,not fresh,0.8116705,spoiled,0.15530889,0.9669794,0.6563616,1,False,True,True,False,True,False,Borderline Spoiled / Advanced Not Fresh,Not Suitable / Manual inspection recommended,49.49703,Consume Immediately,1,2,True,False
IMG_20260508_143300.jpg,5,Pork Ham,not fresh,10:29:33,E:\Thesis Code\processed_hsv_lab_threshold_roi_224\sample 5\not fresh\IMG_20260508_143300.jpg,pork_ham_sample_5,ham,cross_rotation,all,meatlens,all,all,all,file_destination,E:\Thesis Code\processed_hsv_lab_threshold_roi_224\sample 5\not fresh\IMG_20260508_143300.jpg,False,researcher_home,new_phone,,not fresh,not fresh,0.2229194,0.77303886,0.00404178,not fresh,0.77303886,fresh,0.2229194,0.99595827,0.55011946,0,True,True,True,False,True,False,Borderline Fresh / Early Not Fresh,Consume Immediately / Check carefully,64.849495,Consume Immediately,1,1,True,False
HALF-FRESH-284-_JPG.rf.1e9a87fbbaa3a548e7b9dad8aef2ff85.jpg,12,Various Pork Meat,not fresh,,E:\Thesis Code\processed_hsv_lab_threshold_roi_224\sample 12\not fresh\HALF-FRESH-284-_JPG.rf.1e9a87fbbaa3a548e7b9dad8aef2ff85.jpg,various_pork_meat_sample_12,various,cross_rotation,all,public_dataset_2,all,all,all,file_destination,E:\Thesis Code\processed_hsv_lab_threshold_roi_224\sample 12\not fresh\HALF-FRESH-284-_JPG.rf.1e9a87fbbaa3a548e7b9dad8aef2ff85.jpg,False,public_dataset_2,public_dataset_2,,not fresh,not fresh,0.07867169,0.88620144,0.035126917,not fresh,0.88620144,fresh,0.07867169,0.96487314,0.80752975,0,True,True,True,False,True,False,Borderline Fresh / Early Not Fresh,Consume Immediately / Check carefully,56.95952,Consume Immediately,1,1,True,False
IMG_20260518_094749.jpg,7,Pork Loin,spoiled,26:40:24,E:\Thesis Code\processed_hsv_lab_threshold_roi_224\sample 7\spoiled\IMG_20260518_094749.jpg,pork_loin_sample_7,loin,cross_rotation,all,meatlens,all,all,all,file_destination,E:\Thesis Code\processed_hsv_lab_threshold_roi_224\sample 7\spoiled\IMG_20260518_094749.jpg,False,researcher_home,new_phone,,spoiled,spoiled,0.00048163423,0.0031829227,0.9963354,spoiled,0.9963354,not fresh,0.0031829227,0.99951833,0.99315244,0,True,True,True,False,False,False,Likely Spoiled,Not Suitable,10.186578,Not Suitable,2,2,True,False
20260429_131721.jpg,3,Pork Belly,not fresh,09:12:22,E:\Thesis Code\processed_hsv_lab_threshold_roi_224\sample 3\not fresh\20260429_131721.jpg,pork_belly_sample_3,belly,cross_rotation,all,meatlens,all,all,all,file_destination,E:\Thesis Code\processed_hsv_lab_threshold_roi_224\sample 3\not fresh\20260429_131721.jpg,False,researcher_home,old_phone,,not fresh,not fresh,0.014137903,0.98273003,0.0031321393,not fresh,0.98273003,fresh,0.014137903,0.99686795,0.9685921,0,True,True,True,False,False,False,Likely Not Fresh,Consume Immediately / Manual inspection recommended,55.495262,Consume Immediately,1,1,True,False
IMG20260509145656.jpg,6,Pork Ham,spoiled,22:21:43,E:\Thesis Code\processed_hsv_lab_threshold_roi_224\sample 6\spoiled\IMG20260509145656.jpg,pork_ham_sample_6,ham,cross_rotation,all,meatlens,all,all,all,file_destination,E:\Thesis Code\processed_hsv_lab_threshold_roi_224\sample 6\spoiled\IMG20260509145656.jpg,False,partner_home,new_phone,,spoiled,spoiled,0.00011401534,0.004906695,0.9949793,spoiled,0.9949793,not fresh,0.004906695,0.99988604,0.9900726,0,True,True,True,False,False,False,Likely Spoiled,Not Suitable,10.231063,Not Suitable,2,2,True,False
IMG_20260517_103717.jpg,7,Pork Loin,fresh,02:58:21,E:\Thesis Code\processed_hsv_lab_threshold_roi_224\sample 7\fresh\IMG_20260517_103717.jpg,pork_loin_sample_7,loin,cross_rotation,all,meatlens,all,all,all,file_destination,E:\Thesis Code\processed_hsv_lab_threshold_roi_224\sample 7\fresh\IMG_20260517_103717.jpg,False,researcher_home,new_phone,,fresh,fresh,0.9879197,0.010906648,0.0011736706,fresh,0.9879197,not fresh,0.010906648,0.9988263,0.97701305,0,True,True,True,False,False,False,Likely Fresh,Good for Consumption,99.40357,Good for Consumption,0,0,True,False
20260424_193959.jpg,1,Pork Shoulder,not fresh,15:38:17,E:\Thesis Code\processed_hsv_lab_threshold_roi_224\sample 1\not fresh\20260424_193959.jpg,pork_shoulder_sample_1,shoulder,cross_rotation,all,meatlens,all,all,all,file_destination,E:\Thesis Code\processed_hsv_lab_threshold_roi_224\sample 1\not fresh\20260424_193959.jpg,False,researcher_home,old_phone,,not fresh,not fresh,0.0028658009,0.84842414,0.14871004,not fresh,0.84842414,spoiled,0.14871004,0.9971342,0.69971406,0,True,True,True,False,True,False,Borderline Spoiled / Advanced Not Fresh,Not Suitable / Manual inspection recommended,48.437008,Consume Immediately,1,1,True,False
IMG20260423061821.jpg,2,Pork Shoulder,fresh,00:01:49,E:\Thesis Code\processed_hsv_lab_threshold_roi_224\sample 2\fresh\IMG20260423061821.jpg,pork_shoulder_sample_2,shoulder,cross_rotation,all,meatlens,all,all,all,file_destination,E:\Thesis Code\processed_hsv_lab_threshold_roi_224\sample 2\fresh\IMG20260423061821.jpg,False,partner_home,old_phone,,fresh,fresh,0.9975279,0.0008774215,0.0015946676,fresh,0.9975279,spoiled,0.0015946676,0.99912256,0.99593323,0,True,True,True,False,False,False,Likely Fresh,Good for Consumption,99.81699,Good for Consumption,0,0,False,False
20260424_121703.jpg,2,Pork Shoulder,spoiled,28:19:18,E:\Thesis Code\processed_hsv_lab_threshold_roi_224\sample 2\spoiled\20260424_121703.jpg,pork_shoulder_sample_2,shoulder,cross_rotation,all,meatlens,all,all,all,file_destination,E:\Thesis Code\processed_hsv_lab_threshold_roi_224\sample 2\spoiled\20260424_121703.jpg,False,partner_home,old_phone,,spoiled,spoiled,0.0007059132,0.00028640547,0.9990077,spoiled,0.9990077,fresh,0.0007059132,0.9997136,0.9983018,0,True,True,True,False,False,False,Likely Spoiled,Not Suitable,10.076421,Not Suitable,2,2,False,False
08-11-2022 21-34-02_jpg.rf.8Ss4bAqWGxft5E8xXKaz.jpg,11,Various Pork Meat,not fresh,,E:\Thesis Code\processed_hsv_lab_threshold_roi_224\sample 11\half fresh\08-11-2022 21-34-02_jpg.rf.8Ss4bAqWGxft5E8xXKaz.jpg,various_pork_meat_sample_11,various,cross_rotation,all,public_dataset_2,all,all,all,file_destination,E:\Thesis Code\processed_hsv_lab_threshold_roi_224\sample 11\half fresh\08-11-2022 21-34-02_jpg.rf.8Ss4bAqWGxft5E8xXKaz.jpg,False,public_dataset_2,public_dataset_2,,not fresh,not fresh,0.058235634,0.9132219,0.028542474,not fresh,0.9132219,fresh,0.058235634,0.97145754,0.85498625,0,True,True,True,False,False,False,Likely Not Fresh,Consume Immediately / Manual inspection recommended,56.336193,Consume Immediately,1,1,True,False
20260624_074029.jpg,9,Pork Hind Leg,fresh,04:00:00,E:\Thesis Code\processed_hsv_lab_threshold_roi_224\sample 9\fresh\20260624_074029.jpg,pork_hind_leg_sample_9,hind_leg,cross_rotation,all,public_dataset_2,all,all,all,file_destination,E:\Thesis Code\processed_hsv_lab_threshold_roi_224\sample 9\fresh\20260624_074029.jpg,False,public_dataset_2,public_dataset_2,,fresh,fresh,0.62429255,0.24962212,0.12608527,fresh,0.62429255,not fresh,0.24962212,0.87391466,0.37467045,0,True,True,True,False,True,False,Borderline Fresh / Early Not Fresh,Consume Immediately / Check carefully,77.41933,Good for Consumption,0,0,True,False
20260429_192450.jpg,4,Pork Belly,spoiled,13:48:33,E:\Thesis Code\processed_hsv_lab_threshold_roi_224\sample 4\spoiled\20260429_192450.jpg,pork_belly_sample_4,belly,cross_rotation,all,meatlens,all,all,all,file_destination,E:\Thesis Code\processed_hsv_lab_threshold_roi_224\sample 4\spoiled\20260429_192450.jpg,False,partner_home,old_phone,,spoiled,not fresh,0.013008212,0.651695,0.33529675,not fresh,0.651695,spoiled,0.33529675,0.98699176,0.31639826,1,False,True,True,False,True,False,Borderline Spoiled / Advanced Not Fresh,Not Suitable / Manual inspection recommended,40.497013,Consume Immediately,1,2,True,False
IMG_20260508_200324.jpg,5,Pork Ham,not fresh,15:52:46,E:\Thesis Code\processed_hsv_lab_threshold_roi_224\sample 5\not fresh\IMG_20260508_200324.jpg,pork_ham_sample_5,ham,cross_rotation,all,meatlens,all,all,all,file_destination,E:\Thesis Code\processed_hsv_lab_threshold_roi_224\sample 5\not fresh\IMG_20260508_200324.jpg,False,researcher_home,new_phone,,not fresh,not fresh,0.0007600381,0.6010217,0.39821824,not fresh,0.6010217,spoiled,0.39821824,0.9992399,0.20280346,0,True,True,True,False,True,False,Borderline Spoiled / Advanced Not Fresh,Not Suitable / Manual inspection recommended,37.11438,Not Suitable,1,1,True,False
09-11-2022 00-09-08_jpg.rf.zU9RAMUiJgogVTan5DrE.jpg,11,Various Pork Meat,not fresh,,E:\Thesis Code\processed_hsv_lab_threshold_roi_224\sample 11\half fresh\09-11-2022 00-09-08_jpg.rf.zU9RAMUiJgogVTan5DrE.jpg,various_pork_meat_sample_11,various,cross_rotation,all,public_dataset_2,all,all,all,file_destination,E:\Thesis Code\processed_hsv_lab_threshold_roi_224\sample 11\half fresh\09-11-2022 00-09-08_jpg.rf.zU9RAMUiJgogVTan5DrE.jpg,False,public_dataset_2,public_dataset_2,,not fresh,not fresh,0.22076419,0.7091261,0.07010974,not fresh,0.7091261,fresh,0.22076419,0.9298903,0.48836192,0,True,True,True,False,True,False,Borderline Fresh / Early Not Fresh,Consume Immediately / Check carefully,61.779453,Consume Immediately,1,1,True,False
20260624_224642.jpg,9,Pork Hind Leg,spoiled,24:00:00,E:\Thesis Code\processed_hsv_lab_threshold_roi_224\sample 9\spoiled\20260624_224642.jpg,pork_hind_leg_sample_9,hind_leg,cross_rotation,all,public_dataset_2,all,all,all,file_destination,E:\Thesis Code\processed_hsv_lab_threshold_roi_224\sample 9\spoiled\20260624_224642.jpg,False,public_dataset_2,public_dataset_2,,spoiled,spoiled,0.16137812,0.2961781,0.5424439,spoiled,0.5424439,not fresh,0.2961781,0.838622,0.24626577,0,True,True,True,False,True,True,Borderline Spoiled / Advanced Not Fresh,Not Suitable / Manual inspection recommended,37.852047,Not Suitable,2,2,True,False
20260424_093741.jpg,1,Pork Shoulder,fresh,04:22:55,E:\Thesis Code\processed_hsv_lab_threshold_roi_224\sample 1\fresh\20260424_093741.jpg,pork_shoulder_sample_1,shoulder,cross_rotation,all,meatlens,all,all,all,file_destination,E:\Thesis Code\processed_hsv_lab_threshold_roi_224\sample 1\fresh\20260424_093741.jpg,False,researcher_home,old_phone,,fresh,fresh,0.99334806,0.005916937,0.0007349767,fresh,0.99334806,not fresh,0.005916937,0.999265,0.9874311,0,True,True,True,False,False,False,Likely Fresh,Good for Consumption,99.66759,Good for Consumption,0,0,True,False
08-11-2022 22-30-05_jpg.rf.ToCFwcJ3mmHpoP7RF0FD.jpg,11,Various Pork Meat,not fresh,,E:\Thesis Code\processed_hsv_lab_threshold_roi_224\sample 11\half fresh\08-11-2022 22-30-05_jpg.rf.ToCFwcJ3mmHpoP7RF0FD.jpg,various_pork_meat_sample_11,various,cross_rotation,all,public_dataset_2,all,all,all,file_destination,E:\Thesis Code\processed_hsv_lab_threshold_roi_224\sample 11\half fresh\08-11-2022 22-30-05_jpg.rf.ToCFwcJ3mmHpoP7RF0FD.jpg,False,public_dataset_2,public_dataset_2,,not fresh,not fresh,0.31503078,0.63585615,0.049113065,not fresh,0.63585615,fresh,0.31503078,0.95088696,0.32082537,0,True,True,True,False,True,False,Borderline Fresh / Early Not Fresh,Consume Immediately / Check carefully,66.9663,Consume Immediately,1,1,True,False
20260516_094646.jpg,8,Pork Loin,fresh,05:37:41,E:\Thesis Code\processed_hsv_lab_threshold_roi_224\sample 8\fresh\20260516_094646.jpg,pork_loin_sample_8,loin,cross_rotation,all,meatlens,all,all,all,file_destination,E:\Thesis Code\processed_hsv_lab_threshold_roi_224\sample 8\fresh\20260516_094646.jpg,False,partner_home,new_phone,,fresh,fresh,0.85260504,0.1461036,0.0012912876,fresh,0.85260504,not fresh,0.1461036,0.99870867,0.7065014,0,True,True,True,False,True,False,Borderline Fresh / Early Not Fresh,Consume Immediately / Check carefully,93.30911,Good for Consumption,0,0,True,False
20260424_182958.jpg,1,Pork Shoulder,not fresh,14:28:21,E:\Thesis Code\processed_hsv_lab_threshold_roi_224\sample 1\not fresh\20260424_182958.jpg,pork_shoulder_sample_1,shoulder,cross_rotation,all,meatlens,all,all,all,file_destination,E:\Thesis Code\processed_hsv_lab_threshold_roi_224\sample 1\not fresh\20260424_182958.jpg,False,researcher_home,old_phone,,not fresh,not fresh,0.002062811,0.93600816,0.06192904,not fresh,0.93600816,spoiled,0.06192904,0.9979372,0.8740791,0,True,True,True,False,False,False,Likely Not Fresh,Consume Immediately / Manual inspection recommended,52.30602,Consume Immediately,1,1,True,False
IMG20260509133451.jpg,6,Pork Ham,spoiled,21:09:21,E:\Thesis Code\processed_hsv_lab_threshold_roi_224\sample 6\spoiled\IMG20260509133451.jpg,pork_ham_sample_6,ham,cross_rotation,all,meatlens,all,all,all,file_destination,E:\Thesis Code\processed_hsv_lab_threshold_roi_224\sample 6\spoiled\IMG20260509133451.jpg,False,partner_home,new_phone,,spoiled,spoiled,0.000103047554,0.0039047045,0.9959922,spoiled,0.9959922,not fresh,0.0039047045,0.9998969,0.9920875,0,True,True,True,False,False,False,Likely Spoiled,Not Suitable,10.184985,Not Suitable,2,2,True,False
IMG20260508123012.jpg,6,Pork Ham,not fresh,08:30:45,E:\Thesis Code\processed_hsv_lab_threshold_roi_224\sample 6\not fresh\IMG20260508123012.jpg,pork_ham_sample_6,ham,cross_rotation,all,meatlens,all,all,all,file_destination,E:\Thesis Code\processed_hsv_lab_threshold_roi_224\sample 6\not fresh\IMG20260508123012.jpg,False,partner_home,new_phone,,not fresh,not fresh,0.37528113,0.61810803,0.0066108652,not fresh,0.61810803,fresh,0.37528113,0.9933891,0.24282691,0,True,True,True,False,True,False,Borderline Fresh / Early Not Fresh,Consume Immediately / Check carefully,71.590164,Good for Consumption,1,1,True,False
20260516_162539.jpg,8,Pork Loin,not fresh,12:08:08,E:\Thesis Code\processed_hsv_lab_threshold_roi_224\sample 8\not fresh\20260516_162539.jpg,pork_loin_sample_8,loin,cross_rotation,all,meatlens,all,all,all,file_destination,E:\Thesis Code\processed_hsv_lab_threshold_roi_224\sample 8\not fresh\20260516_162539.jpg,False,partner_home,new_phone,,not fresh,not fresh,0.004396642,0.6727424,0.322861,not fresh,0.6727424,spoiled,0.322861,0.99560344,0.34988144,0,True,True,True,False,True,False,Borderline Spoiled / Advanced Not Fresh,Not Suitable / Manual inspection recommended,40.66911,Consume Immediately,1,1,True,False
IMG20260423064958.jpg,2,Pork Shoulder,fresh,00:43:25,E:\Thesis Code\processed_hsv_lab_threshold_roi_224\sample 2\fresh\IMG20260423064958.jpg,pork_shoulder_sample_2,shoulder,cross_rotation,all,meatlens,all,all,all,file_destination,E:\Thesis Code\processed_hsv_lab_threshold_roi_224\sample 2\fresh\IMG20260423064958.jpg,False,partner_home,old_phone,,fresh,fresh,0.9906358,0.004099503,0.005264757,fresh,0.9906358,spoiled,0.005264757,0.9959006,0.98537105,0,True,True,True,False,False,False,Likely Fresh,Good for Consumption,99.3417,Good for Consumption,0,0,False,False
20260430_131413.jpg,4,Pork Belly,spoiled,26:21:06,E:\Thesis Code\processed_hsv_lab_threshold_roi_224\sample 4\spoiled\20260430_131413.jpg,pork_belly_sample_4,belly,cross_rotation,all,meatlens,all,all,all,file_destination,E:\Thesis Code\processed_hsv_lab_threshold_roi_224\sample 4\spoiled\20260430_131413.jpg,False,partner_home,old_phone,,spoiled,spoiled,7.477858e-05,0.005990975,0.9939342,spoiled,0.9939342,not fresh,0.005990975,0.9999252,0.98794323,0,True,True,True,False,False,False,Likely Spoiled,Not Suitable,10.276323,Not Suitable,2,2,True,False
20260423_152019.jpg,2,Pork Shoulder,not fresh,11:00:18,E:\Thesis Code\processed_hsv_lab_threshold_roi_224\sample 2\not fresh\20260423_152019.jpg,pork_shoulder_sample_2,shoulder,cross_rotation,all,meatlens,all,all,all,file_destination,E:\Thesis Code\processed_hsv_lab_threshold_roi_224\sample 2\not fresh\20260423_152019.jpg,False,partner_home,old_phone,,not fresh,not fresh,0.01124409,0.9470424,0.041713417,not fresh,0.9470424,spoiled,0.041713417,0.9887558,0.905329,0,True,True,True,False,False,False,Likely Not Fresh,Consume Immediately / Manual inspection recommended,53.628876,Consume Immediately,1,1,True,False
20260425_104418.jpg,1,Pork Shoulder,spoiled,30:47:38,E:\Thesis Code\processed_hsv_lab_threshold_roi_224\sample 1\spoiled\20260425_104418.jpg,pork_shoulder_sample_1,shoulder,cross_rotation,all,meatlens,all,all,all,file_destination,E:\Thesis Code\processed_hsv_lab_threshold_roi_224\sample 1\spoiled\20260425_104418.jpg,False,researcher_home,old_phone,,spoiled,spoiled,4.6554705e-06,0.008726916,0.99126846,spoiled,0.99126846,not fresh,0.008726916,0.99999535,0.98254156,0,True,True,True,False,False,False,Likely Spoiled,Not Suitable,10.39313,Not Suitable,2,2,True,False
IMG_20260508_140359.jpg,5,Pork Ham,not fresh,10:00:36,E:\Thesis Code\processed_hsv_lab_threshold_roi_224\sample 5\not fresh\IMG_20260508_140359.jpg,pork_ham_sample_5,ham,cross_rotation,all,meatlens,all,all,all,file_destination,E:\Thesis Code\processed_hsv_lab_threshold_roi_224\sample 5\not fresh\IMG_20260508_140359.jpg,False,researcher_home,new_phone,,not fresh,not fresh,0.05782786,0.93582976,0.0063424357,not fresh,0.93582976,fresh,0.05782786,0.9936576,0.8780019,0,True,True,True,False,False,False,Likely Not Fresh,Consume Immediately / Manual inspection recommended,57.31685,Consume Immediately,1,1,True,False
IMG_20260508_112045.jpg,5,Pork Ham,fresh,07:19:00,E:\Thesis Code\processed_hsv_lab_threshold_roi_224\sample 5\fresh\IMG_20260508_112045.jpg,pork_ham_sample_5,ham,cross_rotation,all,meatlens,all,all,all,file_destination,E:\Thesis Code\processed_hsv_lab_threshold_roi_224\sample 5\fresh\IMG_20260508_112045.jpg,False,researcher_home,new_phone,,fresh,fresh,0.9297403,0.06786823,0.002391412,fresh,0.9297403,not fresh,0.06786823,0.99760854,0.8618721,0,True,True,True,False,False,False,Likely Fresh,Good for Consumption,96.7307,Good for Consumption,0,0,True,False
20260430_122740.jpg,3,Pork Belly,spoiled,26:57:17,E:\Thesis Code\processed_hsv_lab_threshold_roi_224\sample 3\spoiled\20260430_122740.jpg,pork_belly_sample_3,belly,cross_rotation,all,meatlens,all,all,all,file_destination,E:\Thesis Code\processed_hsv_lab_threshold_roi_224\sample 3\spoiled\20260430_122740.jpg,False,researcher_home,old_phone,,spoiled,spoiled,0.0020264152,0.0040121507,0.9939614,spoiled,0.9939614,not fresh,0.0040121507,0.99797356,0.9899492,0,True,True,True,False,False,False,Likely Spoiled,Not Suitable,10.362924,Not Suitable,2,2,True,False
IMG20260423095139.jpg,2,Pork Shoulder,fresh,05:27:26,E:\Thesis Code\processed_hsv_lab_threshold_roi_224\sample 2\fresh\IMG20260423095139.jpg,pork_shoulder_sample_2,shoulder,cross_rotation,all,meatlens,all,all,all,file_destination,E:\Thesis Code\processed_hsv_lab_threshold_roi_224\sample 2\fresh\IMG20260423095139.jpg,False,partner_home,old_phone,,fresh,fresh,0.9595898,0.036500603,0.0039095446,fresh,0.9595898,not fresh,0.036500603,0.9960904,0.92308915,0,True,True,True,False,False,False,Likely Fresh,Good for Consumption,98.00561,Good for Consumption,0,0,True,False
FRESH-651-_JPG.rf.ff4b589f223183502d450c3dc41464cf.jpg,12,Various Pork Meat,fresh,,E:\Thesis Code\processed_hsv_lab_threshold_roi_224\sample 12\fresh\FRESH-651-_JPG.rf.ff4b589f223183502d450c3dc41464cf.jpg,various_pork_meat_sample_12,various,cross_rotation,all,public_dataset_2,all,all,all,file_destination,E:\Thesis Code\processed_hsv_lab_threshold_roi_224\sample 12\fresh\FRESH-651-_JPG.rf.ff4b589f223183502d450c3dc41464cf.jpg,False,public_dataset_2,public_dataset_2,,fresh,fresh,0.9647142,0.034585107,0.0007007284,fresh,0.9647142,not fresh,0.034585107,0.99929935,0.9301291,0,True,True,True,False,False,False,Likely Fresh,Good for Consumption,98.38061,Good for Consumption,0,0,True,False
20260625_114216.jpg,9,Pork Hind Leg,spoiled,24:00:00,E:\Thesis Code\processed_hsv_lab_threshold_roi_224\sample 9\spoiled\20260625_114216.jpg,pork_hind_leg_sample_9,hind_leg,cross_rotation,all,public_dataset_2,all,all,all,file_destination,E:\Thesis Code\processed_hsv_lab_threshold_roi_224\sample 9\spoiled\20260625_114216.jpg,False,public_dataset_2,public_dataset_2,,spoiled,spoiled,0.0044735307,0.0060446328,0.9894818,spoiled,0.9894818,not fresh,0.0060446328,0.99552643,0.9834372,0,True,True,True,False,False,False,Likely Spoiled,Not Suitable,10.674626,Not Suitable,2,2,True,False
20260423_155453.jpg,2,Pork Shoulder,not fresh,11:38:17,E:\Thesis Code\processed_hsv_lab_threshold_roi_224\sample 2\not fresh\20260423_155453.jpg,pork_shoulder_sample_2,shoulder,cross_rotation,all,meatlens,all,all,all,file_destination,E:\Thesis Code\processed_hsv_lab_threshold_roi_224\sample 2\not fresh\20260423_155453.jpg,False,partner_home,old_phone,,not fresh,not fresh,0.006177902,0.9641196,0.029702438,not fresh,0.9641196,spoiled,0.029702438,0.99382204,0.9344172,0,True,True,True,False,False,False,Likely Not Fresh,Consume Immediately / Manual inspection recommended,53.941395,Consume Immediately,1,1,True,False
08-11-2022 23-00-02_jpg.rf.Vh44Gpg2JbMFIK0j6JK5.jpg,11,Various Pork Meat,not fresh,,E:\Thesis Code\processed_hsv_lab_threshold_roi_224\sample 11\half fresh\08-11-2022 23-00-02_jpg.rf.Vh44Gpg2JbMFIK0j6JK5.jpg,various_pork_meat_sample_11,various,cross_rotation,all,public_dataset_2,all,all,all,file_destination,E:\Thesis Code\processed_hsv_lab_threshold_roi_224\sample 11\half fresh\08-11-2022 23-00-02_jpg.rf.Vh44Gpg2JbMFIK0j6JK5.jpg,False,public_dataset_2,public_dataset_2,,not fresh,not fresh,0.061555922,0.77848536,0.15995866,not fresh,0.77848536,spoiled,0.15995866,0.938444,0.6185267,0,True,True,True,False,True,False,Borderline Spoiled / Advanced Not Fresh,Not Suitable / Manual inspection recommended,50.571873,Consume Immediately,1,1,True,False
IMG20260508131945.jpg,6,Pork Ham,not fresh,09:19:18,E:\Thesis Code\processed_hsv_lab_threshold_roi_224\sample 6\not fresh\IMG20260508131945.jpg,pork_ham_sample_6,ham,cross_rotation,all,meatlens,all,all,all,file_destination,E:\Thesis Code\processed_hsv_lab_threshold_roi_224\sample 6\not fresh\IMG20260508131945.jpg,False,partner_home,new_phone,,not fresh,not fresh,0.042289183,0.9458743,0.011836527,not fresh,0.9458743,fresh,0.042289183,0.9881635,0.9035851,0,True,True,True,False,False,False,Likely Not Fresh,Consume Immediately / Manual inspection recommended,56.37037,Consume Immediately,1,1,True,False
IMG20260508111037.jpg,6,Pork Ham,not fresh,07:10:33,E:\Thesis Code\processed_hsv_lab_threshold_roi_224\sample 6\not fresh\IMG20260508111037.jpg,pork_ham_sample_6,ham,cross_rotation,all,meatlens,all,all,all,file_destination,E:\Thesis Code\processed_hsv_lab_threshold_roi_224\sample 6\not fresh\IMG20260508111037.jpg,False,partner_home,new_phone,,not fresh,not fresh,0.46877512,0.52440494,0.006819959,not fresh,0.52440494,fresh,0.46877512,0.99318004,0.05562982,0,True,True,True,False,True,True,Borderline Fresh / Early Not Fresh,Consume Immediately / Check carefully,75.78799,Good for Consumption,1,1,True,False
20260429_202129.jpg,4,Pork Belly,spoiled,15:00:54,E:\Thesis Code\processed_hsv_lab_threshold_roi_224\sample 4\spoiled\20260429_202129.jpg,pork_belly_sample_4,belly,cross_rotation,all,meatlens,all,all,all,file_destination,E:\Thesis Code\processed_hsv_lab_threshold_roi_224\sample 4\spoiled\20260429_202129.jpg,False,partner_home,old_phone,,spoiled,spoiled,0.020468416,0.44632524,0.5332064,spoiled,0.5332064,not fresh,0.44632524,0.97953165,0.08688116,0,True,True,True,False,True,True,Borderline Spoiled / Advanced Not Fresh,Not Suitable / Manual inspection recommended,31.926794,Not Suitable,2,2,True,False
HALF-FRESH-155-_JPG.rf.b979c2d0e8634828c070b7cead6f686b.jpg,12,Various Pork Meat,not fresh,,E:\Thesis Code\processed_hsv_lab_threshold_roi_224\sample 12\not fresh\HALF-FRESH-155-_JPG.rf.b979c2d0e8634828c070b7cead6f686b.jpg,various_pork_meat_sample_12,various,cross_rotation,all,public_dataset_2,all,all,all,file_destination,E:\Thesis Code\processed_hsv_lab_threshold_roi_224\sample 12\not fresh\HALF-FRESH-155-_JPG.rf.b979c2d0e8634828c070b7cead6f686b.jpg,False,public_dataset_2,public_dataset_2,,not fresh,not fresh,0.32927257,0.6313086,0.039418895,not fresh,0.6313086,fresh,0.32927257,0.9605812,0.30203605,0,True,True,True,False,True,False,Borderline Fresh / Early Not Fresh,Consume Immediately / Check carefully,68.04342,Consume Immediately,1,1,True,False
20260703_122822.jpg,10,Pork Belly,not fresh,12:00:00,E:\Thesis Code\processed_hsv_lab_threshold_roi_224\sample 10\not fresh\20260703_122822.jpg,pork_belly_sample_10,belly,cross_rotation,all,public_dataset_2,all,all,all,file_destination,E:\Thesis Code\processed_hsv_lab_threshold_roi_224\sample 10\not fresh\20260703_122822.jpg,False,public_dataset_2,public_dataset_2,,not fresh,fresh,0.67491424,0.31695485,0.008130931,fresh,0.67491424,not fresh,0.31695485,0.9918691,0.3579594,1,False,True,True,False,True,False,Borderline Fresh / Early Not Fresh,Consume Immediately / Check carefully,85.00525,Good for Consumption,0,1,True,False
IMG20260509192012.jpg,6,Pork Ham,spoiled,26:13:16,E:\Thesis Code\processed_hsv_lab_threshold_roi_224\sample 6\spoiled\IMG20260509192012.jpg,pork_ham_sample_6,ham,cross_rotation,all,meatlens,all,all,all,file_destination,E:\Thesis Code\processed_hsv_lab_threshold_roi_224\sample 6\spoiled\IMG20260509192012.jpg,False,partner_home,new_phone,,spoiled,spoiled,1.951472e-05,0.002786527,0.99719393,spoiled,0.99719393,not fresh,0.002786527,0.99998045,0.9944074,0,True,True,True,False,False,False,Likely Spoiled,Not Suitable,10.12715,Not Suitable,2,2,True,False
IMG_20260509_144529.jpg,5,Pork Ham,spoiled,25:20:48,E:\Thesis Code\processed_hsv_lab_threshold_roi_224\sample 5\spoiled\IMG_20260509_144529.jpg,pork_ham_sample_5,ham,cross_rotation,all,meatlens,all,all,all,file_destination,E:\Thesis Code\processed_hsv_lab_threshold_roi_224\sample 5\spoiled\IMG_20260509_144529.jpg,False,researcher_home,new_phone,,spoiled,spoiled,0.0064475136,0.01902845,0.974524,spoiled,0.974524,not fresh,0.01902845,0.99355245,0.9554956,0,True,True,True,False,False,False,Likely Spoiled,Not Suitable,11.436556,Not Suitable,2,2,True,False
IMG_20260508_200524.jpg,5,Pork Ham,not fresh,15:55:11,E:\Thesis Code\processed_hsv_lab_threshold_roi_224\sample 5\not fresh\IMG_20260508_200524.jpg,pork_ham_sample_5,ham,cross_rotation,all,meatlens,all,all,all,file_destination,E:\Thesis Code\processed_hsv_lab_threshold_roi_224\sample 5\not fresh\IMG_20260508_200524.jpg,False,researcher_home,new_phone,,not fresh,not fresh,0.0009382002,0.5962516,0.40281016,not fresh,0.5962516,spoiled,0.40281016,0.99906176,0.19344145,0,True,True,True,False,True,True,Borderline Spoiled / Advanced Not Fresh,Not Suitable / Manual inspection recommended,36.91576,Not Suitable,1,1,True,False
20260426_013145.jpg,1,Pork Shoulder,spoiled,45:25:38,E:\Thesis Code\processed_hsv_lab_threshold_roi_224\sample 1\spoiled\20260426_013145.jpg,pork_shoulder_sample_1,shoulder,cross_rotation,all,meatlens,all,all,all,file_destination,E:\Thesis Code\processed_hsv_lab_threshold_roi_224\sample 1\spoiled\20260426_013145.jpg,False,researcher_home,old_phone,,spoiled,spoiled,1.6128132e-06,0.0019676997,0.9980307,spoiled,0.9980307,not fresh,0.0019676997,0.99999845,0.996063,0,True,True,True,False,False,False,Likely Spoiled,Not Suitable,10.088692,Not Suitable,2,2,True,False
IMG_20260517_145333.jpg,7,Pork Loin,not fresh,09:29:51,E:\Thesis Code\processed_hsv_lab_threshold_roi_224\sample 7\not fresh\IMG_20260517_145333.jpg,pork_loin_sample_7,loin,cross_rotation,all,meatlens,all,all,all,file_destination,E:\Thesis Code\processed_hsv_lab_threshold_roi_224\sample 7\not fresh\IMG_20260517_145333.jpg,False,researcher_home,new_phone,,not fresh,not fresh,0.011319757,0.97869176,0.009988489,not fresh,0.97869176,fresh,0.011319757,0.9900115,0.967372,0,True,True,True,False,False,False,Likely Not Fresh,Consume Immediately / Manual inspection recommended,55.059906,Consume Immediately,1,1,True,False
20260423_182449.jpg,2,Pork Shoulder,spoiled,14:40:24,E:\Thesis Code\processed_hsv_lab_threshold_roi_224\sample 2\spoiled\20260423_182449.jpg,pork_shoulder_sample_2,shoulder,cross_rotation,all,meatlens,all,all,all,file_destination,E:\Thesis Code\processed_hsv_lab_threshold_roi_224\sample 2\spoiled\20260423_182449.jpg,False,partner_home,old_phone,,spoiled,spoiled,0.024014547,0.1717243,0.80426115,spoiled,0.80426115,not fresh,0.1717243,0.97598547,0.6325368,0,True,True,True,False,True,False,Borderline Spoiled / Advanced Not Fresh,Not Suitable / Manual inspection recommended,19.888903,Not Suitable,2,2,True,False
09-11-2022 10-16-06_jpg.rf.7njZ9Q5ihYYdjwcKg3kX.jpg,11,Various Pork Meat,spoiled,,E:\Thesis Code\processed_hsv_lab_threshold_roi_224\sample 11\spoiled\09-11-2022 10-16-06_jpg.rf.7njZ9Q5ihYYdjwcKg3kX.jpg,various_pork_meat_sample_11,various,cross_rotation,all,public_dataset_2,all,all,all,file_destination,E:\Thesis Code\processed_hsv_lab_threshold_roi_224\sample 11\spoiled\09-11-2022 10-16-06_jpg.rf.7njZ9Q5ihYYdjwcKg3kX.jpg,False,public_dataset_2,public_dataset_2,,spoiled,spoiled,0.014777059,0.41017634,0.57504654,spoiled,0.57504654,not fresh,0.41017634,0.9852229,0.1648702,0,True,True,True,False,True,True,Borderline Spoiled / Advanced Not Fresh,Not Suitable / Manual inspection recommended,29.78787,Not Suitable,2,2,True,False
20260516_142058.jpg,8,Pork Loin,not fresh,10:16:17,E:\Thesis Code\processed_hsv_lab_threshold_roi_224\sample 8\not fresh\20260516_142058.jpg,pork_loin_sample_8,loin,cross_rotation,all,meatlens,all,all,all,file_destination,E:\Thesis Code\processed_hsv_lab_threshold_roi_224\sample 8\not fresh\20260516_142058.jpg,False,partner_home,new_phone,,not fresh,not fresh,0.03333745,0.9366056,0.030056912,not fresh,0.9366056,fresh,0.03333745,0.96994305,0.9032681,0,True,True,True,False,False,False,Likely Not Fresh,Consume Immediately / Manual inspection recommended,55.14762,Consume Immediately,1,1,True,False
HALF-FRESH-801-_JPG.rf.5bc8f0353a546d9c799de732f96df788.jpg,12,Various Pork Meat,not fresh,,E:\Thesis Code\processed_hsv_lab_threshold_roi_224\sample 12\not fresh\HALF-FRESH-801-_JPG.rf.5bc8f0353a546d9c799de732f96df788.jpg,various_pork_meat_sample_12,various,cross_rotation,all,public_dataset_2,all,all,all,file_destination,E:\Thesis Code\processed_hsv_lab_threshold_roi_224\sample 12\not fresh\HALF-FRESH-801-_JPG.rf.5bc8f0353a546d9c799de732f96df788.jpg,False,public_dataset_2,public_dataset_2,,not fresh,not fresh,0.31705913,0.57438254,0.108558364,not fresh,0.57438254,fresh,0.31705913,0.8914417,0.2573234,0,True,True,True,False,True,True,Borderline Fresh / Early Not Fresh,Consume Immediately / Check carefully,64.38254,Consume Immediately,1,1,True,False
20260430_092807.jpg,4,Pork Belly,spoiled,21:31:39,E:\Thesis Code\processed_hsv_lab_threshold_roi_224\sample 4\spoiled\20260430_092807.jpg,pork_belly_sample_4,belly,cross_rotation,all,meatlens,all,all,all,file_destination,E:\Thesis Code\processed_hsv_lab_threshold_roi_224\sample 4\spoiled\20260430_092807.jpg,False,partner_home,old_phone,,spoiled,spoiled,0.003261332,0.006111848,0.9906268,spoiled,0.9906268,not fresh,0.006111848,0.9967387,0.98451495,0,True,True,True,False,False,False,Likely Spoiled,Not Suitable,10.568553,Not Suitable,2,2,True,False
IMG20260508171330.jpg,6,Pork Ham,not fresh,13:13:34,E:\Thesis Code\processed_hsv_lab_threshold_roi_224\sample 6\not fresh\IMG20260508171330.jpg,pork_ham_sample_6,ham,cross_rotation,all,meatlens,all,all,all,file_destination,E:\Thesis Code\processed_hsv_lab_threshold_roi_224\sample 6\not fresh\IMG20260508171330.jpg,False,partner_home,new_phone,,not fresh,not fresh,0.01294255,0.8691201,0.11793736,not fresh,0.8691201,spoiled,0.11793736,0.9870575,0.75118273,0,True,True,True,False,True,False,Borderline Spoiled / Advanced Not Fresh,Not Suitable / Manual inspection recommended,50.275234,Consume Immediately,1,1,True,False
IMG20260508083828.jpg,6,Pork Ham,fresh,03:24:43,E:\Thesis Code\processed_hsv_lab_threshold_roi_224\sample 6\fresh\IMG20260508083828.jpg,pork_ham_sample_6,ham,cross_rotation,all,meatlens,all,all,all,file_destination,E:\Thesis Code\processed_hsv_lab_threshold_roi_224\sample 6\fresh\IMG20260508083828.jpg,False,partner_home,new_phone,,fresh,fresh,0.8908143,0.1058041,0.00338151,fresh,0.8908143,not fresh,0.1058041,0.9966184,0.7850102,0,True,True,True,False,True,False,Borderline Fresh / Early Not Fresh,Consume Immediately / Check carefully,94.93447,Good for Consumption,0,0,True,False
20260516_083735.jpg,8,Pork Loin,fresh,03:26:50,E:\Thesis Code\processed_hsv_lab_threshold_roi_224\sample 8\fresh\20260516_083735.jpg,pork_loin_sample_8,loin,cross_rotation,all,meatlens,all,all,all,file_destination,E:\Thesis Code\processed_hsv_lab_threshold_roi_224\sample 8\fresh\20260516_083735.jpg,False,partner_home,new_phone,,fresh,fresh,0.9916438,0.007973776,0.00038247657,fresh,0.9916438,not fresh,0.007973776,0.9996176,0.98367,0,True,True,True,False,False,False,Likely Fresh,Good for Consumption,99.60676,Good for Consumption,0,0,True,False
09-11-2022 12-51-29_jpg.rf.MUS6FgNUgjJFwYLuTMWu.jpg,11,Various Pork Meat,spoiled,,E:\Thesis Code\processed_hsv_lab_threshold_roi_224\sample 11\spoiled\09-11-2022 12-51-29_jpg.rf.MUS6FgNUgjJFwYLuTMWu.jpg,various_pork_meat_sample_11,various,cross_rotation,all,public_dataset_2,all,all,all,file_destination,E:\Thesis Code\processed_hsv_lab_threshold_roi_224\sample 11\spoiled\09-11-2022 12-51-29_jpg.rf.MUS6FgNUgjJFwYLuTMWu.jpg,False,public_dataset_2,public_dataset_2,,spoiled,spoiled,0.021833515,0.037405726,0.9407608,spoiled,0.9407608,not fresh,0.037405726,0.9781665,0.90335506,0,True,True,True,False,False,False,Likely Spoiled,Not Suitable,13.648274,Not Suitable,2,2,True,False
FRESH-355-_JPG.rf.74b6f2ee80a3021f4ff692cd97feb7cb.jpg,12,Various Pork Meat,fresh,,E:\Thesis Code\processed_hsv_lab_threshold_roi_224\sample 12\fresh\FRESH-355-_JPG.rf.74b6f2ee80a3021f4ff692cd97feb7cb.jpg,various_pork_meat_sample_12,various,cross_rotation,all,public_dataset_2,all,all,all,file_destination,E:\Thesis Code\processed_hsv_lab_threshold_roi_224\sample 12\fresh\FRESH-355-_JPG.rf.74b6f2ee80a3021f4ff692cd97feb7cb.jpg,False,public_dataset_2,public_dataset_2,,fresh,fresh,0.85241866,0.13957228,0.008008952,fresh,0.85241866,not fresh,0.13957228,0.9919909,0.7128464,0,True,True,True,False,True,False,Borderline Fresh / Early Not Fresh,Consume Immediately / Check carefully,92.99843,Good for Consumption,0,0,True,False
IMG20260508115240.jpg,6,Pork Ham,not fresh,07:52:46,E:\Thesis Code\processed_hsv_lab_threshold_roi_224\sample 6\not fresh\IMG20260508115240.jpg,pork_ham_sample_6,ham,cross_rotation,all,meatlens,all,all,all,file_destination,E:\Thesis Code\processed_hsv_lab_threshold_roi_224\sample 6\not fresh\IMG20260508115240.jpg,False,partner_home,new_phone,,not fresh,not fresh,0.3881701,0.6058813,0.005948655,not fresh,0.6058813,fresh,0.3881701,0.99405134,0.21771118,0,True,True,True,False,True,False,Borderline Fresh / Early Not Fresh,Consume Immediately / Check carefully,72.19997,Good for Consumption,1,1,True,False
20260625_103536.jpg,9,Pork Hind Leg,spoiled,24:00:00,E:\Thesis Code\processed_hsv_lab_threshold_roi_224\sample 9\spoiled\20260625_103536.jpg,pork_hind_leg_sample_9,hind_leg,cross_rotation,all,public_dataset_2,all,all,all,file_destination,E:\Thesis Code\processed_hsv_lab_threshold_roi_224\sample 9\spoiled\20260625_103536.jpg,False,public_dataset_2,public_dataset_2,,spoiled,spoiled,0.00920962,0.01061556,0.98017484,spoiled,0.98017484,not fresh,0.01061556,0.9907904,0.96955925,0,True,True,True,False,False,False,Likely Spoiled,Not Suitable,11.306566,Not Suitable,2,2,True,False
20260429_063501.jpg,3,Pork Belly,fresh,06:54:22,E:\Thesis Code\processed_hsv_lab_threshold_roi_224\sample 3\fresh\20260429_063501.jpg,pork_belly_sample_3,belly,cross_rotation,all,meatlens,all,all,all,file_destination,E:\Thesis Code\processed_hsv_lab_threshold_roi_224\sample 3\fresh\20260429_063501.jpg,False,researcher_home,old_phone,,fresh,fresh,0.94229215,0.05241195,0.005295959,fresh,0.94229215,not fresh,0.05241195,0.9947041,0.8898802,0,True,True,True,False,False,False,Likely Fresh,Good for Consumption,97.16483,Good for Consumption,0,0,True,False
20260624_160407.jpg,9,Pork Hind Leg,not fresh,12:00:00,E:\Thesis Code\processed_hsv_lab_threshold_roi_224\sample 9\not fresh\20260624_160407.jpg,pork_hind_leg_sample_9,hind_leg,cross_rotation,all,public_dataset_2,all,all,all,file_destination,E:\Thesis Code\processed_hsv_lab_threshold_roi_224\sample 9\not fresh\20260624_160407.jpg,False,public_dataset_2,public_dataset_2,,not fresh,not fresh,0.13608831,0.6632536,0.20065808,not fresh,0.6632536,spoiled,0.20065808,0.8639117,0.46259552,0,True,True,True,False,True,False,Borderline Spoiled / Advanced Not Fresh,Not Suitable / Manual inspection recommended,52.09436,Consume Immediately,1,1,True,False
20260517_063037.jpg,8,Pork Loin,spoiled,22:53:04,E:\Thesis Code\processed_hsv_lab_threshold_roi_224\sample 8\spoiled\20260517_063037.jpg,pork_loin_sample_8,loin,cross_rotation,all,meatlens,all,all,all,file_destination,E:\Thesis Code\processed_hsv_lab_threshold_roi_224\sample 8\spoiled\20260517_063037.jpg,False,partner_home,new_phone,,spoiled,spoiled,0.05842764,0.45172474,0.48984754,spoiled,0.48984754,not fresh,0.45172474,0.9415723,0.038122803,0,True,True,True,False,True,True,Borderline Spoiled / Advanced Not Fresh,Not Suitable / Manual inspection recommended,35.5861,Not Suitable,2,2,True,False
IMG20260508100133.jpg,6,Pork Ham,fresh,05:31:21,E:\Thesis Code\processed_hsv_lab_threshold_roi_224\sample 6\fresh\IMG20260508100133.jpg,pork_ham_sample_6,ham,cross_rotation,all,meatlens,all,all,all,file_destination,E:\Thesis Code\processed_hsv_lab_threshold_roi_224\sample 6\fresh\IMG20260508100133.jpg,False,partner_home,new_phone,,fresh,fresh,0.8904528,0.10561993,0.0039272527,fresh,0.8904528,not fresh,0.10561993,0.9960727,0.7848329,0,True,True,True,False,True,False,Borderline Fresh / Early Not Fresh,Consume Immediately / Check carefully,94.89365,Good for Consumption,0,0,True,False
20260704_163715.jpg,10,Pork Belly,spoiled,24:00:00,E:\Thesis Code\processed_hsv_lab_threshold_roi_224\sample 10\spoiled\20260704_163715.jpg,pork_belly_sample_10,belly,cross_rotation,all,public_dataset_2,all,all,all,file_destination,E:\Thesis Code\processed_hsv_lab_threshold_roi_224\sample 10\spoiled\20260704_163715.jpg,False,public_dataset_2,public_dataset_2,,spoiled,spoiled,0.0037295169,0.0037256482,0.9925449,spoiled,0.9925449,fresh,0.0037295169,0.9962744,0.98881537,0,True,True,True,False,False,False,Likely Spoiled,Not Suitable,10.503311,Not Suitable,2,2,False,False
20260624_162911.jpg,9,Pork Hind Leg,not fresh,12:00:00,E:\Thesis Code\processed_hsv_lab_threshold_roi_224\sample 9\not fresh\20260624_162911.jpg,pork_hind_leg_sample_9,hind_leg,cross_rotation,all,public_dataset_2,all,all,all,file_destination,E:\Thesis Code\processed_hsv_lab_threshold_roi_224\sample 9\not fresh\20260624_162911.jpg,False,public_dataset_2,public_dataset_2,,not fresh,not fresh,0.29279956,0.59509003,0.112110466,not fresh,0.59509003,fresh,0.29279956,0.8878896,0.30229047,0,True,True,True,False,True,True,Borderline Fresh / Early Not Fresh,Consume Immediately / Check carefully,63.131012,Consume Immediately,1,1,True,False
20260424_155049.jpg,1,Pork Shoulder,not fresh,11:49:09,E:\Thesis Code\processed_hsv_lab_threshold_roi_224\sample 1\not fresh\20260424_155049.jpg,pork_shoulder_sample_1,shoulder,cross_rotation,all,meatlens,all,all,all,file_destination,E:\Thesis Code\processed_hsv_lab_threshold_roi_224\sample 1\not fresh\20260424_155049.jpg,False,researcher_home,old_phone,,not fresh,not fresh,0.002931865,0.9856638,0.011404283,not fresh,0.9856638,spoiled,0.011404283,0.99706805,0.9742595,0,True,True,True,False,False,False,Likely Not Fresh,Consume Immediately / Manual inspection recommended,54.618736,Consume Immediately,1,1,True,False
20260423_121229.jpg,2,Pork Shoulder,not fresh,08:10:15,E:\Thesis Code\processed_hsv_lab_threshold_roi_224\sample 2\not fresh\20260423_121229.jpg,pork_shoulder_sample_2,shoulder,cross_rotation,all,meatlens,all,all,all,file_destination,E:\Thesis Code\processed_hsv_lab_threshold_roi_224\sample 2\not fresh\20260423_121229.jpg,False,partner_home,old_phone,,not fresh,not fresh,0.013051111,0.9705465,0.01640239,not fresh,0.9705465,spoiled,0.01640239,0.98694885,0.9541441,0,True,True,True,False,False,False,Likely Not Fresh,Consume Immediately / Manual inspection recommended,54.84919,Consume Immediately,1,1,True,False
20260516_085909.jpg,8,Pork Loin,fresh,04:17:29,E:\Thesis Code\processed_hsv_lab_threshold_roi_224\sample 8\fresh\20260516_085909.jpg,pork_loin_sample_8,loin,cross_rotation,all,meatlens,all,all,all,file_destination,E:\Thesis Code\processed_hsv_lab_threshold_roi_224\sample 8\fresh\20260516_085909.jpg,False,partner_home,new_phone,,fresh,fresh,0.97447133,0.024617886,0.0009107729,fresh,0.97447133,not fresh,0.024617886,0.99908924,0.9498534,0,True,True,True,False,False,False,Likely Fresh,Good for Consumption,98.81023,Good for Consumption,0,0,True,False
20260516_135954.jpg,8,Pork Loin,not fresh,09:50:57,E:\Thesis Code\processed_hsv_lab_threshold_roi_224\sample 8\not fresh\20260516_135954.jpg,pork_loin_sample_8,loin,cross_rotation,all,meatlens,all,all,all,file_destination,E:\Thesis Code\processed_hsv_lab_threshold_roi_224\sample 8\not fresh\20260516_135954.jpg,False,partner_home,new_phone,,not fresh,not fresh,0.06952572,0.89524525,0.035229146,not fresh,0.89524525,fresh,0.06952572,0.964771,0.82571954,0,True,True,True,False,True,False,Borderline Fresh / Early Not Fresh,Consume Immediately / Check carefully,56.543354,Consume Immediately,1,1,True,False
FRESH-620-_JPG.rf.d2a215194a8c5b22c149f82216a17ab0.jpg,12,Various Pork Meat,fresh,,E:\Thesis Code\processed_hsv_lab_threshold_roi_224\sample 12\fresh\FRESH-620-_JPG.rf.d2a215194a8c5b22c149f82216a17ab0.jpg,various_pork_meat_sample_12,various,cross_rotation,all,public_dataset_2,all,all,all,file_destination,E:\Thesis Code\processed_hsv_lab_threshold_roi_224\sample 12\fresh\FRESH-620-_JPG.rf.d2a215194a8c5b22c149f82216a17ab0.jpg,False,public_dataset_2,public_dataset_2,,fresh,not fresh,0.23771648,0.755419,0.0068644295,not fresh,0.755419,fresh,0.23771648,0.9931355,0.5177025,1,False,True,True,False,True,False,Borderline Fresh / Early Not Fresh,Consume Immediately / Check carefully,65.388336,Consume Immediately,1,0,True,False
20260703_144237.jpg,10,Pork Belly,not fresh,12:00:00,E:\Thesis Code\processed_hsv_lab_threshold_roi_224\sample 10\not fresh\20260703_144237.jpg,pork_belly_sample_10,belly,cross_rotation,all,public_dataset_2,all,all,all,file_destination,E:\Thesis Code\processed_hsv_lab_threshold_roi_224\sample 10\not fresh\20260703_144237.jpg,False,public_dataset_2,public_dataset_2,,not fresh,not fresh,0.038990147,0.90090644,0.060103398,not fresh,0.90090644,spoiled,0.060103398,0.96100986,0.840803,0,True,True,True,False,False,False,Likely Not Fresh,Consume Immediately / Manual inspection recommended,54.049904,Consume Immediately,1,1,True,False
20260516_142358.jpg,8,Pork Loin,not fresh,10:20:30,E:\Thesis Code\processed_hsv_lab_threshold_roi_224\sample 8\not fresh\20260516_142358.jpg,pork_loin_sample_8,loin,cross_rotation,all,meatlens,all,all,all,file_destination,E:\Thesis Code\processed_hsv_lab_threshold_roi_224\sample 8\not fresh\20260516_142358.jpg,False,partner_home,new_phone,,not fresh,not fresh,0.023892663,0.9055906,0.07051675,not fresh,0.9055906,spoiled,0.07051675,0.97610736,0.8350738,0,True,True,True,False,False,False,Likely Not Fresh,Consume Immediately / Manual inspection recommended,52.901917,Consume Immediately,1,1,True,False
08-11-2022 12-16-55_jpg.rf.pquUo9Ibge5Gk9qUv5hd.jpg,11,Various Pork Meat,fresh,,E:\Thesis Code\processed_hsv_lab_threshold_roi_224\sample 11\fresh\08-11-2022 12-16-55_jpg.rf.pquUo9Ibge5Gk9qUv5hd.jpg,various_pork_meat_sample_11,various,cross_rotation,all,public_dataset_2,all,all,all,file_destination,E:\Thesis Code\processed_hsv_lab_threshold_roi_224\sample 11\fresh\08-11-2022 12-16-55_jpg.rf.pquUo9Ibge5Gk9qUv5hd.jpg,False,public_dataset_2,public_dataset_2,,fresh,fresh,0.5999296,0.38204572,0.018024663,fresh,0.5999296,not fresh,0.38204572,0.9819753,0.21788386,0,True,True,True,False,True,True,Borderline Fresh / Early Not Fresh,Consume Immediately / Check carefully,81.185715,Good for Consumption,0,0,True,False
SPOILED-433-_JPG.rf.9ef465bc5f98ad1618c047e146556e0f.jpg,12,Various Pork Meat,spoiled,,E:\Thesis Code\processed_hsv_lab_threshold_roi_224\sample 12\spoiled\SPOILED-433-_JPG.rf.9ef465bc5f98ad1618c047e146556e0f.jpg,various_pork_meat_sample_12,various,cross_rotation,all,public_dataset_2,all,all,all,file_destination,E:\Thesis Code\processed_hsv_lab_threshold_roi_224\sample 12\spoiled\SPOILED-433-_JPG.rf.9ef465bc5f98ad1618c047e146556e0f.jpg,False,public_dataset_2,public_dataset_2,,spoiled,spoiled,0.023813931,0.07595064,0.9002355,spoiled,0.9002355,not fresh,0.07595064,0.9761861,0.82428485,0,True,True,True,False,False,False,Likely Spoiled,Not Suitable,15.561033,Not Suitable,2,2,True,False
20260424_190859.jpg,1,Pork Shoulder,not fresh,15:06:56,E:\Thesis Code\processed_hsv_lab_threshold_roi_224\sample 1\not fresh\20260424_190859.jpg,pork_shoulder_sample_1,shoulder,cross_rotation,all,meatlens,all,all,all,file_destination,E:\Thesis Code\processed_hsv_lab_threshold_roi_224\sample 1\not fresh\20260424_190859.jpg,False,researcher_home,old_phone,,not fresh,not fresh,0.0016966107,0.8848991,0.11340429,not fresh,0.8848991,spoiled,0.11340429,0.99830335,0.7714948,0,True,True,True,False,True,False,Borderline Spoiled / Advanced Not Fresh,Not Suitable / Manual inspection recommended,49.973152,Consume Immediately,1,1,True,False
IMG_20260508_153534.jpg,5,Pork Ham,not fresh,11:29:51,E:\Thesis Code\processed_hsv_lab_threshold_roi_224\sample 5\not fresh\IMG_20260508_153534.jpg,pork_ham_sample_5,ham,cross_rotation,all,meatlens,all,all,all,file_destination,E:\Thesis Code\processed_hsv_lab_threshold_roi_224\sample 5\not fresh\IMG_20260508_153534.jpg,False,researcher_home,new_phone,,not fresh,not fresh,0.023492124,0.968233,0.008274811,not fresh,0.968233,fresh,0.023492124,0.9917251,0.9447409,0,True,True,True,False,False,False,Likely Not Fresh,Consume Immediately / Manual inspection recommended,55.684776,Consume Immediately,1,1,True,False
09-11-2022 12-13-49_jpg.rf.qW5h20KriiWZjuWeNbQ8.jpg,11,Various Pork Meat,spoiled,,E:\Thesis Code\processed_hsv_lab_threshold_roi_224\sample 11\spoiled\09-11-2022 12-13-49_jpg.rf.qW5h20KriiWZjuWeNbQ8.jpg,various_pork_meat_sample_11,various,cross_rotation,all,public_dataset_2,all,all,all,file_destination,E:\Thesis Code\processed_hsv_lab_threshold_roi_224\sample 11\spoiled\09-11-2022 12-13-49_jpg.rf.qW5h20KriiWZjuWeNbQ8.jpg,False,public_dataset_2,public_dataset_2,,spoiled,spoiled,0.00039183427,0.0026870721,0.996921,spoiled,0.996921,not fresh,0.0026870721,0.9996081,0.9942339,0,True,True,True,False,False,False,Likely Spoiled,Not Suitable,10.156182,Not Suitable,2,2,True,False
IMG_20260508_161643.jpg,5,Pork Ham,not fresh,12:10:51,E:\Thesis Code\processed_hsv_lab_threshold_roi_224\sample 5\not fresh\IMG_20260508_161643.jpg,pork_ham_sample_5,ham,cross_rotation,all,meatlens,all,all,all,file_destination,E:\Thesis Code\processed_hsv_lab_threshold_roi_224\sample 5\not fresh\IMG_20260508_161643.jpg,False,researcher_home,new_phone,,not fresh,not fresh,0.009976996,0.98522687,0.0047961287,not fresh,0.98522687,fresh,0.009976996,0.99520385,0.9752499,0,True,True,True,False,False,False,Likely Not Fresh,Consume Immediately / Manual inspection recommended,55.23314,Consume Immediately,1,1,True,False
20260429_150022.jpg,3,Pork Belly,not fresh,10:56:05,E:\Thesis Code\processed_hsv_lab_threshold_roi_224\sample 3\not fresh\20260429_150022.jpg,pork_belly_sample_3,belly,cross_rotation,all,meatlens,all,all,all,file_destination,E:\Thesis Code\processed_hsv_lab_threshold_roi_224\sample 3\not fresh\20260429_150022.jpg,False,researcher_home,old_phone,,not fresh,not fresh,0.010350054,0.980186,0.009463898,not fresh,0.980186,fresh,0.010350054,0.99053603,0.96983594,0,True,True,True,False,False,False,Likely Not Fresh,Consume Immediately / Manual inspection recommended,55.039875,Consume Immediately,1,1,True,False
IMG20260508095132.jpg,6,Pork Ham,fresh,05:16:35,E:\Thesis Code\processed_hsv_lab_threshold_roi_224\sample 6\fresh\IMG20260508095132.jpg,pork_ham_sample_6,ham,cross_rotation,all,meatlens,all,all,all,file_destination,E:\Thesis Code\processed_hsv_lab_threshold_roi_224\sample 6\fresh\IMG20260508095132.jpg,False,partner_home,new_phone,,fresh,fresh,0.8868532,0.10897453,0.004172285,fresh,0.8868532,not fresh,0.10897453,0.99582773,0.7778787,0,True,True,True,False,True,False,Borderline Fresh / Early Not Fresh,Consume Immediately / Check carefully,94.72064,Good for Consumption,0,0,True,False
IMG_20260508_101344.jpg,5,Pork Ham,fresh,06:09:03,E:\Thesis Code\processed_hsv_lab_threshold_roi_224\sample 5\fresh\IMG_20260508_101344.jpg,pork_ham_sample_5,ham,cross_rotation,all,meatlens,all,all,all,file_destination,E:\Thesis Code\processed_hsv_lab_threshold_roi_224\sample 5\fresh\IMG_20260508_101344.jpg,False,researcher_home,new_phone,,fresh,fresh,0.9857334,0.013711235,0.0005552988,fresh,0.9857334,not fresh,0.013711235,0.9994446,0.9720222,0,True,True,True,False,False,False,Likely Fresh,Good for Consumption,99.33301,Good for Consumption,0,0,True,False
20260429_061701.jpg,3,Pork Belly,fresh,06:21:32,E:\Thesis Code\processed_hsv_lab_threshold_roi_224\sample 3\fresh\20260429_061701.jpg,pork_belly_sample_3,belly,cross_rotation,all,meatlens,all,all,all,file_destination,E:\Thesis Code\processed_hsv_lab_threshold_roi_224\sample 3\fresh\20260429_061701.jpg,False,researcher_home,old_phone,,fresh,fresh,0.97990257,0.017752798,0.0023445461,fresh,0.97990257,not fresh,0.017752798,0.9976554,0.96214974,0,True,True,True,False,False,False,Likely Fresh,Good for Consumption,98.990105,Good for Consumption,0,0,True,False
20260423_140511.jpg,2,Pork Shoulder,not fresh,10:13:16,E:\Thesis Code\processed_hsv_lab_threshold_roi_224\sample 2\not fresh\20260423_140511.jpg,pork_shoulder_sample_2,shoulder,cross_rotation,all,meatlens,all,all,all,file_destination,E:\Thesis Code\processed_hsv_lab_threshold_roi_224\sample 2\not fresh\20260423_140511.jpg,False,partner_home,old_phone,,not fresh,not fresh,0.024153665,0.9500654,0.025780896,not fresh,0.9500654,spoiled,0.025780896,0.9758463,0.92428446,0,True,True,True,False,False,False,Likely Not Fresh,Consume Immediately / Manual inspection recommended,54.92677,Consume Immediately,1,1,True,False
20260429_144004.jpg,4,Pork Belly,not fresh,06:41:36,E:\Thesis Code\processed_hsv_lab_threshold_roi_224\sample 4\not fresh\20260429_144004.jpg,pork_belly_sample_4,belly,cross_rotation,all,meatlens,all,all,all,file_destination,E:\Thesis Code\processed_hsv_lab_threshold_roi_224\sample 4\not fresh\20260429_144004.jpg,False,partner_home,old_phone,,not fresh,not fresh,0.0009367246,0.9783249,0.020738283,not fresh,0.9783249,spoiled,0.020738283,0.9990632,0.9575866,0,True,True,True,False,False,False,Likely Not Fresh,Consume Immediately / Manual inspection recommended,54.108925,Consume Immediately,1,1,True,False
20260429_190747.jpg,4,Pork Belly,spoiled,13:26:50,E:\Thesis Code\processed_hsv_lab_threshold_roi_224\sample 4\spoiled\20260429_190747.jpg,pork_belly_sample_4,belly,cross_rotation,all,meatlens,all,all,all,file_destination,E:\Thesis Code\processed_hsv_lab_threshold_roi_224\sample 4\spoiled\20260429_190747.jpg,False,partner_home,old_phone,,spoiled,not fresh,0.019877307,0.65618163,0.3239411,not fresh,0.65618163,spoiled,0.3239411,0.98012275,0.33224052,1,False,True,True,False,True,False,Borderline Spoiled / Advanced Not Fresh,Not Suitable / Manual inspection recommended,41.31713,Consume Immediately,1,2,True,False
20260516_190605.jpg,8,Pork Loin,spoiled,15:18:24,E:\Thesis Code\processed_hsv_lab_threshold_roi_224\sample 8\spoiled\20260516_190605.jpg,pork_loin_sample_8,loin,cross_rotation,all,meatlens,all,all,all,file_destination,E:\Thesis Code\processed_hsv_lab_threshold_roi_224\sample 8\spoiled\20260516_190605.jpg,False,partner_home,new_phone,,spoiled,not fresh,0.0065048044,0.6714467,0.32204854,not fresh,0.6714467,spoiled,0.32204854,0.9934952,0.34939814,1,False,True,True,False,True,False,Borderline Spoiled / Advanced Not Fresh,Not Suitable / Manual inspection recommended,40.800533,Consume Immediately,1,2,True,False
IMG20260508154925.jpg,6,Pork Ham,not fresh,11:49:09,E:\Thesis Code\processed_hsv_lab_threshold_roi_224\sample 6\not fresh\IMG20260508154925.jpg,pork_ham_sample_6,ham,cross_rotation,all,meatlens,all,all,all,file_destination,E:\Thesis Code\processed_hsv_lab_threshold_roi_224\sample 6\not fresh\IMG20260508154925.jpg,False,partner_home,new_phone,,not fresh,not fresh,0.005192473,0.9708892,0.023918305,not fresh,0.9708892,spoiled,0.023918305,0.99480754,0.9469709,0,True,True,True,False,False,False,Likely Not Fresh,Consume Immediately / Manual inspection recommended,54.157337,Consume Immediately,1,1,True,False
20260429_072249.jpg,4,Pork Belly,fresh,02:34:38,E:\Thesis Code\processed_hsv_lab_threshold_roi_224\sample 4\fresh\20260429_072249.jpg,pork_belly_sample_4,belly,cross_rotation,all,meatlens,all,all,all,file_destination,E:\Thesis Code\processed_hsv_lab_threshold_roi_224\sample 4\fresh\20260429_072249.jpg,False,partner_home,old_phone,,fresh,fresh,0.99799913,0.0015651548,0.00043565972,fresh,0.99799913,not fresh,0.0015651548,0.9995643,0.996434,0,True,True,True,False,False,False,Likely Fresh,Good for Consumption,99.89035,Good for Consumption,0,0,True,False
20260429_073551.jpg,4,Pork Belly,fresh,03:37:27,E:\Thesis Code\processed_hsv_lab_threshold_roi_224\sample 4\fresh\20260429_073551.jpg,pork_belly_sample_4,belly,cross_rotation,all,meatlens,all,all,all,file_destination,E:\Thesis Code\processed_hsv_lab_threshold_roi_224\sample 4\fresh\20260429_073551.jpg,False,partner_home,old_phone,,fresh,fresh,0.99387413,0.0042265393,0.001899333,fresh,0.99387413,not fresh,0.0042265393,0.9981007,0.98964757,0,True,True,True,False,False,False,Likely Fresh,Good for Consumption,99.63886,Good for Consumption,0,0,True,False
20260429_142632.jpg,4,Pork Belly,not fresh,06:19:54,E:\Thesis Code\processed_hsv_lab_threshold_roi_224\sample 4\not fresh\20260429_142632.jpg,pork_belly_sample_4,belly,cross_rotation,all,meatlens,all,all,all,file_destination,E:\Thesis Code\processed_hsv_lab_threshold_roi_224\sample 4\not fresh\20260429_142632.jpg,False,partner_home,old_phone,,not fresh,not fresh,0.0011319251,0.96935946,0.029508622,not fresh,0.96935946,spoiled,0.029508622,0.9988681,0.9398508,0,True,True,True,False,False,False,Likely Not Fresh,Consume Immediately / Manual inspection recommended,53.72305,Consume Immediately,1,1,True,False
IMG_20260517_100016.jpg,7,Pork Loin,fresh,01:11:55,E:\Thesis Code\processed_hsv_lab_threshold_roi_224\sample 7\fresh\IMG_20260517_100016.jpg,pork_loin_sample_7,loin,cross_rotation,all,meatlens,all,all,all,file_destination,E:\Thesis Code\processed_hsv_lab_threshold_roi_224\sample 7\fresh\IMG_20260517_100016.jpg,False,researcher_home,new_phone,,fresh,fresh,0.9893702,0.009959117,0.00067059294,fresh,0.9893702,not fresh,0.009959117,0.9993293,0.9794111,0,True,True,True,False,False,False,Likely Fresh,Good for Consumption,99.49148,Good for Consumption,0,0,True,False
20260429_182811.jpg,4,Pork Belly,spoiled,12:36:11,E:\Thesis Code\processed_hsv_lab_threshold_roi_224\sample 4\spoiled\20260429_182811.jpg,pork_belly_sample_4,belly,cross_rotation,all,meatlens,all,all,all,file_destination,E:\Thesis Code\processed_hsv_lab_threshold_roi_224\sample 4\spoiled\20260429_182811.jpg,False,partner_home,old_phone,,spoiled,not fresh,0.023324536,0.6397768,0.33689862,not fresh,0.6397768,spoiled,0.33689862,0.97667545,0.3028782,1,False,True,True,False,True,False,Borderline Spoiled / Advanced Not Fresh,Not Suitable / Manual inspection recommended,40.889164,Consume Immediately,1,2,True,False
IMG_20260517_104317.jpg,7,Pork Loin,fresh,03:15:37,E:\Thesis Code\processed_hsv_lab_threshold_roi_224\sample 7\fresh\IMG_20260517_104317.jpg,pork_loin_sample_7,loin,cross_rotation,all,meatlens,all,all,all,file_destination,E:\Thesis Code\processed_hsv_lab_threshold_roi_224\sample 7\fresh\IMG_20260517_104317.jpg,False,researcher_home,new_phone,,fresh,fresh,0.9845467,0.014160575,0.0012926726,fresh,0.9845467,not fresh,0.014160575,0.9987073,0.97038615,0,True,True,True,False,False,False,Likely Fresh,Good for Consumption,99.24643,Good for Consumption,0,0,True,False
20260624_075001.jpg,9,Pork Hind Leg,fresh,04:00:00,E:\Thesis Code\processed_hsv_lab_threshold_roi_224\sample 9\fresh\20260624_075001.jpg,pork_hind_leg_sample_9,hind_leg,cross_rotation,all,public_dataset_2,all,all,all,file_destination,E:\Thesis Code\processed_hsv_lab_threshold_roi_224\sample 9\fresh\20260624_075001.jpg,False,public_dataset_2,public_dataset_2,,fresh,fresh,0.83219147,0.13591328,0.031895258,fresh,0.83219147,not fresh,0.13591328,0.9681047,0.6962782,0,True,True,True,False,True,False,Borderline Fresh / Early Not Fresh,Consume Immediately / Check carefully,91.01333,Good for Consumption,0,0,True,False
SPOILED-456-_JPG.rf.6eb1c1aae020074ea2ee26a74c5e7a2d.jpg,12,Various Pork Meat,spoiled,,E:\Thesis Code\processed_hsv_lab_threshold_roi_224\sample 12\spoiled\SPOILED-456-_JPG.rf.6eb1c1aae020074ea2ee26a74c5e7a2d.jpg,various_pork_meat_sample_12,various,cross_rotation,all,public_dataset_2,all,all,all,file_destination,E:\Thesis Code\processed_hsv_lab_threshold_roi_224\sample 12\spoiled\SPOILED-456-_JPG.rf.6eb1c1aae020074ea2ee26a74c5e7a2d.jpg,False,public_dataset_2,public_dataset_2,,spoiled,spoiled,0.01027659,0.07892872,0.9107946,spoiled,0.9107946,not fresh,0.07892872,0.9897233,0.8318659,0,True,True,True,False,False,False,Likely Spoiled,Not Suitable,14.476685,Not Suitable,2,2,True,False
IMG20260423063657.jpg,2,Pork Shoulder,fresh,00:23:31,E:\Thesis Code\processed_hsv_lab_threshold_roi_224\sample 2\fresh\IMG20260423063657.jpg,pork_shoulder_sample_2,shoulder,cross_rotation,all,meatlens,all,all,all,file_destination,E:\Thesis Code\processed_hsv_lab_threshold_roi_224\sample 2\fresh\IMG20260423063657.jpg,False,partner_home,old_phone,,fresh,fresh,0.99531907,0.0020489134,0.002632007,fresh,0.99531907,spoiled,0.002632007,0.9979511,0.99268705,0,True,True,True,False,False,False,Likely Fresh,Good for Consumption,99.67091,Good for Consumption,0,0,False,False
20260430_174026.jpg,4,Pork Belly,spoiled,32:01:12,E:\Thesis Code\processed_hsv_lab_threshold_roi_224\sample 4\spoiled\20260430_174026.jpg,pork_belly_sample_4,belly,cross_rotation,all,meatlens,all,all,all,file_destination,E:\Thesis Code\processed_hsv_lab_threshold_roi_224\sample 4\spoiled\20260430_174026.jpg,False,partner_home,old_phone,,spoiled,spoiled,0.001401508,0.021176955,0.9774215,spoiled,0.9774215,not fresh,0.021176955,0.99859846,0.9562446,0,True,True,True,False,False,False,Likely Spoiled,Not Suitable,11.079099,Not Suitable,2,2,True,False
20260625_173945.jpg,9,Pork Hind Leg,spoiled,24:00:00,E:\Thesis Code\processed_hsv_lab_threshold_roi_224\sample 9\spoiled\20260625_173945.jpg,pork_hind_leg_sample_9,hind_leg,cross_rotation,all,public_dataset_2,all,all,all,file_destination,E:\Thesis Code\processed_hsv_lab_threshold_roi_224\sample 9\spoiled\20260625_173945.jpg,False,public_dataset_2,public_dataset_2,,spoiled,spoiled,0.0014795854,0.0006099956,0.99791044,spoiled,0.99791044,fresh,0.0014795854,0.99939,0.9964309,0,True,True,True,False,False,False,Likely Spoiled,Not Suitable,10.160613,Not Suitable,2,2,False,False
08-11-2022 18-31-05_jpg.rf.4blJhGvBtoFyOuMBBIoJ.jpg,11,Various Pork Meat,fresh,,E:\Thesis Code\processed_hsv_lab_threshold_roi_224\sample 11\fresh\08-11-2022 18-31-05_jpg.rf.4blJhGvBtoFyOuMBBIoJ.jpg,various_pork_meat_sample_11,various,cross_rotation,all,public_dataset_2,all,all,all,file_destination,E:\Thesis Code\processed_hsv_lab_threshold_roi_224\sample 11\fresh\08-11-2022 18-31-05_jpg.rf.4blJhGvBtoFyOuMBBIoJ.jpg,False,public_dataset_2,public_dataset_2,,fresh,not fresh,0.26582342,0.68345666,0.050719887,not fresh,0.68345666,fresh,0.26582342,0.9492801,0.41763324,1,False,True,True,False,True,False,Borderline Fresh / Early Not Fresh,Consume Immediately / Check carefully,64.67966,Consume Immediately,1,0,True,False
IMG20260423080402.jpg,2,Pork Shoulder,fresh,02:39:12,E:\Thesis Code\processed_hsv_lab_threshold_roi_224\sample 2\fresh\IMG20260423080402.jpg,pork_shoulder_sample_2,shoulder,cross_rotation,all,meatlens,all,all,all,file_destination,E:\Thesis Code\processed_hsv_lab_threshold_roi_224\sample 2\fresh\IMG20260423080402.jpg,False,partner_home,old_phone,,fresh,fresh,0.9887994,0.010528711,0.0006719201,fresh,0.9887994,not fresh,0.010528711,0.9993281,0.9782707,0,True,True,True,False,False,False,Likely Fresh,Good for Consumption,99.46574,Good for Consumption,0,0,True,False
IMG_20260518_202526.jpg,7,Pork Loin,spoiled,36:44:01,E:\Thesis Code\processed_hsv_lab_threshold_roi_224\sample 7\spoiled\IMG_20260518_202526.jpg,pork_loin_sample_7,loin,cross_rotation,all,meatlens,all,all,all,file_destination,E:\Thesis Code\processed_hsv_lab_threshold_roi_224\sample 7\spoiled\IMG_20260518_202526.jpg,False,researcher_home,new_phone,,spoiled,spoiled,0.00025923882,0.0006575271,0.9990833,spoiled,0.9990833,not fresh,0.0006575271,0.9997408,0.9984258,0,True,True,True,False,False,False,Likely Spoiled,Not Suitable,10.05292,Not Suitable,2,2,True,False
20260516_100419.jpg,8,Pork Loin,fresh,06:00:54,E:\Thesis Code\processed_hsv_lab_threshold_roi_224\sample 8\fresh\20260516_100419.jpg,pork_loin_sample_8,loin,cross_rotation,all,meatlens,all,all,all,file_destination,E:\Thesis Code\processed_hsv_lab_threshold_roi_224\sample 8\fresh\20260516_100419.jpg,False,partner_home,new_phone,,fresh,fresh,0.8654251,0.13374902,0.0008259,fresh,0.8654251,not fresh,0.13374902,0.9991741,0.7316761,0,True,True,True,False,True,False,Borderline Fresh / Early Not Fresh,Consume Immediately / Check carefully,93.90697,Good for Consumption,0,0,True,False
20260703_085903.jpg,10,Pork Belly,fresh,04:00:00,E:\Thesis Code\processed_hsv_lab_threshold_roi_224\sample 10\fresh\20260703_085903.jpg,pork_belly_sample_10,belly,cross_rotation,all,public_dataset_2,all,all,all,file_destination,E:\Thesis Code\processed_hsv_lab_threshold_roi_224\sample 10\fresh\20260703_085903.jpg,False,public_dataset_2,public_dataset_2,,fresh,fresh,0.8637123,0.134846,0.0014416447,fresh,0.8637123,not fresh,0.134846,0.9985583,0.72886634,0,True,True,True,False,True,False,Borderline Fresh / Early Not Fresh,Consume Immediately / Check carefully,93.80218,Good for Consumption,0,0,True,False
IMG_20260509_125028.jpg,5,Pork Ham,spoiled,24:22:55,E:\Thesis Code\processed_hsv_lab_threshold_roi_224\sample 5\spoiled\IMG_20260509_125028.jpg,pork_ham_sample_5,ham,cross_rotation,all,meatlens,all,all,all,file_destination,E:\Thesis Code\processed_hsv_lab_threshold_roi_224\sample 5\spoiled\IMG_20260509_125028.jpg,False,researcher_home,new_phone,,spoiled,spoiled,0.0016229325,0.0050672903,0.99330974,spoiled,0.99330974,not fresh,0.0050672903,0.998377,0.98824245,0,True,True,True,False,False,False,Likely Spoiled,Not Suitable,10.374091,Not Suitable,2,2,True,False
20260424_140108.jpg,2,Pork Shoulder,spoiled,32:24:07,E:\Thesis Code\processed_hsv_lab_threshold_roi_224\sample 2\spoiled\20260424_140108.jpg,pork_shoulder_sample_2,shoulder,cross_rotation,all,meatlens,all,all,all,file_destination,E:\Thesis Code\processed_hsv_lab_threshold_roi_224\sample 2\spoiled\20260424_140108.jpg,False,partner_home,old_phone,,spoiled,spoiled,0.000858739,0.00022214679,0.99891907,spoiled,0.99891907,fresh,0.000858739,0.9997778,0.99806035,0,True,True,True,False,False,False,Likely Spoiled,Not Suitable,10.087283,Not Suitable,2,2,False,False
20260424_101642.jpg,1,Pork Shoulder,fresh,05:20:48,E:\Thesis Code\processed_hsv_lab_threshold_roi_224\sample 1\fresh\20260424_101642.jpg,pork_shoulder_sample_1,shoulder,cross_rotation,all,meatlens,all,all,all,file_destination,E:\Thesis Code\processed_hsv_lab_threshold_roi_224\sample 1\fresh\20260424_101642.jpg,False,researcher_home,old_phone,,fresh,fresh,0.9832628,0.015623002,0.001114199,fresh,0.9832628,not fresh,0.015623002,0.99888575,0.9676398,0,True,True,True,False,False,False,Likely Fresh,Good for Consumption,99.196686,Good for Consumption,0,0,True,False
IMG_20260517_094016.jpg,7,Pork Loin,fresh,00:14:23,E:\Thesis Code\processed_hsv_lab_threshold_roi_224\sample 7\fresh\IMG_20260517_094016.jpg,pork_loin_sample_7,loin,cross_rotation,all,meatlens,all,all,all,file_destination,E:\Thesis Code\processed_hsv_lab_threshold_roi_224\sample 7\fresh\IMG_20260517_094016.jpg,False,researcher_home,new_phone,,fresh,fresh,0.9866189,0.011731725,0.0016492828,fresh,0.9866189,not fresh,0.011731725,0.9983506,0.97488713,0,True,True,True,False,False,False,Likely Fresh,Good for Consumption,99.32362,Good for Consumption,0,0,True,False
20260703_091807.jpg,10,Pork Belly,fresh,04:00:00,E:\Thesis Code\processed_hsv_lab_threshold_roi_224\sample 10\fresh\20260703_091807.jpg,pork_belly_sample_10,belly,cross_rotation,all,public_dataset_2,all,all,all,file_destination,E:\Thesis Code\processed_hsv_lab_threshold_roi_224\sample 10\fresh\20260703_091807.jpg,False,public_dataset_2,public_dataset_2,,fresh,fresh,0.8071718,0.19134825,0.0014799675,fresh,0.8071718,not fresh,0.19134825,0.9985201,0.61582357,0,True,True,True,False,True,False,Borderline Fresh / Early Not Fresh,Consume Immediately / Check carefully,91.256134,Good for Consumption,0,0,True,False
20260624_081706.jpg,9,Pork Hind Leg,fresh,04:00:00,E:\Thesis Code\processed_hsv_lab_threshold_roi_224\sample 9\fresh\20260624_081706.jpg,pork_hind_leg_sample_9,hind_leg,cross_rotation,all,public_dataset_2,all,all,all,file_destination,E:\Thesis Code\processed_hsv_lab_threshold_roi_224\sample 9\fresh\20260624_081706.jpg,False,public_dataset_2,public_dataset_2,,fresh,fresh,0.7041944,0.24918109,0.0466244,fresh,0.7041944,not fresh,0.24918109,0.9533755,0.45501333,0,True,True,True,False,True,False,Borderline Fresh / Early Not Fresh,Consume Immediately / Check carefully,84.590645,Good for Consumption,0,0,True,False
IMG_20260517_103817.jpg,7,Pork Loin,fresh,03:01:14,E:\Thesis Code\processed_hsv_lab_threshold_roi_224\sample 7\fresh\IMG_20260517_103817.jpg,pork_loin_sample_7,loin,cross_rotation,all,meatlens,all,all,all,file_destination,E:\Thesis Code\processed_hsv_lab_threshold_roi_224\sample 7\fresh\IMG_20260517_103817.jpg,False,researcher_home,new_phone,,fresh,fresh,0.984511,0.014381419,0.0011075345,fresh,0.984511,not fresh,0.014381419,0.9988924,0.9701296,0,True,True,True,False,False,False,Likely Fresh,Good for Consumption,99.25316,Good for Consumption,0,0,True,False
08-11-2022 17-45-37_jpg.rf.j1vglxJA1P7idK2JYACK.jpg,11,Various Pork Meat,fresh,,E:\Thesis Code\processed_hsv_lab_threshold_roi_224\sample 11\fresh\08-11-2022 17-45-37_jpg.rf.j1vglxJA1P7idK2JYACK.jpg,various_pork_meat_sample_11,various,cross_rotation,all,public_dataset_2,all,all,all,file_destination,E:\Thesis Code\processed_hsv_lab_threshold_roi_224\sample 11\fresh\08-11-2022 17-45-37_jpg.rf.j1vglxJA1P7idK2JYACK.jpg,False,public_dataset_2,public_dataset_2,,fresh,fresh,0.5281291,0.46221668,0.0096541485,fresh,0.5281291,not fresh,0.46221668,0.9903458,0.065912426,0,True,True,True,False,True,True,Borderline Fresh / Early Not Fresh,Consume Immediately / Check carefully,78.33137,Good for Consumption,0,0,True,False
FRESH-737-_JPG.rf.331ebcffd1bae041c52bfdf27651aac8.jpg,12,Various Pork Meat,fresh,,E:\Thesis Code\processed_hsv_lab_threshold_roi_224\sample 12\fresh\FRESH-737-_JPG.rf.331ebcffd1bae041c52bfdf27651aac8.jpg,various_pork_meat_sample_12,various,cross_rotation,all,public_dataset_2,all,all,all,file_destination,E:\Thesis Code\processed_hsv_lab_threshold_roi_224\sample 12\fresh\FRESH-737-_JPG.rf.331ebcffd1bae041c52bfdf27651aac8.jpg,False,public_dataset_2,public_dataset_2,,fresh,fresh,0.99638104,0.0035839828,3.4942663e-05,fresh,0.99638104,not fresh,0.0035839828,0.999965,0.9927971,0,True,True,True,False,False,False,Likely Fresh,Good for Consumption,99.83557,Good for Consumption,0,0,True,False
20260516_210154.jpg,8,Pork Loin,spoiled,17:39:30,E:\Thesis Code\processed_hsv_lab_threshold_roi_224\sample 8\spoiled\20260516_210154.jpg,pork_loin_sample_8,loin,cross_rotation,all,meatlens,all,all,all,file_destination,E:\Thesis Code\processed_hsv_lab_threshold_roi_224\sample 8\spoiled\20260516_210154.jpg,False,partner_home,new_phone,,spoiled,not fresh,0.006518019,0.5463496,0.44713235,not fresh,0.5463496,spoiled,0.44713235,0.99348193,0.099217236,1,False,True,True,False,True,True,Borderline Spoiled / Advanced Not Fresh,Not Suitable / Manual inspection recommended,35.17235,Not Suitable,1,2,True,False
20260624_114624.jpg,9,Pork Hind Leg,not fresh,12:00:00,E:\Thesis Code\processed_hsv_lab_threshold_roi_224\sample 9\not fresh\20260624_114624.jpg,pork_hind_leg_sample_9,hind_leg,cross_rotation,all,public_dataset_2,all,all,all,file_destination,E:\Thesis Code\processed_hsv_lab_threshold_roi_224\sample 9\not fresh\20260624_114624.jpg,False,public_dataset_2,public_dataset_2,,not fresh,fresh,0.64273024,0.33296615,0.02430361,fresh,0.64273024,not fresh,0.33296615,0.9756964,0.3097641,1,False,True,True,False,True,False,Borderline Fresh / Early Not Fresh,Consume Immediately / Check carefully,82.8292,Good for Consumption,0,1,True,False
09-11-2022 11-36-18_jpg.rf.x855sSzQwwKTYGu1C9h8.jpg,11,Various Pork Meat,spoiled,,E:\Thesis Code\processed_hsv_lab_threshold_roi_224\sample 11\spoiled\09-11-2022 11-36-18_jpg.rf.x855sSzQwwKTYGu1C9h8.jpg,various_pork_meat_sample_11,various,cross_rotation,all,public_dataset_2,all,all,all,file_destination,E:\Thesis Code\processed_hsv_lab_threshold_roi_224\sample 11\spoiled\09-11-2022 11-36-18_jpg.rf.x855sSzQwwKTYGu1C9h8.jpg,False,public_dataset_2,public_dataset_2,,spoiled,spoiled,0.008086762,0.35322213,0.6386912,spoiled,0.6386912,not fresh,0.35322213,0.9919133,0.28546906,0,True,True,True,False,True,False,Borderline Spoiled / Advanced Not Fresh,Not Suitable / Manual inspection recommended,26.622805,Not Suitable,2,2,True,False
20260624_100954.jpg,9,Pork Hind Leg,fresh,04:00:00,E:\Thesis Code\processed_hsv_lab_threshold_roi_224\sample 9\fresh\20260624_100954.jpg,pork_hind_leg_sample_9,hind_leg,cross_rotation,all,public_dataset_2,all,all,all,file_destination,E:\Thesis Code\processed_hsv_lab_threshold_roi_224\sample 9\fresh\20260624_100954.jpg,False,public_dataset_2,public_dataset_2,,fresh,fresh,0.8203522,0.1650853,0.014562497,fresh,0.8203522,not fresh,0.1650853,0.9854375,0.6552669,0,True,True,True,False,True,False,Borderline Fresh / Early Not Fresh,Consume Immediately / Check carefully,91.26054,Good for Consumption,0,0,True,False
20260424_182258.jpg,1,Pork Shoulder,not fresh,14:21:06,E:\Thesis Code\processed_hsv_lab_threshold_roi_224\sample 1\not fresh\20260424_182258.jpg,pork_shoulder_sample_1,shoulder,cross_rotation,all,meatlens,all,all,all,file_destination,E:\Thesis Code\processed_hsv_lab_threshold_roi_224\sample 1\not fresh\20260424_182258.jpg,False,researcher_home,old_phone,,not fresh,not fresh,0.0032820343,0.93106,0.06565799,not fresh,0.93106,spoiled,0.06565799,0.996718,0.86540204,0,True,True,True,False,False,False,Likely Not Fresh,Consume Immediately / Manual inspection recommended,52.193085,Consume Immediately,1,1,True,False
20260424_191058.jpg,1,Pork Shoulder,not fresh,15:09:21,E:\Thesis Code\processed_hsv_lab_threshold_roi_224\sample 1\not fresh\20260424_191058.jpg,pork_shoulder_sample_1,shoulder,cross_rotation,all,meatlens,all,all,all,file_destination,E:\Thesis Code\processed_hsv_lab_threshold_roi_224\sample 1\not fresh\20260424_191058.jpg,False,researcher_home,old_phone,,not fresh,not fresh,0.0014178432,0.8910773,0.10750484,not fresh,0.8910773,spoiled,0.10750484,0.9985821,0.78357244,0,True,True,True,False,True,False,Borderline Spoiled / Advanced Not Fresh,Not Suitable / Manual inspection recommended,50.22608,Consume Immediately,1,1,True,False
20260424_102231.jpg,2,Pork Shoulder,spoiled,23:49:09,E:\Thesis Code\processed_hsv_lab_threshold_roi_224\sample 2\spoiled\20260424_102231.jpg,pork_shoulder_sample_2,shoulder,cross_rotation,all,meatlens,all,all,all,file_destination,E:\Thesis Code\processed_hsv_lab_threshold_roi_224\sample 2\spoiled\20260424_102231.jpg,False,partner_home,old_phone,,spoiled,spoiled,0.0008269483,0.00072216487,0.9984509,spoiled,0.9984509,fresh,0.0008269483,0.99927783,0.9976239,0,True,True,True,False,False,False,Likely Spoiled,Not Suitable,10.106923,Not Suitable,2,2,False,False
IMG_20260509_060727.jpg,5,Pork Ham,spoiled,21:00:18,E:\Thesis Code\processed_hsv_lab_threshold_roi_224\sample 5\spoiled\IMG_20260509_060727.jpg,pork_ham_sample_5,ham,cross_rotation,all,meatlens,all,all,all,file_destination,E:\Thesis Code\processed_hsv_lab_threshold_roi_224\sample 5\spoiled\IMG_20260509_060727.jpg,False,researcher_home,new_phone,,spoiled,spoiled,0.0030597986,0.018570615,0.97836953,spoiled,0.97836953,not fresh,0.018570615,0.99694014,0.95979893,0,True,True,True,False,False,False,Likely Spoiled,Not Suitable,11.111059,Not Suitable,2,2,True,False
20260704_083950.jpg,10,Pork Belly,spoiled,24:00:00,E:\Thesis Code\processed_hsv_lab_threshold_roi_224\sample 10\spoiled\20260704_083950.jpg,pork_belly_sample_10,belly,cross_rotation,all,public_dataset_2,all,all,all,file_destination,E:\Thesis Code\processed_hsv_lab_threshold_roi_224\sample 10\spoiled\20260704_083950.jpg,False,public_dataset_2,public_dataset_2,,spoiled,spoiled,0.011455514,0.0123745045,0.97616994,spoiled,0.97616994,not fresh,0.0123745045,0.98854446,0.9637954,0,True,True,True,False,False,False,Likely Spoiled,Not Suitable,11.587849,Not Suitable,2,2,True,False
20260624_095907.jpg,9,Pork Hind Leg,fresh,04:00:00,E:\Thesis Code\processed_hsv_lab_threshold_roi_224\sample 9\fresh\20260624_095907.jpg,pork_hind_leg_sample_9,hind_leg,cross_rotation,all,public_dataset_2,all,all,all,file_destination,E:\Thesis Code\processed_hsv_lab_threshold_roi_224\sample 9\fresh\20260624_095907.jpg,False,public_dataset_2,public_dataset_2,,fresh,fresh,0.71329725,0.2689349,0.017767845,fresh,0.71329725,not fresh,0.2689349,0.98223215,0.44436234,0,True,True,True,False,True,False,Borderline Fresh / Early Not Fresh,Consume Immediately / Check carefully,86.29882,Good for Consumption,0,0,True,False
20260624_075848.jpg,9,Pork Hind Leg,fresh,04:00:00,E:\Thesis Code\processed_hsv_lab_threshold_roi_224\sample 9\fresh\20260624_075848.jpg,pork_hind_leg_sample_9,hind_leg,cross_rotation,all,public_dataset_2,all,all,all,file_destination,E:\Thesis Code\processed_hsv_lab_threshold_roi_224\sample 9\fresh\20260624_075848.jpg,False,public_dataset_2,public_dataset_2,,fresh,fresh,0.70833784,0.23767844,0.053983692,fresh,0.70833784,not fresh,0.23767844,0.9460163,0.4706594,0,True,True,True,False,True,False,Borderline Fresh / Early Not Fresh,Consume Immediately / Check carefully,84.44594,Good for Consumption,0,0,True,False
IMG_20260508_155234.jpg,5,Pork Ham,not fresh,11:46:44,E:\Thesis Code\processed_hsv_lab_threshold_roi_224\sample 5\not fresh\IMG_20260508_155234.jpg,pork_ham_sample_5,ham,cross_rotation,all,meatlens,all,all,all,file_destination,E:\Thesis Code\processed_hsv_lab_threshold_roi_224\sample 5\not fresh\IMG_20260508_155234.jpg,False,researcher_home,new_phone,,not fresh,not fresh,0.0080342805,0.98458487,0.0073808557,not fresh,0.98458487,fresh,0.0080342805,0.99261916,0.9765506,0,True,True,True,False,False,False,Likely Not Fresh,Consume Immediately / Manual inspection recommended,55.029404,Consume Immediately,1,1,True,False
20260429_195827.jpg,3,Pork Belly,not fresh,15:55:11,E:\Thesis Code\processed_hsv_lab_threshold_roi_224\sample 3\not fresh\20260429_195827.jpg,pork_belly_sample_3,belly,cross_rotation,all,meatlens,all,all,all,file_destination,E:\Thesis Code\processed_hsv_lab_threshold_roi_224\sample 3\not fresh\20260429_195827.jpg,False,researcher_home,old_phone,,not fresh,not fresh,0.0020747895,0.6866506,0.31127468,not fresh,0.6866506,spoiled,0.31127468,0.9979253,0.3753759,0,True,True,True,False,True,False,Borderline Spoiled / Advanced Not Fresh,Not Suitable / Manual inspection recommended,41.086006,Consume Immediately,1,1,True,False
20260703_160029.jpg,10,Pork Belly,not fresh,12:00:00,E:\Thesis Code\processed_hsv_lab_threshold_roi_224\sample 10\not fresh\20260703_160029.jpg,pork_belly_sample_10,belly,cross_rotation,all,public_dataset_2,all,all,all,file_destination,E:\Thesis Code\processed_hsv_lab_threshold_roi_224\sample 10\not fresh\20260703_160029.jpg,False,public_dataset_2,public_dataset_2,,not fresh,not fresh,0.0253774,0.80952775,0.1650949,not fresh,0.80952775,spoiled,0.1650949,0.97462267,0.64443284,0,True,True,True,False,True,False,Borderline Spoiled / Advanced Not Fresh,Not Suitable / Manual inspection recommended,48.712715,Consume Immediately,1,1,True,False
SPOILED-504-_JPG.rf.bd7adde8075295a77ae4f7252203d9d7.jpg,12,Various Pork Meat,spoiled,,E:\Thesis Code\processed_hsv_lab_threshold_roi_224\sample 12\spoiled\SPOILED-504-_JPG.rf.bd7adde8075295a77ae4f7252203d9d7.jpg,various_pork_meat_sample_12,various,cross_rotation,all,public_dataset_2,all,all,all,file_destination,E:\Thesis Code\processed_hsv_lab_threshold_roi_224\sample 12\spoiled\SPOILED-504-_JPG.rf.bd7adde8075295a77ae4f7252203d9d7.jpg,False,public_dataset_2,public_dataset_2,,spoiled,spoiled,0.0060299025,0.003562299,0.99040776,spoiled,0.99040776,fresh,0.0060299025,0.99643767,0.98437786,0,True,True,True,False,False,False,Likely Spoiled,Not Suitable,10.702994,Not Suitable,2,2,False,False
20260423_194257.jpg,2,Pork Shoulder,spoiled,16:21:43,E:\Thesis Code\processed_hsv_lab_threshold_roi_224\sample 2\spoiled\20260423_194257.jpg,pork_shoulder_sample_2,shoulder,cross_rotation,all,meatlens,all,all,all,file_destination,E:\Thesis Code\processed_hsv_lab_threshold_roi_224\sample 2\spoiled\20260423_194257.jpg,False,partner_home,old_phone,,spoiled,spoiled,0.006427322,0.06343349,0.9301392,spoiled,0.9301392,not fresh,0.06343349,0.99357265,0.8667057,0,True,True,True,False,False,False,Likely Spoiled,Not Suitable,13.432966,Not Suitable,2,2,True,False
20260624_172605.jpg,9,Pork Hind Leg,not fresh,12:00:00,E:\Thesis Code\processed_hsv_lab_threshold_roi_224\sample 9\not fresh\20260624_172605.jpg,pork_hind_leg_sample_9,hind_leg,cross_rotation,all,public_dataset_2,all,all,all,file_destination,E:\Thesis Code\processed_hsv_lab_threshold_roi_224\sample 9\not fresh\20260624_172605.jpg,False,public_dataset_2,public_dataset_2,,not fresh,not fresh,0.22178845,0.63178897,0.1464225,not fresh,0.63178897,fresh,0.22178845,0.85357744,0.4100005,0,True,True,True,False,True,False,Borderline Fresh / Early Not Fresh,Consume Immediately / Check carefully,58.391464,Consume Immediately,1,1,True,False
20260429_181526.jpg,3,Pork Belly,not fresh,14:11:27,E:\Thesis Code\processed_hsv_lab_threshold_roi_224\sample 3\not fresh\20260429_181526.jpg,pork_belly_sample_3,belly,cross_rotation,all,meatlens,all,all,all,file_destination,E:\Thesis Code\processed_hsv_lab_threshold_roi_224\sample 3\not fresh\20260429_181526.jpg,False,researcher_home,old_phone,,not fresh,not fresh,0.005531853,0.6459625,0.34850565,not fresh,0.6459625,spoiled,0.34850565,0.9944681,0.29745683,0,True,True,True,False,True,False,Borderline Spoiled / Advanced Not Fresh,Not Suitable / Manual inspection recommended,39.566177,Not Suitable,1,1,True,False
IMG_20260517_144333.jpg,7,Pork Loin,not fresh,09:21:24,E:\Thesis Code\processed_hsv_lab_threshold_roi_224\sample 7\not fresh\IMG_20260517_144333.jpg,pork_loin_sample_7,loin,cross_rotation,all,meatlens,all,all,all,file_destination,E:\Thesis Code\processed_hsv_lab_threshold_roi_224\sample 7\not fresh\IMG_20260517_144333.jpg,False,researcher_home,new_phone,,not fresh,not fresh,0.0073518525,0.9833158,0.009332427,not fresh,0.9833158,spoiled,0.009332427,0.99264824,0.9739834,0,True,True,True,False,False,False,Likely Not Fresh,Consume Immediately / Manual inspection recommended,54.91088,Consume Immediately,1,1,True,False
20260704_110030.jpg,10,Pork Belly,spoiled,24:00:00,E:\Thesis Code\processed_hsv_lab_threshold_roi_224\sample 10\spoiled\20260704_110030.jpg,pork_belly_sample_10,belly,cross_rotation,all,public_dataset_2,all,all,all,file_destination,E:\Thesis Code\processed_hsv_lab_threshold_roi_224\sample 10\spoiled\20260704_110030.jpg,False,public_dataset_2,public_dataset_2,,spoiled,spoiled,0.0049420195,0.006691676,0.9883663,spoiled,0.9883663,not fresh,0.006691676,0.995058,0.9816746,0,True,True,True,False,False,False,Likely Spoiled,Not Suitable,10.745907,Not Suitable,2,2,True,False
SPOILED-1040-_JPG.rf.ef59512d394e3aaca84c6cf3412a9d4e.jpg,12,Various Pork Meat,spoiled,,E:\Thesis Code\processed_hsv_lab_threshold_roi_224\sample 12\spoiled\SPOILED-1040-_JPG.rf.ef59512d394e3aaca84c6cf3412a9d4e.jpg,various_pork_meat_sample_12,various,cross_rotation,all,public_dataset_2,all,all,all,file_destination,E:\Thesis Code\processed_hsv_lab_threshold_roi_224\sample 12\spoiled\SPOILED-1040-_JPG.rf.ef59512d394e3aaca84c6cf3412a9d4e.jpg,False,public_dataset_2,public_dataset_2,,spoiled,spoiled,0.01155476,0.15482113,0.8336241,spoiled,0.8336241,not fresh,0.15482113,0.9884453,0.67880297,0,True,True,True,False,True,False,Borderline Spoiled / Advanced Not Fresh,Not Suitable / Manual inspection recommended,18.00688,Not Suitable,2,2,True,False
IMG_20260508_151633.jpg,5,Pork Ham,not fresh,11:10:33,E:\Thesis Code\processed_hsv_lab_threshold_roi_224\sample 5\not fresh\IMG_20260508_151633.jpg,pork_ham_sample_5,ham,cross_rotation,all,meatlens,all,all,all,file_destination,E:\Thesis Code\processed_hsv_lab_threshold_roi_224\sample 5\not fresh\IMG_20260508_151633.jpg,False,researcher_home,new_phone,,not fresh,not fresh,0.0046742945,0.9719016,0.023424204,not fresh,0.9719016,spoiled,0.023424204,0.9953258,0.9484774,0,True,True,True,False,False,False,Likely Not Fresh,Consume Immediately / Manual inspection recommended,54.156258,Consume Immediately,1,1,True,False
20260424_142346.jpg,1,Pork Shoulder,not fresh,10:22:19,E:\Thesis Code\processed_hsv_lab_threshold_roi_224\sample 1\not fresh\20260424_142346.jpg,pork_shoulder_sample_1,shoulder,cross_rotation,all,meatlens,all,all,all,file_destination,E:\Thesis Code\processed_hsv_lab_threshold_roi_224\sample 1\not fresh\20260424_142346.jpg,False,researcher_home,old_phone,,not fresh,not fresh,0.009735811,0.9733011,0.01696311,not fresh,0.9733011,spoiled,0.01696311,0.99026424,0.956338,0,True,True,True,False,False,False,Likely Not Fresh,Consume Immediately / Manual inspection recommended,54.674774,Consume Immediately,1,1,True,False
IMG20260508105937.jpg,6,Pork Ham,fresh,07:00:00,E:\Thesis Code\processed_hsv_lab_threshold_roi_224\sample 6\fresh\IMG20260508105937.jpg,pork_ham_sample_6,ham,cross_rotation,all,meatlens,all,all,all,file_destination,E:\Thesis Code\processed_hsv_lab_threshold_roi_224\sample 6\fresh\IMG20260508105937.jpg,False,partner_home,new_phone,,fresh,fresh,0.5798238,0.41408882,0.006087339,fresh,0.5798238,not fresh,0.41408882,0.9939126,0.16573498,0,True,True,True,False,True,True,Borderline Fresh / Early Not Fresh,Consume Immediately / Check carefully,80.81814,Good for Consumption,0,0,True,False
20260424_122245.jpg,1,Pork Shoulder,not fresh,08:21:43,E:\Thesis Code\processed_hsv_lab_threshold_roi_224\sample 1\not fresh\20260424_122245.jpg,pork_shoulder_sample_1,shoulder,cross_rotation,all,meatlens,all,all,all,file_destination,E:\Thesis Code\processed_hsv_lab_threshold_roi_224\sample 1\not fresh\20260424_122245.jpg,False,researcher_home,old_phone,,not fresh,not fresh,0.10754306,0.8878699,0.004587108,not fresh,0.8878699,fresh,0.10754306,0.99541295,0.78032684,0,True,True,True,False,True,False,Borderline Fresh / Early Not Fresh,Consume Immediately / Check carefully,59.633022,Consume Immediately,1,1,True,False
09-11-2022 12-25-15_jpg.rf.irGs8eT9dvCbbO9CzZdj.jpg,11,Various Pork Meat,spoiled,,E:\Thesis Code\processed_hsv_lab_threshold_roi_224\sample 11\spoiled\09-11-2022 12-25-15_jpg.rf.irGs8eT9dvCbbO9CzZdj.jpg,various_pork_meat_sample_11,various,cross_rotation,all,public_dataset_2,all,all,all,file_destination,E:\Thesis Code\processed_hsv_lab_threshold_roi_224\sample 11\spoiled\09-11-2022 12-25-15_jpg.rf.irGs8eT9dvCbbO9CzZdj.jpg,False,public_dataset_2,public_dataset_2,,spoiled,spoiled,0.0020348374,0.023655277,0.97430986,spoiled,0.97430986,not fresh,0.023655277,0.99796516,0.95065457,0,True,True,True,False,False,False,Likely Spoiled,Not Suitable,11.2476225,Not Suitable,2,2,True,False
20260430_162644.jpg,4,Pork Belly,spoiled,30:27:08,E:\Thesis Code\processed_hsv_lab_threshold_roi_224\sample 4\spoiled\20260430_162644.jpg,pork_belly_sample_4,belly,cross_rotation,all,meatlens,all,all,all,file_destination,E:\Thesis Code\processed_hsv_lab_threshold_roi_224\sample 4\spoiled\20260430_162644.jpg,False,partner_home,old_phone,,spoiled,spoiled,4.712784e-05,0.008326483,0.9916264,spoiled,0.9916264,not fresh,0.008326483,0.99995285,0.9832999,0,True,True,True,False,False,False,Likely Spoiled,Not Suitable,10.378933,Not Suitable,2,2,True,False
IMG_20260508_175323.jpg,5,Pork Ham,not fresh,13:42:31,E:\Thesis Code\processed_hsv_lab_threshold_roi_224\sample 5\not fresh\IMG_20260508_175323.jpg,pork_ham_sample_5,ham,cross_rotation,all,meatlens,all,all,all,file_destination,E:\Thesis Code\processed_hsv_lab_threshold_roi_224\sample 5\not fresh\IMG_20260508_175323.jpg,False,researcher_home,new_phone,,not fresh,not fresh,0.01544329,0.8228586,0.16169818,not fresh,0.8228586,spoiled,0.16169818,0.98455673,0.6611604,0,True,True,True,False,True,False,Borderline Spoiled / Advanced Not Fresh,Not Suitable / Manual inspection recommended,48.418533,Consume Immediately,1,1,True,False
IMG_20260518_180425.jpg,7,Pork Loin,spoiled,34:30:45,E:\Thesis Code\processed_hsv_lab_threshold_roi_224\sample 7\spoiled\IMG_20260518_180425.jpg,pork_loin_sample_7,loin,cross_rotation,all,meatlens,all,all,all,file_destination,E:\Thesis Code\processed_hsv_lab_threshold_roi_224\sample 7\spoiled\IMG_20260518_180425.jpg,False,researcher_home,new_phone,,spoiled,spoiled,0.0001241563,0.0015654897,0.9983103,spoiled,0.9983103,not fresh,0.0015654897,0.99987584,0.9967448,0,True,True,True,False,False,False,Likely Spoiled,Not Suitable,10.081621,Not Suitable,2,2,True,False
20260703_104325.jpg,10,Pork Belly,fresh,04:00:00,E:\Thesis Code\processed_hsv_lab_threshold_roi_224\sample 10\fresh\20260703_104325.jpg,pork_belly_sample_10,belly,cross_rotation,all,public_dataset_2,all,all,all,file_destination,E:\Thesis Code\processed_hsv_lab_threshold_roi_224\sample 10\fresh\20260703_104325.jpg,False,public_dataset_2,public_dataset_2,,fresh,fresh,0.5578165,0.4389548,0.0032286933,fresh,0.5578165,not fresh,0.4389548,0.99677134,0.118861705,0,True,True,True,False,True,True,Borderline Fresh / Early Not Fresh,Consume Immediately / Check carefully,79.95645,Good for Consumption,0,0,True,False
IMG20260508163728.jpg,6,Pork Ham,not fresh,12:37:41,E:\Thesis Code\processed_hsv_lab_threshold_roi_224\sample 6\not fresh\IMG20260508163728.jpg,pork_ham_sample_6,ham,cross_rotation,all,meatlens,all,all,all,file_destination,E:\Thesis Code\processed_hsv_lab_threshold_roi_224\sample 6\not fresh\IMG20260508163728.jpg,False,partner_home,new_phone,,not fresh,not fresh,0.018182296,0.921144,0.060673725,not fresh,0.921144,spoiled,0.060673725,0.9818177,0.8604703,0,True,True,True,False,False,False,Likely Not Fresh,Consume Immediately / Manual inspection recommended,53.087887,Consume Immediately,1,1,True,False
20260625_113200.jpg,9,Pork Hind Leg,spoiled,24:00:00,E:\Thesis Code\processed_hsv_lab_threshold_roi_224\sample 9\spoiled\20260625_113200.jpg,pork_hind_leg_sample_9,hind_leg,cross_rotation,all,public_dataset_2,all,all,all,file_destination,E:\Thesis Code\processed_hsv_lab_threshold_roi_224\sample 9\spoiled\20260625_113200.jpg,False,public_dataset_2,public_dataset_2,,spoiled,spoiled,0.012443218,0.03054168,0.9570151,spoiled,0.9570151,not fresh,0.03054168,0.98755676,0.92647344,0,True,True,True,False,False,False,Likely Spoiled,Not Suitable,12.494266,Not Suitable,2,2,True,False
FRESH-784-_JPG.rf.c392b5d9844f6f163db55f8d4ac3aa07.jpg,12,Various Pork Meat,fresh,,E:\Thesis Code\processed_hsv_lab_threshold_roi_224\sample 12\fresh\FRESH-784-_JPG.rf.c392b5d9844f6f163db55f8d4ac3aa07.jpg,various_pork_meat_sample_12,various,cross_rotation,all,public_dataset_2,all,all,all,file_destination,E:\Thesis Code\processed_hsv_lab_threshold_roi_224\sample 12\fresh\FRESH-784-_JPG.rf.c392b5d9844f6f163db55f8d4ac3aa07.jpg,False,public_dataset_2,public_dataset_2,,fresh,fresh,0.546165,0.41421086,0.03962418,fresh,0.546165,not fresh,0.41421086,0.96037585,0.13195413,0,True,True,True,False,True,True,Borderline Fresh / Early Not Fresh,Consume Immediately / Check carefully,77.794334,Good for Consumption,0,0,True,False
IMG20260508080226.jpg,6,Pork Ham,fresh,02:29:51,E:\Thesis Code\processed_hsv_lab_threshold_roi_224\sample 6\fresh\IMG20260508080226.jpg,pork_ham_sample_6,ham,cross_rotation,all,meatlens,all,all,all,file_destination,E:\Thesis Code\processed_hsv_lab_threshold_roi_224\sample 6\fresh\IMG20260508080226.jpg,False,partner_home,new_phone,,fresh,fresh,0.99638826,0.0027439687,0.0008676767,fresh,0.99638826,not fresh,0.0027439687,0.9991322,0.9936443,0,True,True,True,False,False,False,Likely Fresh,Good for Consumption,99.79842,Good for Consumption,0,0,True,False
IMG_20260517_110817.jpg,7,Pork Loin,fresh,04:27:32,E:\Thesis Code\processed_hsv_lab_threshold_roi_224\sample 7\fresh\IMG_20260517_110817.jpg,pork_loin_sample_7,loin,cross_rotation,all,meatlens,all,all,all,file_destination,E:\Thesis Code\processed_hsv_lab_threshold_roi_224\sample 7\fresh\IMG_20260517_110817.jpg,False,researcher_home,new_phone,,fresh,fresh,0.973842,0.020811697,0.0053462414,fresh,0.973842,not fresh,0.020811697,0.9946537,0.95303035,0,True,True,True,False,False,False,Likely Fresh,Good for Consumption,98.582306,Good for Consumption,0,0,True,False
20260424_142613.jpg,2,Pork Shoulder,spoiled,33:23:13,E:\Thesis Code\processed_hsv_lab_threshold_roi_224\sample 2\spoiled\20260424_142613.jpg,pork_shoulder_sample_2,shoulder,cross_rotation,all,meatlens,all,all,all,file_destination,E:\Thesis Code\processed_hsv_lab_threshold_roi_224\sample 2\spoiled\20260424_142613.jpg,False,partner_home,old_phone,,spoiled,spoiled,0.00014625277,4.3330347e-05,0.99981034,spoiled,0.99981034,fresh,0.00014625277,0.9999566,0.99966407,0,True,True,True,False,False,False,Likely Spoiled,Not Suitable,10.015112,Not Suitable,2,2,False,False
IMG_20260517_175334.jpg,7,Pork Loin,not fresh,12:08:08,E:\Thesis Code\processed_hsv_lab_threshold_roi_224\sample 7\not fresh\IMG_20260517_175334.jpg,pork_loin_sample_7,loin,cross_rotation,all,meatlens,all,all,all,file_destination,E:\Thesis Code\processed_hsv_lab_threshold_roi_224\sample 7\not fresh\IMG_20260517_175334.jpg,False,researcher_home,new_phone,,not fresh,not fresh,0.01516849,0.9021029,0.082728654,not fresh,0.9021029,spoiled,0.082728654,0.9848316,0.8193742,0,True,True,True,False,False,False,Likely Not Fresh,Consume Immediately / Manual inspection recommended,51.959793,Consume Immediately,1,1,True,False
IMG20260508165429.jpg,6,Pork Ham,not fresh,12:54:34,E:\Thesis Code\processed_hsv_lab_threshold_roi_224\sample 6\not fresh\IMG20260508165429.jpg,pork_ham_sample_6,ham,cross_rotation,all,meatlens,all,all,all,file_destination,E:\Thesis Code\processed_hsv_lab_threshold_roi_224\sample 6\not fresh\IMG20260508165429.jpg,False,partner_home,new_phone,,not fresh,not fresh,0.015991973,0.85880524,0.1252027,not fresh,0.85880524,spoiled,0.1252027,0.98400795,0.7336025,0,True,True,True,False,True,False,Borderline Spoiled / Advanced Not Fresh,Not Suitable / Manual inspection recommended,50.085514,Consume Immediately,1,1,True,False
08-11-2022 23-13-10_jpg.rf.6lWrTvqgXtx6hpMCvBak.jpg,11,Various Pork Meat,not fresh,,E:\Thesis Code\processed_hsv_lab_threshold_roi_224\sample 11\half fresh\08-11-2022 23-13-10_jpg.rf.6lWrTvqgXtx6hpMCvBak.jpg,various_pork_meat_sample_11,various,cross_rotation,all,public_dataset_2,all,all,all,file_destination,E:\Thesis Code\processed_hsv_lab_threshold_roi_224\sample 11\half fresh\08-11-2022 23-13-10_jpg.rf.6lWrTvqgXtx6hpMCvBak.jpg,False,public_dataset_2,public_dataset_2,,not fresh,fresh,0.78296936,0.21171524,0.0053154523,fresh,0.78296936,not fresh,0.21171524,0.9946846,0.57125413,1,False,True,True,False,True,False,Borderline Fresh / Early Not Fresh,Consume Immediately / Check carefully,89.99443,Good for Consumption,0,1,True,False
20260516_142929.jpg,8,Pork Loin,not fresh,10:26:50,E:\Thesis Code\processed_hsv_lab_threshold_roi_224\sample 8\not fresh\20260516_142929.jpg,pork_loin_sample_8,loin,cross_rotation,all,meatlens,all,all,all,file_destination,E:\Thesis Code\processed_hsv_lab_threshold_roi_224\sample 8\not fresh\20260516_142929.jpg,False,partner_home,new_phone,,not fresh,not fresh,0.03933266,0.9178065,0.04286091,not fresh,0.9178065,spoiled,0.04286091,0.96066743,0.8749456,0,True,True,True,False,False,False,Likely Not Fresh,Consume Immediately / Manual inspection recommended,54.841232,Consume Immediately,1,1,True,False
08-11-2022 21-44-57_jpg.rf.fk7ObVRR4qJg1LtzHJEq.jpg,11,Various Pork Meat,not fresh,,E:\Thesis Code\processed_hsv_lab_threshold_roi_224\sample 11\half fresh\08-11-2022 21-44-57_jpg.rf.fk7ObVRR4qJg1LtzHJEq.jpg,various_pork_meat_sample_11,various,cross_rotation,all,public_dataset_2,all,all,all,file_destination,E:\Thesis Code\processed_hsv_lab_threshold_roi_224\sample 11\half fresh\08-11-2022 21-44-57_jpg.rf.fk7ObVRR4qJg1LtzHJEq.jpg,False,public_dataset_2,public_dataset_2,,not fresh,not fresh,0.018205546,0.9317254,0.050069053,not fresh,0.9317254,spoiled,0.050069053,0.9817944,0.88165635,0,True,True,True,False,False,False,Likely Not Fresh,Consume Immediately / Manual inspection recommended,53.566143,Consume Immediately,1,1,True,False
20260423_153005.jpg,2,Pork Shoulder,not fresh,11:11:09,E:\Thesis Code\processed_hsv_lab_threshold_roi_224\sample 2\not fresh\20260423_153005.jpg,pork_shoulder_sample_2,shoulder,cross_rotation,all,meatlens,all,all,all,file_destination,E:\Thesis Code\processed_hsv_lab_threshold_roi_224\sample 2\not fresh\20260423_153005.jpg,False,partner_home,old_phone,,not fresh,not fresh,0.0049417685,0.97036314,0.024695018,not fresh,0.97036314,spoiled,0.024695018,0.9950582,0.9456681,0,True,True,True,False,False,False,Likely Not Fresh,Consume Immediately / Manual inspection recommended,54.1111,Consume Immediately,1,1,True,False
20260425_133420.jpg,1,Pork Shoulder,spoiled,33:41:18,E:\Thesis Code\processed_hsv_lab_threshold_roi_224\sample 1\spoiled\20260425_133420.jpg,pork_shoulder_sample_1,shoulder,cross_rotation,all,meatlens,all,all,all,file_destination,E:\Thesis Code\processed_hsv_lab_threshold_roi_224\sample 1\spoiled\20260425_133420.jpg,False,researcher_home,old_phone,,spoiled,spoiled,1.8222827e-05,0.0022372808,0.9977445,spoiled,0.9977445,not fresh,0.0022372808,0.99998176,0.99550724,0,True,True,True,False,False,False,Likely Spoiled,Not Suitable,10.102318,Not Suitable,2,2,True,False
20260429_135321.jpg,3,Pork Belly,not fresh,09:48:33,E:\Thesis Code\processed_hsv_lab_threshold_roi_224\sample 3\not fresh\20260429_135321.jpg,pork_belly_sample_3,belly,cross_rotation,all,meatlens,all,all,all,file_destination,E:\Thesis Code\processed_hsv_lab_threshold_roi_224\sample 3\not fresh\20260429_135321.jpg,False,researcher_home,old_phone,,not fresh,not fresh,0.010743103,0.98649615,0.0027607149,not fresh,0.98649615,fresh,0.010743103,0.99723923,0.97575307,0,True,True,True,False,False,False,Likely Not Fresh,Consume Immediately / Manual inspection recommended,55.359207,Consume Immediately,1,1,True,False
20260424_130712.jpg,2,Pork Shoulder,spoiled,30:17:29,E:\Thesis Code\processed_hsv_lab_threshold_roi_224\sample 2\spoiled\20260424_130712.jpg,pork_shoulder_sample_2,shoulder,cross_rotation,all,meatlens,all,all,all,file_destination,E:\Thesis Code\processed_hsv_lab_threshold_roi_224\sample 2\spoiled\20260424_130712.jpg,False,partner_home,old_phone,,spoiled,spoiled,0.0003931451,0.00072053814,0.9988863,spoiled,0.9988863,not fresh,0.00072053814,0.99960685,0.9981657,0,True,True,True,False,False,False,Likely Spoiled,Not Suitable,10.067807,Not Suitable,2,2,True,False
IMG_20260509_161829.jpg,5,Pork Ham,spoiled,26:07:50,E:\Thesis Code\processed_hsv_lab_threshold_roi_224\sample 5\spoiled\IMG_20260509_161829.jpg,pork_ham_sample_5,ham,cross_rotation,all,meatlens,all,all,all,file_destination,E:\Thesis Code\processed_hsv_lab_threshold_roi_224\sample 5\spoiled\IMG_20260509_161829.jpg,False,researcher_home,new_phone,,spoiled,spoiled,0.0015219867,0.014203116,0.9842749,spoiled,0.9842749,not fresh,0.014203116,0.99847806,0.9700718,0,True,True,True,False,False,False,Likely Spoiled,Not Suitable,10.776119,Not Suitable,2,2,True,False
IMG20260509173035.jpg,6,Pork Ham,spoiled,24:36:47,E:\Thesis Code\processed_hsv_lab_threshold_roi_224\sample 6\spoiled\IMG20260509173035.jpg,pork_ham_sample_6,ham,cross_rotation,all,meatlens,all,all,all,file_destination,E:\Thesis Code\processed_hsv_lab_threshold_roi_224\sample 6\spoiled\IMG20260509173035.jpg,False,partner_home,new_phone,,spoiled,spoiled,2.6489814e-05,0.0039833267,0.9959902,spoiled,0.9959902,not fresh,0.0039833267,0.99997354,0.9920069,0,True,True,True,False,False,False,Likely Spoiled,Not Suitable,10.181634,Not Suitable,2,2,True,False
20260429_200127.jpg,3,Pork Belly,not fresh,15:57:35,E:\Thesis Code\processed_hsv_lab_threshold_roi_224\sample 3\not fresh\20260429_200127.jpg,pork_belly_sample_3,belly,cross_rotation,all,meatlens,all,all,all,file_destination,E:\Thesis Code\processed_hsv_lab_threshold_roi_224\sample 3\not fresh\20260429_200127.jpg,False,researcher_home,old_phone,,not fresh,not fresh,0.0022287497,0.6895293,0.30824196,not fresh,0.6895293,spoiled,0.30824196,0.99777126,0.38128734,0,True,True,True,False,True,False,Borderline Spoiled / Advanced Not Fresh,Not Suitable / Manual inspection recommended,41.229404,Consume Immediately,1,1,True,False
20260624_081250.jpg,9,Pork Hind Leg,fresh,04:00:00,E:\Thesis Code\processed_hsv_lab_threshold_roi_224\sample 9\fresh\20260624_081250.jpg,pork_hind_leg_sample_9,hind_leg,cross_rotation,all,public_dataset_2,all,all,all,file_destination,E:\Thesis Code\processed_hsv_lab_threshold_roi_224\sample 9\fresh\20260624_081250.jpg,False,public_dataset_2,public_dataset_2,,fresh,fresh,0.6653551,0.27315563,0.061489318,fresh,0.6653551,not fresh,0.27315563,0.9385107,0.39219946,0,True,True,True,False,True,False,Borderline Fresh / Early Not Fresh,Consume Immediately / Check carefully,82.17396,Good for Consumption,0,0,True,False
20260429_161750.jpg,4,Pork Belly,not fresh,09:17:11,E:\Thesis Code\processed_hsv_lab_threshold_roi_224\sample 4\not fresh\20260429_161750.jpg,pork_belly_sample_4,belly,cross_rotation,all,meatlens,all,all,all,file_destination,E:\Thesis Code\processed_hsv_lab_threshold_roi_224\sample 4\not fresh\20260429_161750.jpg,False,partner_home,old_phone,,not fresh,not fresh,0.00024038494,0.9886591,0.01110048,not fresh,0.9886591,spoiled,0.01110048,0.99975955,0.9775586,0,True,True,True,False,False,False,Likely Not Fresh,Consume Immediately / Manual inspection recommended,54.51129,Consume Immediately,1,1,True,False
20260429_135521.jpg,3,Pork Belly,not fresh,09:50:57,E:\Thesis Code\processed_hsv_lab_threshold_roi_224\sample 3\not fresh\20260429_135521.jpg,pork_belly_sample_3,belly,cross_rotation,all,meatlens,all,all,all,file_destination,E:\Thesis Code\processed_hsv_lab_threshold_roi_224\sample 3\not fresh\20260429_135521.jpg,False,researcher_home,old_phone,,not fresh,not fresh,0.0098144775,0.9884701,0.0017154522,not fresh,0.9884701,fresh,0.0098144775,0.9982846,0.9786556,0,True,True,True,False,False,False,Likely Not Fresh,Consume Immediately / Manual inspection recommended,55.364456,Consume Immediately,1,1,True,False
20260624_083939.jpg,9,Pork Hind Leg,fresh,04:00:00,E:\Thesis Code\processed_hsv_lab_threshold_roi_224\sample 9\fresh\20260624_083939.jpg,pork_hind_leg_sample_9,hind_leg,cross_rotation,all,public_dataset_2,all,all,all,file_destination,E:\Thesis Code\processed_hsv_lab_threshold_roi_224\sample 9\fresh\20260624_083939.jpg,False,public_dataset_2,public_dataset_2,,fresh,fresh,0.7100247,0.2413373,0.048638,fresh,0.7100247,not fresh,0.2413373,0.951362,0.46868742,0,True,True,True,False,True,False,Borderline Fresh / Early Not Fresh,Consume Immediately / Check carefully,84.762405,Good for Consumption,0,0,True,False
IMG20260508174702.jpg,6,Pork Ham,not fresh,13:47:20,E:\Thesis Code\processed_hsv_lab_threshold_roi_224\sample 6\not fresh\IMG20260508174702.jpg,pork_ham_sample_6,ham,cross_rotation,all,meatlens,all,all,all,file_destination,E:\Thesis Code\processed_hsv_lab_threshold_roi_224\sample 6\not fresh\IMG20260508174702.jpg,False,partner_home,new_phone,,not fresh,not fresh,0.014853542,0.7947389,0.19040754,not fresh,0.7947389,spoiled,0.19040754,0.9851464,0.6043314,0,True,True,True,False,True,False,Borderline Spoiled / Advanced Not Fresh,Not Suitable / Manual inspection recommended,47.100067,Consume Immediately,1,1,True,False
20260516_160706.jpg,8,Pork Loin,not fresh,11:47:02,E:\Thesis Code\processed_hsv_lab_threshold_roi_224\sample 8\not fresh\20260516_160706.jpg,pork_loin_sample_8,loin,cross_rotation,all,meatlens,all,all,all,file_destination,E:\Thesis Code\processed_hsv_lab_threshold_roi_224\sample 8\not fresh\20260516_160706.jpg,False,partner_home,new_phone,,not fresh,not fresh,0.019232094,0.81271046,0.16805747,not fresh,0.81271046,spoiled,0.16805747,0.98076797,0.64465296,0,True,True,True,False,True,False,Borderline Spoiled / Advanced Not Fresh,Not Suitable / Manual inspection recommended,48.30286,Consume Immediately,1,1,True,False
20260625_153154.jpg,9,Pork Hind Leg,spoiled,24:00:00,E:\Thesis Code\processed_hsv_lab_threshold_roi_224\sample 9\spoiled\20260625_153154.jpg,pork_hind_leg_sample_9,hind_leg,cross_rotation,all,public_dataset_2,all,all,all,file_destination,E:\Thesis Code\processed_hsv_lab_threshold_roi_224\sample 9\spoiled\20260625_153154.jpg,False,public_dataset_2,public_dataset_2,,spoiled,spoiled,0.00063030206,0.0001096849,0.99926,spoiled,0.99926,fresh,0.00063030206,0.9998903,0.9986297,0,True,True,True,False,False,False,Likely Spoiled,Not Suitable,10.061663,Not Suitable,2,2,False,False
20260429_191726.jpg,3,Pork Belly,not fresh,15:14:10,E:\Thesis Code\processed_hsv_lab_threshold_roi_224\sample 3\not fresh\20260429_191726.jpg,pork_belly_sample_3,belly,cross_rotation,all,meatlens,all,all,all,file_destination,E:\Thesis Code\processed_hsv_lab_threshold_roi_224\sample 3\not fresh\20260429_191726.jpg,False,researcher_home,old_phone,,not fresh,not fresh,0.0016462989,0.5526924,0.44566128,not fresh,0.5526924,spoiled,0.44566128,0.9983537,0.10703114,0,True,True,True,False,True,True,Borderline Spoiled / Advanced Not Fresh,Not Suitable / Manual inspection recommended,35.019325,Not Suitable,1,1,True,False
20260423_111353.jpg,2,Pork Shoulder,not fresh,07:05:08,E:\Thesis Code\processed_hsv_lab_threshold_roi_224\sample 2\not fresh\20260423_111353.jpg,pork_shoulder_sample_2,shoulder,cross_rotation,all,meatlens,all,all,all,file_destination,E:\Thesis Code\processed_hsv_lab_threshold_roi_224\sample 2\not fresh\20260423_111353.jpg,False,partner_home,old_phone,,not fresh,not fresh,0.025901334,0.9500158,0.024082845,not fresh,0.9500158,fresh,0.025901334,0.9759171,0.92411447,0,True,True,True,False,False,False,Likely Not Fresh,Consume Immediately / Manual inspection recommended,55.08183,Consume Immediately,1,1,True,False
FRESH-347-_JPG.rf.d37ce34e9274771005a00d2c9fe07622.jpg,12,Various Pork Meat,fresh,,E:\Thesis Code\processed_hsv_lab_threshold_roi_224\sample 12\fresh\FRESH-347-_JPG.rf.d37ce34e9274771005a00d2c9fe07622.jpg,various_pork_meat_sample_12,various,cross_rotation,all,public_dataset_2,all,all,all,file_destination,E:\Thesis Code\processed_hsv_lab_threshold_roi_224\sample 12\fresh\FRESH-347-_JPG.rf.d37ce34e9274771005a00d2c9fe07622.jpg,False,public_dataset_2,public_dataset_2,,fresh,fresh,0.60527754,0.38307193,0.011650585,fresh,0.60527754,not fresh,0.38307193,0.98834944,0.22220561,0,True,True,True,False,True,False,Borderline Fresh / Early Not Fresh,Consume Immediately / Check carefully,81.71322,Good for Consumption,0,0,True,False
20260516_073225.jpg,8,Pork Loin,fresh,00:46:26,E:\Thesis Code\processed_hsv_lab_threshold_roi_224\sample 8\fresh\20260516_073225.jpg,pork_loin_sample_8,loin,cross_rotation,all,meatlens,all,all,all,file_destination,E:\Thesis Code\processed_hsv_lab_threshold_roi_224\sample 8\fresh\20260516_073225.jpg,False,partner_home,new_phone,,fresh,fresh,0.99791294,0.0020307605,5.626976e-05,fresh,0.99791294,not fresh,0.0020307605,0.99994373,0.99588215,0,True,True,True,False,False,False,Likely Fresh,Good for Consumption,99.90355,Good for Consumption,0,0,True,False
IMG_20260518_185426.jpg,7,Pork Loin,spoiled,35:17:47,E:\Thesis Code\processed_hsv_lab_threshold_roi_224\sample 7\spoiled\IMG_20260518_185426.jpg,pork_loin_sample_7,loin,cross_rotation,all,meatlens,all,all,all,file_destination,E:\Thesis Code\processed_hsv_lab_threshold_roi_224\sample 7\spoiled\IMG_20260518_185426.jpg,False,researcher_home,new_phone,,spoiled,spoiled,0.00013199169,0.0011192047,0.9987488,spoiled,0.9987488,not fresh,0.0011192047,0.999868,0.9976296,0,True,True,True,False,False,False,Likely Spoiled,Not Suitable,10.062243,Not Suitable,2,2,True,False
20260424_080939.jpg,1,Pork Shoulder,fresh,02:07:50,E:\Thesis Code\processed_hsv_lab_threshold_roi_224\sample 1\fresh\20260424_080939.jpg,pork_shoulder_sample_1,shoulder,cross_rotation,all,meatlens,all,all,all,file_destination,E:\Thesis Code\processed_hsv_lab_threshold_roi_224\sample 1\fresh\20260424_080939.jpg,False,researcher_home,old_phone,,fresh,fresh,0.99378103,0.006019005,0.00019994963,fresh,0.99378103,not fresh,0.006019005,0.9998,0.98776203,0,True,True,True,False,False,False,Likely Fresh,Good for Consumption,99.71115,Good for Consumption,0,0,True,False
IMG_20260508_210124.jpg,5,Pork Ham,spoiled,16:25:20,E:\Thesis Code\processed_hsv_lab_threshold_roi_224\sample 5\spoiled\IMG_20260508_210124.jpg,pork_ham_sample_5,ham,cross_rotation,all,meatlens,all,all,all,file_destination,E:\Thesis Code\processed_hsv_lab_threshold_roi_224\sample 5\spoiled\IMG_20260508_210124.jpg,False,researcher_home,new_phone,,spoiled,spoiled,0.007997919,0.2904341,0.701568,spoiled,0.701568,not fresh,0.2904341,0.9920021,0.41113392,0,True,True,True,False,True,False,Borderline Spoiled / Advanced Not Fresh,Not Suitable / Manual inspection recommended,23.789347,Not Suitable,2,2,True,False
IMG20260423075602.jpg,2,Pork Shoulder,fresh,02:26:32,E:\Thesis Code\processed_hsv_lab_threshold_roi_224\sample 2\fresh\IMG20260423075602.jpg,pork_shoulder_sample_2,shoulder,cross_rotation,all,meatlens,all,all,all,file_destination,E:\Thesis Code\processed_hsv_lab_threshold_roi_224\sample 2\fresh\IMG20260423075602.jpg,False,partner_home,old_phone,,fresh,fresh,0.99234927,0.0072205453,0.00043028832,fresh,0.99234927,not fresh,0.0072205453,0.99956983,0.9851287,0,True,True,True,False,False,False,Likely Fresh,Good for Consumption,99.63636,Good for Consumption,0,0,True,False
20260703_095852.jpg,10,Pork Belly,fresh,04:00:00,E:\Thesis Code\processed_hsv_lab_threshold_roi_224\sample 10\fresh\20260703_095852.jpg,pork_belly_sample_10,belly,cross_rotation,all,public_dataset_2,all,all,all,file_destination,E:\Thesis Code\processed_hsv_lab_threshold_roi_224\sample 10\fresh\20260703_095852.jpg,False,public_dataset_2,public_dataset_2,,fresh,fresh,0.68781704,0.30838215,0.003800812,fresh,0.68781704,not fresh,0.30838215,0.9961992,0.37943488,0,True,True,True,False,True,False,Borderline Fresh / Early Not Fresh,Consume Immediately / Check carefully,85.78073,Good for Consumption,0,0,True,False
IMG20260509123447.jpg,6,Pork Ham,spoiled,20:16:17,E:\Thesis Code\processed_hsv_lab_threshold_roi_224\sample 6\spoiled\IMG20260509123447.jpg,pork_ham_sample_6,ham,cross_rotation,all,meatlens,all,all,all,file_destination,E:\Thesis Code\processed_hsv_lab_threshold_roi_224\sample 6\spoiled\IMG20260509123447.jpg,False,partner_home,new_phone,,spoiled,spoiled,0.00018583502,0.0028870415,0.9969271,spoiled,0.9969271,not fresh,0.0028870415,0.99981415,0.99404,0,True,True,True,False,False,False,Likely Spoiled,Not Suitable,10.146642,Not Suitable,2,2,True,False
20260424_104344.jpg,1,Pork Shoulder,fresh,06:01:49,E:\Thesis Code\processed_hsv_lab_threshold_roi_224\sample 1\fresh\20260424_104344.jpg,pork_shoulder_sample_1,shoulder,cross_rotation,all,meatlens,all,all,all,file_destination,E:\Thesis Code\processed_hsv_lab_threshold_roi_224\sample 1\fresh\20260424_104344.jpg,False,researcher_home,old_phone,,fresh,fresh,0.98395306,0.015736269,0.00031067178,fresh,0.98395306,not fresh,0.015736269,0.99968934,0.9682168,0,True,True,True,False,False,False,Likely Fresh,Good for Consumption,99.26391,Good for Consumption,0,0,True,False
IMG20260509193043.jpg,6,Pork Ham,spoiled,26:22:55,E:\Thesis Code\processed_hsv_lab_threshold_roi_224\sample 6\spoiled\IMG20260509193043.jpg,pork_ham_sample_6,ham,cross_rotation,all,meatlens,all,all,all,file_destination,E:\Thesis Code\processed_hsv_lab_threshold_roi_224\sample 6\spoiled\IMG20260509193043.jpg,False,partner_home,new_phone,,spoiled,spoiled,3.6245176e-05,0.0040731523,0.9958906,spoiled,0.9958906,not fresh,0.0040731523,0.99996376,0.9918175,0,True,True,True,False,False,False,Likely Spoiled,Not Suitable,10.186554,Not Suitable,2,2,True,False
IMG_20260509_015626.jpg,5,Pork Ham,spoiled,18:53:40,E:\Thesis Code\processed_hsv_lab_threshold_roi_224\sample 5\spoiled\IMG_20260509_015626.jpg,pork_ham_sample_5,ham,cross_rotation,all,meatlens,all,all,all,file_destination,E:\Thesis Code\processed_hsv_lab_threshold_roi_224\sample 5\spoiled\IMG_20260509_015626.jpg,False,researcher_home,new_phone,,spoiled,spoiled,0.002774467,0.05284823,0.9443773,spoiled,0.9443773,not fresh,0.05284823,0.9972255,0.8915291,0,True,True,True,False,False,False,Likely Spoiled,Not Suitable,12.627872,Not Suitable,2,2,True,False
IMG20260508232323.jpg,6,Pork Ham,spoiled,18:44:37,E:\Thesis Code\processed_hsv_lab_threshold_roi_224\sample 6\spoiled\IMG20260508232323.jpg,pork_ham_sample_6,ham,cross_rotation,all,meatlens,all,all,all,file_destination,E:\Thesis Code\processed_hsv_lab_threshold_roi_224\sample 6\spoiled\IMG20260508232323.jpg,False,partner_home,new_phone,,spoiled,spoiled,0.00057311973,0.04697239,0.95245457,spoiled,0.95245457,not fresh,0.04697239,0.99942696,0.9054822,0,True,True,True,False,False,False,Likely Spoiled,Not Suitable,12.165339,Not Suitable,2,2,True,False
20260624_161438.jpg,9,Pork Hind Leg,not fresh,12:00:00,E:\Thesis Code\processed_hsv_lab_threshold_roi_224\sample 9\not fresh\20260624_161438.jpg,pork_hind_leg_sample_9,hind_leg,cross_rotation,all,public_dataset_2,all,all,all,file_destination,E:\Thesis Code\processed_hsv_lab_threshold_roi_224\sample 9\not fresh\20260624_161438.jpg,False,public_dataset_2,public_dataset_2,,not fresh,not fresh,0.37983352,0.5732159,0.04695056,not fresh,0.5732159,fresh,0.37983352,0.9530494,0.19338238,0,True,True,True,False,True,True,Borderline Fresh / Early Not Fresh,Consume Immediately / Check carefully,69.97973,Consume Immediately,1,1,True,False
HALF-FRESH-305-_JPG.rf.cdcc71757060dd6181074107d97d97d1.jpg,12,Various Pork Meat,not fresh,,E:\Thesis Code\processed_hsv_lab_threshold_roi_224\sample 12\not fresh\HALF-FRESH-305-_JPG.rf.cdcc71757060dd6181074107d97d97d1.jpg,various_pork_meat_sample_12,various,cross_rotation,all,public_dataset_2,all,all,all,file_destination,E:\Thesis Code\processed_hsv_lab_threshold_roi_224\sample 12\not fresh\HALF-FRESH-305-_JPG.rf.cdcc71757060dd6181074107d97d97d1.jpg,False,public_dataset_2,public_dataset_2,,not fresh,not fresh,0.21645686,0.77665764,0.0068854135,not fresh,0.77665764,fresh,0.21645686,0.9931145,0.5602008,0,True,True,True,False,True,False,Borderline Fresh / Early Not Fresh,Consume Immediately / Check carefully,64.43071,Consume Immediately,1,1,True,False
20260430_180254.jpg,3,Pork Belly,spoiled,30:04:13,E:\Thesis Code\processed_hsv_lab_threshold_roi_224\sample 3\spoiled\20260430_180254.jpg,pork_belly_sample_3,belly,cross_rotation,all,meatlens,all,all,all,file_destination,E:\Thesis Code\processed_hsv_lab_threshold_roi_224\sample 3\spoiled\20260430_180254.jpg,False,researcher_home,old_phone,,spoiled,spoiled,0.00034932673,0.0028232678,0.9968274,spoiled,0.9968274,not fresh,0.0028232678,0.9996507,0.99400413,0,True,True,True,False,False,False,Likely Spoiled,Not Suitable,10.158486,Not Suitable,2,2,True,False
20260429_164425.jpg,3,Pork Belly,not fresh,12:39:48,E:\Thesis Code\processed_hsv_lab_threshold_roi_224\sample 3\not fresh\20260429_164425.jpg,pork_belly_sample_3,belly,cross_rotation,all,meatlens,all,all,all,file_destination,E:\Thesis Code\processed_hsv_lab_threshold_roi_224\sample 3\not fresh\20260429_164425.jpg,False,researcher_home,old_phone,,not fresh,not fresh,0.0075256513,0.9888114,0.0036629373,not fresh,0.9888114,fresh,0.0075256513,0.996337,0.98128575,0,True,True,True,False,False,False,Likely Not Fresh,Consume Immediately / Manual inspection recommended,55.17382,Consume Immediately,1,1,True,False
IMG_20260517_195635.jpg,7,Pork Loin,not fresh,13:55:47,E:\Thesis Code\processed_hsv_lab_threshold_roi_224\sample 7\not fresh\IMG_20260517_195635.jpg,pork_loin_sample_7,loin,cross_rotation,all,meatlens,all,all,all,file_destination,E:\Thesis Code\processed_hsv_lab_threshold_roi_224\sample 7\not fresh\IMG_20260517_195635.jpg,False,researcher_home,new_phone,,not fresh,not fresh,0.0038522498,0.75480324,0.2413445,not fresh,0.75480324,spoiled,0.2413445,0.99614775,0.5134587,0,True,True,True,False,True,False,Borderline Spoiled / Advanced Not Fresh,Not Suitable / Manual inspection recommended,44.312847,Consume Immediately,1,1,True,False
20260429_080526.jpg,4,Pork Belly,fresh,06:00:00,E:\Thesis Code\processed_hsv_lab_threshold_roi_224\sample 4\fresh\20260429_080526.jpg,pork_belly_sample_4,belly,cross_rotation,all,meatlens,all,all,all,file_destination,E:\Thesis Code\processed_hsv_lab_threshold_roi_224\sample 4\fresh\20260429_080526.jpg,False,partner_home,old_phone,,fresh,fresh,0.991915,0.0053314604,0.0027535683,fresh,0.991915,not fresh,0.0053314604,0.99724644,0.98658353,0,True,True,True,False,False,False,Likely Fresh,Good for Consumption,99.51227,Good for Consumption,0,0,True,False
HALF-FRESH-85-_JPG.rf.47062c0607dc05e07053fbdd5ac2486e.jpg,12,Various Pork Meat,not fresh,,E:\Thesis Code\processed_hsv_lab_threshold_roi_224\sample 12\not fresh\HALF-FRESH-85-_JPG.rf.47062c0607dc05e07053fbdd5ac2486e.jpg,various_pork_meat_sample_12,various,cross_rotation,all,public_dataset_2,all,all,all,file_destination,E:\Thesis Code\processed_hsv_lab_threshold_roi_224\sample 12\not fresh\HALF-FRESH-85-_JPG.rf.47062c0607dc05e07053fbdd5ac2486e.jpg,False,public_dataset_2,public_dataset_2,,not fresh,spoiled,0.10617544,0.35090673,0.5429179,spoiled,0.5429179,not fresh,0.35090673,0.89382464,0.19201118,1,False,True,True,False,True,True,Borderline Spoiled / Advanced Not Fresh,Not Suitable / Manual inspection recommended,35.346592,Not Suitable,2,1,True,False
20260625_090837.jpg,9,Pork Hind Leg,spoiled,24:00:00,E:\Thesis Code\processed_hsv_lab_threshold_roi_224\sample 9\spoiled\20260625_090837.jpg,pork_hind_leg_sample_9,hind_leg,cross_rotation,all,public_dataset_2,all,all,all,file_destination,E:\Thesis Code\processed_hsv_lab_threshold_roi_224\sample 9\spoiled\20260625_090837.jpg,False,public_dataset_2,public_dataset_2,,spoiled,spoiled,0.006463669,0.0012286215,0.9923077,spoiled,0.9923077,fresh,0.006463669,0.99877137,0.9858441,0,True,True,True,False,False,False,Likely Spoiled,Not Suitable,10.637018,Not Suitable,2,2,False,False
09-11-2022 11-56-43_jpg.rf.4tVuLJ2btOVyFXk7xxuz.jpg,11,Various Pork Meat,spoiled,,E:\Thesis Code\processed_hsv_lab_threshold_roi_224\sample 11\spoiled\09-11-2022 11-56-43_jpg.rf.4tVuLJ2btOVyFXk7xxuz.jpg,various_pork_meat_sample_11,various,cross_rotation,all,public_dataset_2,all,all,all,file_destination,E:\Thesis Code\processed_hsv_lab_threshold_roi_224\sample 11\spoiled\09-11-2022 11-56-43_jpg.rf.4tVuLJ2btOVyFXk7xxuz.jpg,False,public_dataset_2,public_dataset_2,,spoiled,spoiled,0.28084075,0.20223047,0.5169288,spoiled,0.5169288,fresh,0.28084075,0.79776955,0.23608804,0,True,True,True,False,True,True,Uncertain / Non-adjacent Class Conflict,No reliable result / Retake image,44.376038,Consume Immediately,2,2,False,True
20260625_125343.jpg,9,Pork Hind Leg,spoiled,24:00:00,E:\Thesis Code\processed_hsv_lab_threshold_roi_224\sample 9\spoiled\20260625_125343.jpg,pork_hind_leg_sample_9,hind_leg,cross_rotation,all,public_dataset_2,all,all,all,file_destination,E:\Thesis Code\processed_hsv_lab_threshold_roi_224\sample 9\spoiled\20260625_125343.jpg,False,public_dataset_2,public_dataset_2,,spoiled,spoiled,0.0060043796,0.0011571291,0.99283856,spoiled,0.99283856,fresh,0.0060043796,0.99884295,0.98683417,0,True,True,True,False,False,False,Likely Spoiled,Not Suitable,10.592465,Not Suitable,2,2,False,False
20260430_183854.jpg,3,Pork Belly,spoiled,30:28:21,E:\Thesis Code\processed_hsv_lab_threshold_roi_224\sample 3\spoiled\20260430_183854.jpg,pork_belly_sample_3,belly,cross_rotation,all,meatlens,all,all,all,file_destination,E:\Thesis Code\processed_hsv_lab_threshold_roi_224\sample 3\spoiled\20260430_183854.jpg,False,researcher_home,old_phone,,spoiled,spoiled,2.9615887e-05,0.00413343,0.995837,spoiled,0.995837,not fresh,0.00413343,0.9999704,0.99170357,0,True,True,True,False,False,False,Likely Spoiled,Not Suitable,10.18867,Not Suitable,2,2,True,False
20260424_161256.jpg,1,Pork Shoulder,not fresh,12:10:51,E:\Thesis Code\processed_hsv_lab_threshold_roi_224\sample 1\not fresh\20260424_161256.jpg,pork_shoulder_sample_1,shoulder,cross_rotation,all,meatlens,all,all,all,file_destination,E:\Thesis Code\processed_hsv_lab_threshold_roi_224\sample 1\not fresh\20260424_161256.jpg,False,researcher_home,old_phone,,not fresh,not fresh,0.0025475244,0.9904205,0.0070319185,not fresh,0.9904205,spoiled,0.0070319185,0.99745244,0.9833886,0,True,True,True,False,False,False,Likely Not Fresh,Consume Immediately / Manual inspection recommended,54.7982,Consume Immediately,1,1,True,False
IMG20260508152153.jpg,6,Pork Ham,not fresh,11:21:43,E:\Thesis Code\processed_hsv_lab_threshold_roi_224\sample 6\not fresh\IMG20260508152153.jpg,pork_ham_sample_6,ham,cross_rotation,all,meatlens,all,all,all,file_destination,E:\Thesis Code\processed_hsv_lab_threshold_roi_224\sample 6\not fresh\IMG20260508152153.jpg,False,partner_home,new_phone,,not fresh,not fresh,0.007764414,0.9750914,0.017144274,not fresh,0.9750914,spoiled,0.017144274,0.99223566,0.95794713,0,True,True,True,False,False,False,Likely Not Fresh,Consume Immediately / Manual inspection recommended,54.57791,Consume Immediately,1,1,True,False
IMG_20260517_104517.jpg,7,Pork Loin,fresh,03:21:22,E:\Thesis Code\processed_hsv_lab_threshold_roi_224\sample 7\fresh\IMG_20260517_104517.jpg,pork_loin_sample_7,loin,cross_rotation,all,meatlens,all,all,all,file_destination,E:\Thesis Code\processed_hsv_lab_threshold_roi_224\sample 7\fresh\IMG_20260517_104517.jpg,False,researcher_home,new_phone,,fresh,fresh,0.97807646,0.020620681,0.0013027964,fresh,0.97807646,not fresh,0.020620681,0.99869716,0.95745575,0,True,True,True,False,False,False,Likely Fresh,Good for Consumption,98.95481,Good for Consumption,0,0,True,False
20260624_073459.jpg,9,Pork Hind Leg,fresh,04:00:00,E:\Thesis Code\processed_hsv_lab_threshold_roi_224\sample 9\fresh\20260624_073459.jpg,pork_hind_leg_sample_9,hind_leg,cross_rotation,all,public_dataset_2,all,all,all,file_destination,E:\Thesis Code\processed_hsv_lab_threshold_roi_224\sample 9\fresh\20260624_073459.jpg,False,public_dataset_2,public_dataset_2,,fresh,fresh,0.7114202,0.23758024,0.05099954,fresh,0.7114202,not fresh,0.23758024,0.9490004,0.47383994,0,True,True,True,False,True,False,Borderline Fresh / Early Not Fresh,Consume Immediately / Check carefully,84.718925,Good for Consumption,0,0,True,False
IMG20260509200345.jpg,6,Pork Ham,spoiled,26:51:52,E:\Thesis Code\processed_hsv_lab_threshold_roi_224\sample 6\spoiled\IMG20260509200345.jpg,pork_ham_sample_6,ham,cross_rotation,all,meatlens,all,all,all,file_destination,E:\Thesis Code\processed_hsv_lab_threshold_roi_224\sample 6\spoiled\IMG20260509200345.jpg,False,partner_home,new_phone,,spoiled,spoiled,4.613538e-05,0.0071510603,0.9928028,spoiled,0.9928028,not fresh,0.0071510603,0.99995387,0.98565173,0,True,True,True,False,False,False,Likely Spoiled,Not Suitable,10.32595,Not Suitable,2,2,True,False
20260425_071615.jpg,1,Pork Shoulder,spoiled,27:15:23,E:\Thesis Code\processed_hsv_lab_threshold_roi_224\sample 1\spoiled\20260425_071615.jpg,pork_shoulder_sample_1,shoulder,cross_rotation,all,meatlens,all,all,all,file_destination,E:\Thesis Code\processed_hsv_lab_threshold_roi_224\sample 1\spoiled\20260425_071615.jpg,False,researcher_home,old_phone,,spoiled,spoiled,0.012544559,0.12190404,0.86555135,spoiled,0.86555135,not fresh,0.12190404,0.98745537,0.74364734,0,True,True,True,False,True,False,Borderline Spoiled / Advanced Not Fresh,Not Suitable / Manual inspection recommended,16.61469,Not Suitable,2,2,True,False
20260625_124327.jpg,9,Pork Hind Leg,spoiled,24:00:00,E:\Thesis Code\processed_hsv_lab_threshold_roi_224\sample 9\spoiled\20260625_124327.jpg,pork_hind_leg_sample_9,hind_leg,cross_rotation,all,public_dataset_2,all,all,all,file_destination,E:\Thesis Code\processed_hsv_lab_threshold_roi_224\sample 9\spoiled\20260625_124327.jpg,False,public_dataset_2,public_dataset_2,,spoiled,spoiled,0.01353803,0.0022525368,0.9842095,spoiled,0.9842095,fresh,0.01353803,0.9977475,0.9706715,0,True,True,True,False,False,False,Likely Spoiled,Not Suitable,11.319787,Not Suitable,2,2,False,False
IMG_20260509_024626.jpg,5,Pork Ham,spoiled,19:19:00,E:\Thesis Code\processed_hsv_lab_threshold_roi_224\sample 5\spoiled\IMG_20260509_024626.jpg,pork_ham_sample_5,ham,cross_rotation,all,meatlens,all,all,all,file_destination,E:\Thesis Code\processed_hsv_lab_threshold_roi_224\sample 5\spoiled\IMG_20260509_024626.jpg,False,researcher_home,new_phone,,spoiled,spoiled,0.0005881565,0.005899336,0.9935125,spoiled,0.9935125,not fresh,0.005899336,0.9994118,0.9876132,0,True,True,True,False,False,False,Likely Spoiled,Not Suitable,10.318404,Not Suitable,2,2,True,False
20260516_084005.jpg,8,Pork Loin,fresh,03:33:10,E:\Thesis Code\processed_hsv_lab_threshold_roi_224\sample 8\fresh\20260516_084005.jpg,pork_loin_sample_8,loin,cross_rotation,all,meatlens,all,all,all,file_destination,E:\Thesis Code\processed_hsv_lab_threshold_roi_224\sample 8\fresh\20260516_084005.jpg,False,partner_home,new_phone,,fresh,fresh,0.9864097,0.012810346,0.0007799002,fresh,0.9864097,not fresh,0.012810346,0.9992201,0.9735994,0,True,True,True,False,False,False,Likely Fresh,Good for Consumption,99.35334,Good for Consumption,0,0,True,False
20260429_060301.jpg,3,Pork Belly,fresh,05:52:49,E:\Thesis Code\processed_hsv_lab_threshold_roi_224\sample 3\fresh\20260429_060301.jpg,pork_belly_sample_3,belly,cross_rotation,all,meatlens,all,all,all,file_destination,E:\Thesis Code\processed_hsv_lab_threshold_roi_224\sample 3\fresh\20260429_060301.jpg,False,researcher_home,old_phone,,fresh,fresh,0.99538565,0.0043645534,0.00024972542,fresh,0.99538565,not fresh,0.0043645534,0.9997502,0.9910211,0,True,True,True,False,False,False,Likely Fresh,Good for Consumption,99.78111,Good for Consumption,0,0,True,False
20260517_134116.jpg,8,Pork Loin,spoiled,31:38:17,E:\Thesis Code\processed_hsv_lab_threshold_roi_224\sample 8\spoiled\20260517_134116.jpg,pork_loin_sample_8,loin,cross_rotation,all,meatlens,all,all,all,file_destination,E:\Thesis Code\processed_hsv_lab_threshold_roi_224\sample 8\spoiled\20260517_134116.jpg,False,partner_home,new_phone,,spoiled,spoiled,9.0383655e-05,0.010931996,0.9889776,spoiled,0.9889776,not fresh,0.010931996,0.9999096,0.97804564,0,True,True,True,False,False,False,Likely Spoiled,Not Suitable,10.500074,Not Suitable,2,2,True,False
SPOILED-191-_JPG.rf.b8d9c35b6cfc74168bf2b4a508a4bf15.jpg,12,Various Pork Meat,spoiled,,E:\Thesis Code\processed_hsv_lab_threshold_roi_224\sample 12\spoiled\SPOILED-191-_JPG.rf.b8d9c35b6cfc74168bf2b4a508a4bf15.jpg,various_pork_meat_sample_12,various,cross_rotation,all,public_dataset_2,all,all,all,file_destination,E:\Thesis Code\processed_hsv_lab_threshold_roi_224\sample 12\spoiled\SPOILED-191-_JPG.rf.b8d9c35b6cfc74168bf2b4a508a4bf15.jpg,False,public_dataset_2,public_dataset_2,,spoiled,spoiled,0.00061082724,0.3219208,0.67746836,spoiled,0.67746836,not fresh,0.3219208,0.9993892,0.35554755,0,True,True,True,False,True,False,Borderline Spoiled / Advanced Not Fresh,Not Suitable / Manual inspection recommended,24.54141,Not Suitable,2,2,True,False
IMG_20260509_153529.jpg,5,Pork Ham,spoiled,25:46:08,E:\Thesis Code\processed_hsv_lab_threshold_roi_224\sample 5\spoiled\IMG_20260509_153529.jpg,pork_ham_sample_5,ham,cross_rotation,all,meatlens,all,all,all,file_destination,E:\Thesis Code\processed_hsv_lab_threshold_roi_224\sample 5\spoiled\IMG_20260509_153529.jpg,False,researcher_home,new_phone,,spoiled,spoiled,0.00028271074,0.0011172397,0.99860007,spoiled,0.99860007,not fresh,0.0011172397,0.9997173,0.99748284,0,True,True,True,False,False,False,Likely Spoiled,Not Suitable,10.07572,Not Suitable,2,2,True,False
IMG_20260517_162434.jpg,7,Pork Loin,not fresh,10:50:03,E:\Thesis Code\processed_hsv_lab_threshold_roi_224\sample 7\not fresh\IMG_20260517_162434.jpg,pork_loin_sample_7,loin,cross_rotation,all,meatlens,all,all,all,file_destination,E:\Thesis Code\processed_hsv_lab_threshold_roi_224\sample 7\not fresh\IMG_20260517_162434.jpg,False,researcher_home,new_phone,,not fresh,not fresh,0.0027556836,0.89447695,0.10276741,not fresh,0.89447695,spoiled,0.10276741,0.99724436,0.79170954,0,True,True,True,False,True,False,Borderline Spoiled / Advanced Not Fresh,Not Suitable / Manual inspection recommended,50.499474,Consume Immediately,1,1,True,False
08-11-2022 20-06-52_jpg.rf.67CnPenRK4cijA0ORzvm.jpg,11,Various Pork Meat,fresh,,E:\Thesis Code\processed_hsv_lab_threshold_roi_224\sample 11\fresh\08-11-2022 20-06-52_jpg.rf.67CnPenRK4cijA0ORzvm.jpg,various_pork_meat_sample_11,various,cross_rotation,all,public_dataset_2,all,all,all,file_destination,E:\Thesis Code\processed_hsv_lab_threshold_roi_224\sample 11\fresh\08-11-2022 20-06-52_jpg.rf.67CnPenRK4cijA0ORzvm.jpg,False,public_dataset_2,public_dataset_2,,fresh,fresh,0.9150621,0.08337768,0.0015602696,fresh,0.9150621,not fresh,0.08337768,0.9984398,0.83168447,0,True,True,True,False,False,False,Likely Fresh,Good for Consumption,96.10759,Good for Consumption,0,0,True,False
IMG_20260517_175834.jpg,7,Pork Loin,not fresh,12:12:22,E:\Thesis Code\processed_hsv_lab_threshold_roi_224\sample 7\not fresh\IMG_20260517_175834.jpg,pork_loin_sample_7,loin,cross_rotation,all,meatlens,all,all,all,file_destination,E:\Thesis Code\processed_hsv_lab_threshold_roi_224\sample 7\not fresh\IMG_20260517_175834.jpg,False,researcher_home,new_phone,,not fresh,not fresh,0.011206308,0.9060366,0.08275715,not fresh,0.9060366,spoiled,0.08275715,0.9887938,0.82327944,0,True,True,True,False,False,False,Likely Not Fresh,Consume Immediately / Manual inspection recommended,51.780216,Consume Immediately,1,1,True,False
20260516_084506.jpg,8,Pork Loin,fresh,03:43:43,E:\Thesis Code\processed_hsv_lab_threshold_roi_224\sample 8\fresh\20260516_084506.jpg,pork_loin_sample_8,loin,cross_rotation,all,meatlens,all,all,all,file_destination,E:\Thesis Code\processed_hsv_lab_threshold_roi_224\sample 8\fresh\20260516_084506.jpg,False,partner_home,new_phone,,fresh,fresh,0.99030125,0.0094018765,0.00029691771,fresh,0.99030125,not fresh,0.0094018765,0.9997031,0.9808994,0,True,True,True,False,False,False,Likely Fresh,Good for Consumption,99.55019,Good for Consumption,0,0,True,False
20260423_130420.jpg,2,Pork Shoulder,not fresh,09:06:20,E:\Thesis Code\processed_hsv_lab_threshold_roi_224\sample 2\not fresh\20260423_130420.jpg,pork_shoulder_sample_2,shoulder,cross_rotation,all,meatlens,all,all,all,file_destination,E:\Thesis Code\processed_hsv_lab_threshold_roi_224\sample 2\not fresh\20260423_130420.jpg,False,partner_home,old_phone,,not fresh,not fresh,0.042952694,0.92122036,0.035826948,not fresh,0.92122036,fresh,0.042952694,0.9641731,0.87826765,0,True,True,True,False,False,False,Likely Not Fresh,Consume Immediately / Manual inspection recommended,55.32066,Consume Immediately,1,1,True,False
20260429_173703.jpg,4,Pork Belly,not fresh,11:23:49,E:\Thesis Code\processed_hsv_lab_threshold_roi_224\sample 4\not fresh\20260429_173703.jpg,pork_belly_sample_4,belly,cross_rotation,all,meatlens,all,all,all,file_destination,E:\Thesis Code\processed_hsv_lab_threshold_roi_224\sample 4\not fresh\20260429_173703.jpg,False,partner_home,old_phone,,not fresh,not fresh,0.035343595,0.64765614,0.31700024,not fresh,0.64765614,spoiled,0.31700024,0.96465635,0.3306559,0,True,True,True,False,True,False,Borderline Spoiled / Advanced Not Fresh,Not Suitable / Manual inspection recommended,42.32545,Consume Immediately,1,1,True,False
20260624_135931.jpg,9,Pork Hind Leg,not fresh,12:00:00,E:\Thesis Code\processed_hsv_lab_threshold_roi_224\sample 9\not fresh\20260624_135931.jpg,pork_hind_leg_sample_9,hind_leg,cross_rotation,all,public_dataset_2,all,all,all,file_destination,E:\Thesis Code\processed_hsv_lab_threshold_roi_224\sample 9\not fresh\20260624_135931.jpg,False,public_dataset_2,public_dataset_2,,not fresh,not fresh,0.23515931,0.63918406,0.12565659,not fresh,0.63918406,fresh,0.23515931,0.8743434,0.40402475,0,True,True,True,False,True,False,Borderline Fresh / Early Not Fresh,Consume Immediately / Check carefully,59.92762,Consume Immediately,1,1,True,False
20260624_085557.jpg,9,Pork Hind Leg,fresh,04:00:00,E:\Thesis Code\processed_hsv_lab_threshold_roi_224\sample 9\fresh\20260624_085557.jpg,pork_hind_leg_sample_9,hind_leg,cross_rotation,all,public_dataset_2,all,all,all,file_destination,E:\Thesis Code\processed_hsv_lab_threshold_roi_224\sample 9\fresh\20260624_085557.jpg,False,public_dataset_2,public_dataset_2,,fresh,fresh,0.66731286,0.2583261,0.07436107,fresh,0.66731286,not fresh,0.2583261,0.925639,0.40898675,0,True,True,True,False,True,False,Borderline Fresh / Early Not Fresh,Consume Immediately / Check carefully,81.68283,Good for Consumption,0,0,True,False
20260430_021430.jpg,3,Pork Belly,spoiled,20:07:14,E:\Thesis Code\processed_hsv_lab_threshold_roi_224\sample 3\spoiled\20260430_021430.jpg,pork_belly_sample_3,belly,cross_rotation,all,meatlens,all,all,all,file_destination,E:\Thesis Code\processed_hsv_lab_threshold_roi_224\sample 3\spoiled\20260430_021430.jpg,False,researcher_home,old_phone,,spoiled,spoiled,0.0030787461,0.02763808,0.96928316,spoiled,0.96928316,not fresh,0.02763808,0.99692124,0.9416451,0,True,True,True,False,False,False,Likely Spoiled,Not Suitable,11.520801,Not Suitable,2,2,True,False
IMG_20260517_114633.jpg,7,Pork Loin,fresh,06:16:51,E:\Thesis Code\processed_hsv_lab_threshold_roi_224\sample 7\fresh\IMG_20260517_114633.jpg,pork_loin_sample_7,loin,cross_rotation,all,meatlens,all,all,all,file_destination,E:\Thesis Code\processed_hsv_lab_threshold_roi_224\sample 7\fresh\IMG_20260517_114633.jpg,False,researcher_home,new_phone,,fresh,fresh,0.6426147,0.2580704,0.09931482,fresh,0.6426147,not fresh,0.2580704,0.90068513,0.3845443,0,True,True,True,False,True,False,Borderline Fresh / Early Not Fresh,Consume Immediately / Check carefully,79.448494,Good for Consumption,0,0,True,False
20260429_165726.jpg,4,Pork Belly,not fresh,10:20:30,E:\Thesis Code\processed_hsv_lab_threshold_roi_224\sample 4\not fresh\20260429_165726.jpg,pork_belly_sample_4,belly,cross_rotation,all,meatlens,all,all,all,file_destination,E:\Thesis Code\processed_hsv_lab_threshold_roi_224\sample 4\not fresh\20260429_165726.jpg,False,partner_home,old_phone,,not fresh,not fresh,0.0013770746,0.9833248,0.015298124,not fresh,0.9833248,spoiled,0.015298124,0.99862295,0.9680267,0,True,True,True,False,False,False,Likely Not Fresh,Consume Immediately / Manual inspection recommended,54.373554,Consume Immediately,1,1,True,False
20260424_061421.jpg,1,Pork Shoulder,fresh,00:14:28,E:\Thesis Code\processed_hsv_lab_threshold_roi_224\sample 1\fresh\20260424_061421.jpg,pork_shoulder_sample_1,shoulder,cross_rotation,all,meatlens,all,all,all,file_destination,E:\Thesis Code\processed_hsv_lab_threshold_roi_224\sample 1\fresh\20260424_061421.jpg,False,researcher_home,old_phone,,fresh,fresh,0.93998533,0.057748087,0.0022664887,fresh,0.93998533,not fresh,0.057748087,0.9977334,0.88223726,0,True,True,True,False,False,False,Likely Fresh,Good for Consumption,97.19734,Good for Consumption,0,0,True,False
HALF-FRESH-941-_JPG.rf.483b65b3275fa9338e2956165910203c.jpg,12,Various Pork Meat,not fresh,,E:\Thesis Code\processed_hsv_lab_threshold_roi_224\sample 12\not fresh\HALF-FRESH-941-_JPG.rf.483b65b3275fa9338e2956165910203c.jpg,various_pork_meat_sample_12,various,cross_rotation,all,public_dataset_2,all,all,all,file_destination,E:\Thesis Code\processed_hsv_lab_threshold_roi_224\sample 12\not fresh\HALF-FRESH-941-_JPG.rf.483b65b3275fa9338e2956165910203c.jpg,False,public_dataset_2,public_dataset_2,,not fresh,not fresh,0.08307886,0.8208516,0.096069425,not fresh,0.8208516,spoiled,0.096069425,0.916921,0.7247822,0,True,True,True,False,True,False,Borderline Spoiled / Advanced Not Fresh,Not Suitable / Manual inspection recommended,54.41542,Consume Immediately,1,1,True,False
20260516_083605.jpg,8,Pork Loin,fresh,03:22:37,E:\Thesis Code\processed_hsv_lab_threshold_roi_224\sample 8\fresh\20260516_083605.jpg,pork_loin_sample_8,loin,cross_rotation,all,meatlens,all,all,all,file_destination,E:\Thesis Code\processed_hsv_lab_threshold_roi_224\sample 8\fresh\20260516_083605.jpg,False,partner_home,new_phone,,fresh,fresh,0.99195147,0.007785059,0.00026341373,fresh,0.99195147,not fresh,0.007785059,0.99973655,0.9841664,0,True,True,True,False,False,False,Likely Fresh,Good for Consumption,99.62596,Good for Consumption,0,0,True,False
IMG20260508122812.jpg,6,Pork Ham,not fresh,08:28:39,E:\Thesis Code\processed_hsv_lab_threshold_roi_224\sample 6\not fresh\IMG20260508122812.jpg,pork_ham_sample_6,ham,cross_rotation,all,meatlens,all,all,all,file_destination,E:\Thesis Code\processed_hsv_lab_threshold_roi_224\sample 6\not fresh\IMG20260508122812.jpg,False,partner_home,new_phone,,not fresh,not fresh,0.3712626,0.62299746,0.0057398584,not fresh,0.62299746,fresh,0.3712626,0.9942601,0.25173485,0,True,True,True,False,True,False,Borderline Fresh / Early Not Fresh,Consume Immediately / Check carefully,71.44852,Good for Consumption,1,1,True,False
20260703_183011.jpg,10,Pork Belly,spoiled,24:00:00,E:\Thesis Code\processed_hsv_lab_threshold_roi_224\sample 10\spoiled\20260703_183011.jpg,pork_belly_sample_10,belly,cross_rotation,all,public_dataset_2,all,all,all,file_destination,E:\Thesis Code\processed_hsv_lab_threshold_roi_224\sample 10\spoiled\20260703_183011.jpg,False,public_dataset_2,public_dataset_2,,spoiled,spoiled,0.00977496,0.3101978,0.68002725,spoiled,0.68002725,not fresh,0.3101978,0.9902251,0.36982945,0,True,True,True,False,True,False,Borderline Spoiled / Advanced Not Fresh,Not Suitable / Manual inspection recommended,24.838648,Not Suitable,2,2,True,False
IMG_20260517_143833.jpg,7,Pork Loin,not fresh,09:17:11,E:\Thesis Code\processed_hsv_lab_threshold_roi_224\sample 7\not fresh\IMG_20260517_143833.jpg,pork_loin_sample_7,loin,cross_rotation,all,meatlens,all,all,all,file_destination,E:\Thesis Code\processed_hsv_lab_threshold_roi_224\sample 7\not fresh\IMG_20260517_143833.jpg,False,researcher_home,new_phone,,not fresh,not fresh,0.0073131244,0.9741775,0.018509455,not fresh,0.9741775,spoiled,0.018509455,0.9926869,0.95566803,0,True,True,True,False,False,False,Likely Not Fresh,Consume Immediately / Manual inspection recommended,54.49617,Consume Immediately,1,1,True,False
20260430_225956.jpg,3,Pork Belly,spoiled,33:23:13,E:\Thesis Code\processed_hsv_lab_threshold_roi_224\sample 3\spoiled\20260430_225956.jpg,pork_belly_sample_3,belly,cross_rotation,all,meatlens,all,all,all,file_destination,E:\Thesis Code\processed_hsv_lab_threshold_roi_224\sample 3\spoiled\20260430_225956.jpg,False,researcher_home,old_phone,,spoiled,spoiled,2.160159e-05,0.0013881034,0.9985903,spoiled,0.9985903,not fresh,0.0013881034,0.9999784,0.99720216,0,True,True,True,False,False,False,Likely Spoiled,Not Suitable,10.064408,Not Suitable,2,2,True,False
IMG_20260517_104717.jpg,7,Pork Loin,fresh,03:27:07,E:\Thesis Code\processed_hsv_lab_threshold_roi_224\sample 7\fresh\IMG_20260517_104717.jpg,pork_loin_sample_7,loin,cross_rotation,all,meatlens,all,all,all,file_destination,E:\Thesis Code\processed_hsv_lab_threshold_roi_224\sample 7\fresh\IMG_20260517_104717.jpg,False,researcher_home,new_phone,,fresh,fresh,0.9510989,0.04002672,0.008874373,fresh,0.9510989,not fresh,0.04002672,0.99112564,0.9110722,0,True,True,True,False,False,False,Likely Fresh,Good for Consumption,97.40011,Good for Consumption,0,0,True,False
20260624_155735.jpg,9,Pork Hind Leg,not fresh,12:00:00,E:\Thesis Code\processed_hsv_lab_threshold_roi_224\sample 9\not fresh\20260624_155735.jpg,pork_hind_leg_sample_9,hind_leg,cross_rotation,all,public_dataset_2,all,all,all,file_destination,E:\Thesis Code\processed_hsv_lab_threshold_roi_224\sample 9\not fresh\20260624_155735.jpg,False,public_dataset_2,public_dataset_2,,not fresh,not fresh,0.2114106,0.71676254,0.07182694,not fresh,0.71676254,fresh,0.2114106,0.9281731,0.50535196,0,True,True,True,False,True,False,Borderline Fresh / Early Not Fresh,Consume Immediately / Check carefully,61.28127,Consume Immediately,1,1,True,False
IMG20260508102735.jpg,6,Pork Ham,fresh,06:11:27,E:\Thesis Code\processed_hsv_lab_threshold_roi_224\sample 6\fresh\IMG20260508102735.jpg,pork_ham_sample_6,ham,cross_rotation,all,meatlens,all,all,all,file_destination,E:\Thesis Code\processed_hsv_lab_threshold_roi_224\sample 6\fresh\IMG20260508102735.jpg,False,partner_home,new_phone,,fresh,fresh,0.83934,0.15575144,0.0049086073,fresh,0.83934,not fresh,0.15575144,0.99509144,0.6835885,0,True,True,True,False,True,False,Borderline Fresh / Early Not Fresh,Consume Immediately / Check carefully,92.549416,Good for Consumption,0,0,True,False
IMG_20260517_105317.jpg,7,Pork Loin,fresh,03:44:23,E:\Thesis Code\processed_hsv_lab_threshold_roi_224\sample 7\fresh\IMG_20260517_105317.jpg,pork_loin_sample_7,loin,cross_rotation,all,meatlens,all,all,all,file_destination,E:\Thesis Code\processed_hsv_lab_threshold_roi_224\sample 7\fresh\IMG_20260517_105317.jpg,False,researcher_home,new_phone,,fresh,fresh,0.9611517,0.032912094,0.0059361444,fresh,0.9611517,not fresh,0.032912094,0.9940638,0.92823964,0,True,True,True,False,False,False,Likely Fresh,Good for Consumption,97.984695,Good for Consumption,0,0,True,False
IMG_20260518_225427.jpg,7,Pork Loin,spoiled,39:05:08,E:\Thesis Code\processed_hsv_lab_threshold_roi_224\sample 7\spoiled\IMG_20260518_225427.jpg,pork_loin_sample_7,loin,cross_rotation,all,meatlens,all,all,all,file_destination,E:\Thesis Code\processed_hsv_lab_threshold_roi_224\sample 7\spoiled\IMG_20260518_225427.jpg,False,researcher_home,new_phone,,spoiled,spoiled,0.000104798084,0.0035048632,0.9963903,spoiled,0.9963903,not fresh,0.0035048632,0.99989516,0.9928854,0,True,True,True,False,False,False,Likely Spoiled,Not Suitable,10.1671505,Not Suitable,2,2,True,False
09-11-2022 12-27-55_jpg.rf.ceqwM7iAeNfbcfmPsnUP.jpg,11,Various Pork Meat,spoiled,,E:\Thesis Code\processed_hsv_lab_threshold_roi_224\sample 11\spoiled\09-11-2022 12-27-55_jpg.rf.ceqwM7iAeNfbcfmPsnUP.jpg,various_pork_meat_sample_11,various,cross_rotation,all,public_dataset_2,all,all,all,file_destination,E:\Thesis Code\processed_hsv_lab_threshold_roi_224\sample 11\spoiled\09-11-2022 12-27-55_jpg.rf.ceqwM7iAeNfbcfmPsnUP.jpg,False,public_dataset_2,public_dataset_2,,spoiled,spoiled,0.0097098,0.06955941,0.92073077,spoiled,0.92073077,not fresh,0.06955941,0.99029016,0.8511714,0,True,True,True,False,False,False,Likely Spoiled,Not Suitable,14.004055,Not Suitable,2,2,True,False
09-11-2022 12-38-50_jpg.rf.MnJb2tynrPyGfTruNuej.jpg,11,Various Pork Meat,spoiled,,E:\Thesis Code\processed_hsv_lab_threshold_roi_224\sample 11\spoiled\09-11-2022 12-38-50_jpg.rf.MnJb2tynrPyGfTruNuej.jpg,various_pork_meat_sample_11,various,cross_rotation,all,public_dataset_2,all,all,all,file_destination,E:\Thesis Code\processed_hsv_lab_threshold_roi_224\sample 11\spoiled\09-11-2022 12-38-50_jpg.rf.MnJb2tynrPyGfTruNuej.jpg,False,public_dataset_2,public_dataset_2,,spoiled,spoiled,0.010064687,0.07589605,0.91403925,spoiled,0.91403925,not fresh,0.07589605,0.9899353,0.8381432,0,True,True,True,False,False,False,Likely Spoiled,Not Suitable,14.321144,Not Suitable,2,2,True,False
20260703_130016.jpg,10,Pork Belly,not fresh,12:00:00,E:\Thesis Code\processed_hsv_lab_threshold_roi_224\sample 10\not fresh\20260703_130016.jpg,pork_belly_sample_10,belly,cross_rotation,all,public_dataset_2,all,all,all,file_destination,E:\Thesis Code\processed_hsv_lab_threshold_roi_224\sample 10\not fresh\20260703_130016.jpg,False,public_dataset_2,public_dataset_2,,not fresh,not fresh,0.11462978,0.8789178,0.0064523215,not fresh,0.8789178,fresh,0.11462978,0.9935476,0.764288,0,True,True,True,False,True,False,Borderline Fresh / Early Not Fresh,Consume Immediately / Check carefully,59.86798,Consume Immediately,1,1,True,False
IMG_20260517_194735.jpg,7,Pork Loin,not fresh,13:47:20,E:\Thesis Code\processed_hsv_lab_threshold_roi_224\sample 7\not fresh\IMG_20260517_194735.jpg,pork_loin_sample_7,loin,cross_rotation,all,meatlens,all,all,all,file_destination,E:\Thesis Code\processed_hsv_lab_threshold_roi_224\sample 7\not fresh\IMG_20260517_194735.jpg,False,researcher_home,new_phone,,not fresh,not fresh,0.0028133502,0.76375943,0.2334272,not fresh,0.76375943,spoiled,0.2334272,0.99718666,0.5303322,0,True,True,True,False,True,False,Borderline Spoiled / Advanced Not Fresh,Not Suitable / Manual inspection recommended,44.622375,Consume Immediately,1,1,True,False
20260624_084725.jpg,9,Pork Hind Leg,fresh,04:00:00,E:\Thesis Code\processed_hsv_lab_threshold_roi_224\sample 9\fresh\20260624_084725.jpg,pork_hind_leg_sample_9,hind_leg,cross_rotation,all,public_dataset_2,all,all,all,file_destination,E:\Thesis Code\processed_hsv_lab_threshold_roi_224\sample 9\fresh\20260624_084725.jpg,False,public_dataset_2,public_dataset_2,,fresh,fresh,0.73020726,0.24460404,0.025188647,fresh,0.73020726,not fresh,0.24460404,0.9748113,0.4856032,0,True,True,True,False,True,False,Borderline Fresh / Early Not Fresh,Consume Immediately / Check carefully,86.72584,Good for Consumption,0,0,True,False
20260429_214328.jpg,3,Pork Belly,spoiled,17:06:20,E:\Thesis Code\processed_hsv_lab_threshold_roi_224\sample 3\spoiled\20260429_214328.jpg,pork_belly_sample_3,belly,cross_rotation,all,meatlens,all,all,all,file_destination,E:\Thesis Code\processed_hsv_lab_threshold_roi_224\sample 3\spoiled\20260429_214328.jpg,False,researcher_home,old_phone,,spoiled,spoiled,0.0015426484,0.29152632,0.70693105,spoiled,0.70693105,not fresh,0.29152632,0.9984574,0.41540474,0,True,True,True,False,True,False,Borderline Spoiled / Advanced Not Fresh,Not Suitable / Manual inspection recommended,23.257523,Not Suitable,2,2,True,False
20260424_192958.jpg,1,Pork Shoulder,not fresh,15:28:39,E:\Thesis Code\processed_hsv_lab_threshold_roi_224\sample 1\not fresh\20260424_192958.jpg,pork_shoulder_sample_1,shoulder,cross_rotation,all,meatlens,all,all,all,file_destination,E:\Thesis Code\processed_hsv_lab_threshold_roi_224\sample 1\not fresh\20260424_192958.jpg,False,researcher_home,old_phone,,not fresh,not fresh,0.0057540517,0.8506841,0.14356185,not fresh,0.8506841,spoiled,0.14356185,0.99424595,0.70712227,0,True,True,True,False,True,False,Borderline Spoiled / Advanced Not Fresh,Not Suitable / Manual inspection recommended,48.79865,Consume Immediately,1,1,True,False
20260429_143421.jpg,3,Pork Belly,not fresh,10:29:33,E:\Thesis Code\processed_hsv_lab_threshold_roi_224\sample 3\not fresh\20260429_143421.jpg,pork_belly_sample_3,belly,cross_rotation,all,meatlens,all,all,all,file_destination,E:\Thesis Code\processed_hsv_lab_threshold_roi_224\sample 3\not fresh\20260429_143421.jpg,False,researcher_home,old_phone,,not fresh,not fresh,0.0047502383,0.9904294,0.0048203743,not fresh,0.9904294,spoiled,0.0048203743,0.99524975,0.98560905,0,True,True,True,False,False,False,Likely Not Fresh,Consume Immediately / Manual inspection recommended,54.996845,Consume Immediately,1,1,True,False
20260423_112339.jpg,2,Pork Shoulder,not fresh,07:15:59,E:\Thesis Code\processed_hsv_lab_threshold_roi_224\sample 2\not fresh\20260423_112339.jpg,pork_shoulder_sample_2,shoulder,cross_rotation,all,meatlens,all,all,all,file_destination,E:\Thesis Code\processed_hsv_lab_threshold_roi_224\sample 2\not fresh\20260423_112339.jpg,False,partner_home,old_phone,,not fresh,not fresh,0.025153276,0.9564513,0.018395362,not fresh,0.9564513,fresh,0.025153276,0.9816046,0.931298,0,True,True,True,False,False,False,Likely Not Fresh,Consume Immediately / Manual inspection recommended,55.304104,Consume Immediately,1,1,True,False
08-11-2022 18-00-44_jpg.rf.rdFL7V4DJeGggKkiwRrN.jpg,11,Various Pork Meat,fresh,,E:\Thesis Code\processed_hsv_lab_threshold_roi_224\sample 11\fresh\08-11-2022 18-00-44_jpg.rf.rdFL7V4DJeGggKkiwRrN.jpg,various_pork_meat_sample_11,various,cross_rotation,all,public_dataset_2,all,all,all,file_destination,E:\Thesis Code\processed_hsv_lab_threshold_roi_224\sample 11\fresh\08-11-2022 18-00-44_jpg.rf.rdFL7V4DJeGggKkiwRrN.jpg,False,public_dataset_2,public_dataset_2,,fresh,fresh,0.55366975,0.4387631,0.007567132,fresh,0.55366975,not fresh,0.4387631,0.99243283,0.11490664,0,True,True,True,False,True,True,Borderline Fresh / Early Not Fresh,Consume Immediately / Check carefully,79.574615,Good for Consumption,0,0,True,False
IMG_20260509_094327.jpg,5,Pork Ham,spoiled,22:48:51,E:\Thesis Code\processed_hsv_lab_threshold_roi_224\sample 5\spoiled\IMG_20260509_094327.jpg,pork_ham_sample_5,ham,cross_rotation,all,meatlens,all,all,all,file_destination,E:\Thesis Code\processed_hsv_lab_threshold_roi_224\sample 5\spoiled\IMG_20260509_094327.jpg,False,researcher_home,new_phone,,spoiled,spoiled,0.0007593817,0.0022192197,0.9970214,spoiled,0.9970214,not fresh,0.0022192197,0.9992406,0.9948022,0,True,True,True,False,False,False,Likely Spoiled,Not Suitable,10.168209,Not Suitable,2,2,True,False
IMG_20260509_191830.jpg,5,Pork Ham,spoiled,27:38:17,E:\Thesis Code\processed_hsv_lab_threshold_roi_224\sample 5\spoiled\IMG_20260509_191830.jpg,pork_ham_sample_5,ham,cross_rotation,all,meatlens,all,all,all,file_destination,E:\Thesis Code\processed_hsv_lab_threshold_roi_224\sample 5\spoiled\IMG_20260509_191830.jpg,False,researcher_home,new_phone,,spoiled,spoiled,0.00027475192,0.0036265685,0.99609864,spoiled,0.99609864,not fresh,0.0036265685,0.9997252,0.99247205,0,True,True,True,False,False,False,Likely Spoiled,Not Suitable,10.1879225,Not Suitable,2,2,True,False
20260516_092743.jpg,8,Pork Loin,fresh,05:10:15,E:\Thesis Code\processed_hsv_lab_threshold_roi_224\sample 8\fresh\20260516_092743.jpg,pork_loin_sample_8,loin,cross_rotation,all,meatlens,all,all,all,file_destination,E:\Thesis Code\processed_hsv_lab_threshold_roi_224\sample 8\fresh\20260516_092743.jpg,False,partner_home,new_phone,,fresh,fresh,0.96432364,0.03550062,0.0001757649,fresh,0.96432364,not fresh,0.03550062,0.9998243,0.928823,0,True,True,True,False,False,False,Likely Fresh,Good for Consumption,98.38666,Good for Consumption,0,0,True,False
20260516_071452.jpg,8,Pork Loin,fresh,00:02:07,E:\Thesis Code\processed_hsv_lab_threshold_roi_224\sample 8\fresh\20260516_071452.jpg,pork_loin_sample_8,loin,cross_rotation,all,meatlens,all,all,all,file_destination,E:\Thesis Code\processed_hsv_lab_threshold_roi_224\sample 8\fresh\20260516_071452.jpg,False,partner_home,new_phone,,fresh,fresh,0.99046737,0.008905162,0.00062749215,fresh,0.99046737,not fresh,0.008905162,0.99937254,0.9815622,0,True,True,True,False,False,False,Likely Fresh,Good for Consumption,99.54279,Good for Consumption,0,0,True,False
IMG20260423080733.jpg,2,Pork Shoulder,fresh,02:44:37,E:\Thesis Code\processed_hsv_lab_threshold_roi_224\sample 2\fresh\IMG20260423080733.jpg,pork_shoulder_sample_2,shoulder,cross_rotation,all,meatlens,all,all,all,file_destination,E:\Thesis Code\processed_hsv_lab_threshold_roi_224\sample 2\fresh\IMG20260423080733.jpg,False,partner_home,old_phone,,fresh,fresh,0.9905828,0.008873591,0.00054353283,fresh,0.9905828,not fresh,0.008873591,0.9994564,0.98170924,0,True,True,True,False,False,False,Likely Fresh,Good for Consumption,99.551765,Good for Consumption,0,0,True,False
20260517_202956.jpg,8,Pork Loin,spoiled,40:00:00,E:\Thesis Code\processed_hsv_lab_threshold_roi_224\sample 8\spoiled\20260517_202956.jpg,pork_loin_sample_8,loin,cross_rotation,all,meatlens,all,all,all,file_destination,E:\Thesis Code\processed_hsv_lab_threshold_roi_224\sample 8\spoiled\20260517_202956.jpg,False,partner_home,new_phone,,spoiled,spoiled,0.05094736,0.060614962,0.8884377,spoiled,0.8884377,not fresh,0.060614962,0.94905263,0.82782274,0,True,True,True,False,True,False,Borderline Spoiled / Advanced Not Fresh,Not Suitable / Manual inspection recommended,17.312937,Not Suitable,2,2,True,False
IMG20260508112308.jpg,6,Pork Ham,not fresh,07:23:13,E:\Thesis Code\processed_hsv_lab_threshold_roi_224\sample 6\not fresh\IMG20260508112308.jpg,pork_ham_sample_6,ham,cross_rotation,all,meatlens,all,all,all,file_destination,E:\Thesis Code\processed_hsv_lab_threshold_roi_224\sample 6\not fresh\IMG20260508112308.jpg,False,partner_home,new_phone,,not fresh,fresh,0.5457661,0.44754255,0.0066913986,fresh,0.5457661,not fresh,0.44754255,0.99330866,0.09822357,1,False,True,True,False,True,True,Borderline Fresh / Early Not Fresh,Consume Immediately / Check carefully,79.25837,Good for Consumption,0,1,True,False
20260625_111642.jpg,9,Pork Hind Leg,spoiled,24:00:00,E:\Thesis Code\processed_hsv_lab_threshold_roi_224\sample 9\spoiled\20260625_111642.jpg,pork_hind_leg_sample_9,hind_leg,cross_rotation,all,public_dataset_2,all,all,all,file_destination,E:\Thesis Code\processed_hsv_lab_threshold_roi_224\sample 9\spoiled\20260625_111642.jpg,False,public_dataset_2,public_dataset_2,,spoiled,spoiled,0.018268697,0.0069113504,0.9748199,spoiled,0.9748199,fresh,0.018268697,0.9930886,0.9565512,0,True,True,True,False,False,False,Likely Spoiled,Not Suitable,11.955193,Not Suitable,2,2,False,False
IMG_20260508_161843.jpg,5,Pork Ham,not fresh,12:13:16,E:\Thesis Code\processed_hsv_lab_threshold_roi_224\sample 5\not fresh\IMG_20260508_161843.jpg,pork_ham_sample_5,ham,cross_rotation,all,meatlens,all,all,all,file_destination,E:\Thesis Code\processed_hsv_lab_threshold_roi_224\sample 5\not fresh\IMG_20260508_161843.jpg,False,researcher_home,new_phone,,not fresh,not fresh,0.009412844,0.9840657,0.0065215356,not fresh,0.9840657,fresh,0.009412844,0.99347854,0.9746529,0,True,True,True,False,False,False,Likely Not Fresh,Consume Immediately / Manual inspection recommended,55.130116,Consume Immediately,1,1,True,False
20260517_074348.jpg,8,Pork Loin,spoiled,24:19:18,E:\Thesis Code\processed_hsv_lab_threshold_roi_224\sample 8\spoiled\20260517_074348.jpg,pork_loin_sample_8,loin,cross_rotation,all,meatlens,all,all,all,file_destination,E:\Thesis Code\processed_hsv_lab_threshold_roi_224\sample 8\spoiled\20260517_074348.jpg,False,partner_home,new_phone,,spoiled,spoiled,9.204855e-05,0.02019977,0.97970814,spoiled,0.97970814,not fresh,0.02019977,0.9999079,0.95950836,0,True,True,True,False,False,False,Likely Spoiled,Not Suitable,10.9172735,Not Suitable,2,2,True,False
20260517_010002.jpg,8,Pork Loin,spoiled,22:29:33,E:\Thesis Code\processed_hsv_lab_threshold_roi_224\sample 8\spoiled\20260517_010002.jpg,pork_loin_sample_8,loin,cross_rotation,all,meatlens,all,all,all,file_destination,E:\Thesis Code\processed_hsv_lab_threshold_roi_224\sample 8\spoiled\20260517_010002.jpg,False,partner_home,new_phone,,spoiled,spoiled,0.0024432028,0.23519778,0.76235896,spoiled,0.76235896,not fresh,0.23519778,0.99755675,0.5271612,0,True,True,True,False,True,False,Borderline Spoiled / Advanced Not Fresh,Not Suitable / Manual inspection recommended,20.803787,Not Suitable,2,2,True,False
09-11-2022 11-02-50_jpg.rf.2T2QYBZT5FKnIdzpnsSJ.jpg,11,Various Pork Meat,spoiled,,E:\Thesis Code\processed_hsv_lab_threshold_roi_224\sample 11\spoiled\09-11-2022 11-02-50_jpg.rf.2T2QYBZT5FKnIdzpnsSJ.jpg,various_pork_meat_sample_11,various,cross_rotation,all,public_dataset_2,all,all,all,file_destination,E:\Thesis Code\processed_hsv_lab_threshold_roi_224\sample 11\spoiled\09-11-2022 11-02-50_jpg.rf.2T2QYBZT5FKnIdzpnsSJ.jpg,False,public_dataset_2,public_dataset_2,,spoiled,spoiled,0.02861871,0.055815876,0.9155654,spoiled,0.9155654,not fresh,0.055815876,0.97138125,0.8597495,0,True,True,True,False,False,False,Likely Spoiled,Not Suitable,15.087398,Not Suitable,2,2,True,False
IMG_20260509_054626.jpg,5,Pork Ham,spoiled,20:49:27,E:\Thesis Code\processed_hsv_lab_threshold_roi_224\sample 5\spoiled\IMG_20260509_054626.jpg,pork_ham_sample_5,ham,cross_rotation,all,meatlens,all,all,all,file_destination,E:\Thesis Code\processed_hsv_lab_threshold_roi_224\sample 5\spoiled\IMG_20260509_054626.jpg,False,researcher_home,new_phone,,spoiled,spoiled,0.00042963063,0.0059344354,0.9936359,spoiled,0.9936359,not fresh,0.0059344354,0.9995703,0.9877015,0,True,True,True,False,False,False,Likely Spoiled,Not Suitable,10.305716,Not Suitable,2,2,True,False
IMG_20260508_095643.jpg,5,Pork Ham,fresh,05:52:10,E:\Thesis Code\processed_hsv_lab_threshold_roi_224\sample 5\fresh\IMG_20260508_095643.jpg,pork_ham_sample_5,ham,cross_rotation,all,meatlens,all,all,all,file_destination,E:\Thesis Code\processed_hsv_lab_threshold_roi_224\sample 5\fresh\IMG_20260508_095643.jpg,False,researcher_home,new_phone,,fresh,fresh,0.99004644,0.0096805915,0.0002730266,fresh,0.99004644,not fresh,0.0096805915,0.999727,0.9803659,0,True,True,True,False,False,False,Likely Fresh,Good for Consumption,99.53981,Good for Consumption,0,0,True,False
20260424_131245.jpg,1,Pork Shoulder,not fresh,09:12:22,E:\Thesis Code\processed_hsv_lab_threshold_roi_224\sample 1\not fresh\20260424_131245.jpg,pork_shoulder_sample_1,shoulder,cross_rotation,all,meatlens,all,all,all,file_destination,E:\Thesis Code\processed_hsv_lab_threshold_roi_224\sample 1\not fresh\20260424_131245.jpg,False,researcher_home,old_phone,,not fresh,not fresh,0.009157542,0.9843395,0.006502959,not fresh,0.9843395,fresh,0.009157542,0.993497,0.97518194,0,True,True,True,False,False,False,Likely Not Fresh,Consume Immediately / Manual inspection recommended,55.119453,Consume Immediately,1,1,True,False
08-11-2022 22-48-18_jpg.rf.a8Upi7j1qifz3J5L7Au7.jpg,11,Various Pork Meat,not fresh,,E:\Thesis Code\processed_hsv_lab_threshold_roi_224\sample 11\half fresh\08-11-2022 22-48-18_jpg.rf.a8Upi7j1qifz3J5L7Au7.jpg,various_pork_meat_sample_11,various,cross_rotation,all,public_dataset_2,all,all,all,file_destination,E:\Thesis Code\processed_hsv_lab_threshold_roi_224\sample 11\half fresh\08-11-2022 22-48-18_jpg.rf.a8Upi7j1qifz3J5L7Au7.jpg,False,public_dataset_2,public_dataset_2,,not fresh,fresh,0.551958,0.36439666,0.08364527,fresh,0.551958,not fresh,0.36439666,0.91635466,0.18756136,1,False,True,True,False,True,True,Borderline Fresh / Early Not Fresh,Consume Immediately / Check carefully,76.07407,Good for Consumption,0,1,True,False
20260429_043302.jpg,3,Pork Belly,fresh,00:36:55,E:\Thesis Code\processed_hsv_lab_threshold_roi_224\sample 3\fresh\20260429_043302.jpg,pork_belly_sample_3,belly,cross_rotation,all,meatlens,all,all,all,file_destination,E:\Thesis Code\processed_hsv_lab_threshold_roi_224\sample 3\fresh\20260429_043302.jpg,False,researcher_home,old_phone,,fresh,fresh,0.9581209,0.028210992,0.013668165,fresh,0.9581209,not fresh,0.028210992,0.9863319,0.9299099,0,True,True,True,False,False,False,Likely Fresh,Good for Consumption,97.500374,Good for Consumption,0,0,True,False
20260624_073358.jpg,9,Pork Hind Leg,fresh,04:00:00,E:\Thesis Code\processed_hsv_lab_threshold_roi_224\sample 9\fresh\20260624_073358.jpg,pork_hind_leg_sample_9,hind_leg,cross_rotation,all,public_dataset_2,all,all,all,file_destination,E:\Thesis Code\processed_hsv_lab_threshold_roi_224\sample 9\fresh\20260624_073358.jpg,False,public_dataset_2,public_dataset_2,,fresh,fresh,0.66627574,0.25011215,0.0836121,fresh,0.66627574,not fresh,0.25011215,0.9163879,0.4161636,0,True,True,True,False,True,False,Borderline Fresh / Early Not Fresh,Consume Immediately / Check carefully,81.219864,Good for Consumption,0,0,True,False
20260516_111501.jpg,8,Pork Loin,not fresh,07:16:53,E:\Thesis Code\processed_hsv_lab_threshold_roi_224\sample 8\not fresh\20260516_111501.jpg,pork_loin_sample_8,loin,cross_rotation,all,meatlens,all,all,all,file_destination,E:\Thesis Code\processed_hsv_lab_threshold_roi_224\sample 8\not fresh\20260516_111501.jpg,False,partner_home,new_phone,,not fresh,fresh,0.6313544,0.36662745,0.0020181078,fresh,0.6313544,not fresh,0.36662745,0.99798185,0.26472694,1,False,True,True,False,True,False,Borderline Fresh / Early Not Fresh,Consume Immediately / Check carefully,83.32013,Good for Consumption,0,1,True,False
20260423_194857.jpg,2,Pork Shoulder,spoiled,16:30:09,E:\Thesis Code\processed_hsv_lab_threshold_roi_224\sample 2\spoiled\20260423_194857.jpg,pork_shoulder_sample_2,shoulder,cross_rotation,all,meatlens,all,all,all,file_destination,E:\Thesis Code\processed_hsv_lab_threshold_roi_224\sample 2\spoiled\20260423_194857.jpg,False,partner_home,old_phone,,spoiled,spoiled,0.01705166,0.072926894,0.9100215,spoiled,0.9100215,not fresh,0.072926894,0.98294836,0.8370946,0,True,True,True,False,False,False,Likely Spoiled,Not Suitable,14.8163595,Not Suitable,2,2,True,False
IMG_20260517_095216.jpg,7,Pork Loin,fresh,00:48:54,E:\Thesis Code\processed_hsv_lab_threshold_roi_224\sample 7\fresh\IMG_20260517_095216.jpg,pork_loin_sample_7,loin,cross_rotation,all,meatlens,all,all,all,file_destination,E:\Thesis Code\processed_hsv_lab_threshold_roi_224\sample 7\fresh\IMG_20260517_095216.jpg,False,researcher_home,new_phone,,fresh,fresh,0.9914767,0.007974206,0.00054903596,fresh,0.9914767,not fresh,0.007974206,0.9994509,0.9835025,0,True,True,True,False,False,False,Likely Fresh,Good for Consumption,99.59174,Good for Consumption,0,0,True,False
SPOILED-1043-_JPG.rf.bbabcfcc0b6d0a138d91bc7902b44f32.jpg,12,Various Pork Meat,spoiled,,E:\Thesis Code\processed_hsv_lab_threshold_roi_224\sample 12\spoiled\SPOILED-1043-_JPG.rf.bbabcfcc0b6d0a138d91bc7902b44f32.jpg,various_pork_meat_sample_12,various,cross_rotation,all,public_dataset_2,all,all,all,file_destination,E:\Thesis Code\processed_hsv_lab_threshold_roi_224\sample 12\spoiled\SPOILED-1043-_JPG.rf.bbabcfcc0b6d0a138d91bc7902b44f32.jpg,False,public_dataset_2,public_dataset_2,,spoiled,spoiled,0.03518284,0.052607697,0.91220945,spoiled,0.91220945,not fresh,0.052607697,0.96481717,0.85960174,0,True,True,True,False,False,False,Likely Spoiled,Not Suitable,15.533802,Not Suitable,2,2,True,False
FRESH-594-_JPG.rf.a128b2e2980cc2a0e8ab20c319b687dc.jpg,12,Various Pork Meat,fresh,,E:\Thesis Code\processed_hsv_lab_threshold_roi_224\sample 12\fresh\FRESH-594-_JPG.rf.a128b2e2980cc2a0e8ab20c319b687dc.jpg,various_pork_meat_sample_12,various,cross_rotation,all,public_dataset_2,all,all,all,file_destination,E:\Thesis Code\processed_hsv_lab_threshold_roi_224\sample 12\fresh\FRESH-594-_JPG.rf.a128b2e2980cc2a0e8ab20c319b687dc.jpg,False,public_dataset_2,public_dataset_2,,fresh,fresh,0.9941631,0.005657366,0.0001795228,fresh,0.9941631,not fresh,0.005657366,0.9998205,0.9885057,0,True,True,True,False,False,False,Likely Fresh,Good for Consumption,99.72926,Good for Consumption,0,0,True,False
IMG20260508101504.jpg,6,Pork Ham,fresh,05:52:28,E:\Thesis Code\processed_hsv_lab_threshold_roi_224\sample 6\fresh\IMG20260508101504.jpg,pork_ham_sample_6,ham,cross_rotation,all,meatlens,all,all,all,file_destination,E:\Thesis Code\processed_hsv_lab_threshold_roi_224\sample 6\fresh\IMG20260508101504.jpg,False,partner_home,new_phone,,fresh,fresh,0.8458085,0.1488036,0.005387845,fresh,0.8458085,not fresh,0.1488036,0.9946121,0.6970049,0,True,True,True,False,True,False,Borderline Fresh / Early Not Fresh,Consume Immediately / Check carefully,92.818924,Good for Consumption,0,0,True,False
IMG_20260509_025326.jpg,5,Pork Ham,spoiled,19:22:37,E:\Thesis Code\processed_hsv_lab_threshold_roi_224\sample 5\spoiled\IMG_20260509_025326.jpg,pork_ham_sample_5,ham,cross_rotation,all,meatlens,all,all,all,file_destination,E:\Thesis Code\processed_hsv_lab_threshold_roi_224\sample 5\spoiled\IMG_20260509_025326.jpg,False,researcher_home,new_phone,,spoiled,spoiled,0.0005839549,0.008959091,0.990457,spoiled,0.990457,not fresh,0.008959091,0.9994161,0.9814979,0,True,True,True,False,False,False,Likely Spoiled,Not Suitable,10.455715,Not Suitable,2,2,True,False
08-11-2022 19-38-01_jpg.rf.lOl9k0wt7TcsXj3GrHbQ.jpg,11,Various Pork Meat,fresh,,E:\Thesis Code\processed_hsv_lab_threshold_roi_224\sample 11\fresh\08-11-2022 19-38-01_jpg.rf.lOl9k0wt7TcsXj3GrHbQ.jpg,various_pork_meat_sample_11,various,cross_rotation,all,public_dataset_2,all,all,all,file_destination,E:\Thesis Code\processed_hsv_lab_threshold_roi_224\sample 11\fresh\08-11-2022 19-38-01_jpg.rf.lOl9k0wt7TcsXj3GrHbQ.jpg,False,public_dataset_2,public_dataset_2,,fresh,fresh,0.80303854,0.1947591,0.0022023835,fresh,0.80303854,not fresh,0.1947591,0.9977976,0.60827947,0,True,True,True,False,True,False,Borderline Fresh / Early Not Fresh,Consume Immediately / Check carefully,91.03763,Good for Consumption,0,0,True,False
SPOILED-437-_JPG.rf.548dd5786bc9487c3b47e5f234f4e1c6.jpg,12,Various Pork Meat,spoiled,,E:\Thesis Code\processed_hsv_lab_threshold_roi_224\sample 12\spoiled\SPOILED-437-_JPG.rf.548dd5786bc9487c3b47e5f234f4e1c6.jpg,various_pork_meat_sample_12,various,cross_rotation,all,public_dataset_2,all,all,all,file_destination,E:\Thesis Code\processed_hsv_lab_threshold_roi_224\sample 12\spoiled\SPOILED-437-_JPG.rf.548dd5786bc9487c3b47e5f234f4e1c6.jpg,False,public_dataset_2,public_dataset_2,,spoiled,spoiled,0.002456049,0.09016287,0.90738106,spoiled,0.90738106,not fresh,0.09016287,0.99754393,0.8172182,0,True,True,True,False,False,False,Likely Spoiled,Not Suitable,14.278374,Not Suitable,2,2,True,False
08-11-2022 22-42-20_jpg.rf.buud7crM8PrR8njzhFzb.jpg,11,Various Pork Meat,not fresh,,E:\Thesis Code\processed_hsv_lab_threshold_roi_224\sample 11\half fresh\08-11-2022 22-42-20_jpg.rf.buud7crM8PrR8njzhFzb.jpg,various_pork_meat_sample_11,various,cross_rotation,all,public_dataset_2,all,all,all,file_destination,E:\Thesis Code\processed_hsv_lab_threshold_roi_224\sample 11\half fresh\08-11-2022 22-42-20_jpg.rf.buud7crM8PrR8njzhFzb.jpg,False,public_dataset_2,public_dataset_2,,not fresh,not fresh,0.11983894,0.6947079,0.18545316,not fresh,0.6947079,spoiled,0.18545316,0.88016105,0.5092547,0,True,True,True,False,True,False,Borderline Spoiled / Advanced Not Fresh,Not Suitable / Manual inspection recommended,52.04736,Consume Immediately,1,1,True,False
IMG_20260517_110717.jpg,7,Pork Loin,fresh,04:24:39,E:\Thesis Code\processed_hsv_lab_threshold_roi_224\sample 7\fresh\IMG_20260517_110717.jpg,pork_loin_sample_7,loin,cross_rotation,all,meatlens,all,all,all,file_destination,E:\Thesis Code\processed_hsv_lab_threshold_roi_224\sample 7\fresh\IMG_20260517_110717.jpg,False,researcher_home,new_phone,,fresh,fresh,0.9056478,0.08440076,0.009951458,fresh,0.9056478,not fresh,0.08440076,0.9900486,0.82124704,0,True,True,True,False,False,False,Likely Fresh,Good for Consumption,95.306335,Good for Consumption,0,0,True,False
20260424_124914.jpg,2,Pork Shoulder,spoiled,29:35:17,E:\Thesis Code\processed_hsv_lab_threshold_roi_224\sample 2\spoiled\20260424_124914.jpg,pork_shoulder_sample_2,shoulder,cross_rotation,all,meatlens,all,all,all,file_destination,E:\Thesis Code\processed_hsv_lab_threshold_roi_224\sample 2\spoiled\20260424_124914.jpg,False,partner_home,old_phone,,spoiled,spoiled,0.0013857273,0.0005952738,0.998019,spoiled,0.998019,fresh,0.0013857273,0.9994047,0.99663323,0,True,True,True,False,False,False,Likely Spoiled,Not Suitable,10.151503,Not Suitable,2,2,False,False
20260429_042601.jpg,3,Pork Belly,fresh,00:08:12,E:\Thesis Code\processed_hsv_lab_threshold_roi_224\sample 3\fresh\20260429_042601.jpg,pork_belly_sample_3,belly,cross_rotation,all,meatlens,all,all,all,file_destination,E:\Thesis Code\processed_hsv_lab_threshold_roi_224\sample 3\fresh\20260429_042601.jpg,False,researcher_home,old_phone,,fresh,fresh,0.95274746,0.030378876,0.01687369,fresh,0.95274746,not fresh,0.030378876,0.98312634,0.9223686,0,True,True,True,False,False,False,Likely Fresh,Good for Consumption,97.11432,Good for Consumption,0,0,True,False
20260423_142358.jpg,2,Pork Shoulder,not fresh,10:33:10,E:\Thesis Code\processed_hsv_lab_threshold_roi_224\sample 2\not fresh\20260423_142358.jpg,pork_shoulder_sample_2,shoulder,cross_rotation,all,meatlens,all,all,all,file_destination,E:\Thesis Code\processed_hsv_lab_threshold_roi_224\sample 2\not fresh\20260423_142358.jpg,False,partner_home,old_phone,,not fresh,not fresh,0.013856181,0.94378006,0.042363733,not fresh,0.94378006,spoiled,0.042363733,0.9861438,0.9014163,0,True,True,True,False,False,False,Likely Not Fresh,Consume Immediately / Manual inspection recommended,53.71716,Consume Immediately,1,1,True,False
20260429_071849.jpg,4,Pork Belly,fresh,02:15:18,E:\Thesis Code\processed_hsv_lab_threshold_roi_224\sample 4\fresh\20260429_071849.jpg,pork_belly_sample_4,belly,cross_rotation,all,meatlens,all,all,all,file_destination,E:\Thesis Code\processed_hsv_lab_threshold_roi_224\sample 4\fresh\20260429_071849.jpg,False,partner_home,old_phone,,fresh,fresh,0.9968445,0.002150071,0.0010054159,fresh,0.9968445,not fresh,0.002150071,0.9989945,0.9946944,0,True,True,True,False,False,False,Likely Fresh,Good for Consumption,99.81275,Good for Consumption,0,0,True,False
20260423_125434.jpg,2,Pork Shoulder,not fresh,08:55:29,E:\Thesis Code\processed_hsv_lab_threshold_roi_224\sample 2\not fresh\20260423_125434.jpg,pork_shoulder_sample_2,shoulder,cross_rotation,all,meatlens,all,all,all,file_destination,E:\Thesis Code\processed_hsv_lab_threshold_roi_224\sample 2\not fresh\20260423_125434.jpg,False,partner_home,old_phone,,not fresh,not fresh,0.024915518,0.95349145,0.021593014,not fresh,0.95349145,fresh,0.024915518,0.97840697,0.92857593,0,True,True,True,False,False,False,Likely Not Fresh,Consume Immediately / Manual inspection recommended,55.149513,Consume Immediately,1,1,True,False
IMG_20260518_034347.jpg,7,Pork Loin,spoiled,20:55:29,E:\Thesis Code\processed_hsv_lab_threshold_roi_224\sample 7\spoiled\IMG_20260518_034347.jpg,pork_loin_sample_7,loin,cross_rotation,all,meatlens,all,all,all,file_destination,E:\Thesis Code\processed_hsv_lab_threshold_roi_224\sample 7\spoiled\IMG_20260518_034347.jpg,False,researcher_home,new_phone,,spoiled,spoiled,0.0006148716,0.027875243,0.9715099,spoiled,0.9715099,not fresh,0.027875243,0.9993851,0.9436346,0,True,True,True,False,False,False,Likely Spoiled,Not Suitable,11.309724,Not Suitable,2,2,True,False
20260516_135624.jpg,8,Pork Loin,not fresh,09:46:44,E:\Thesis Code\processed_hsv_lab_threshold_roi_224\sample 8\not fresh\20260516_135624.jpg,pork_loin_sample_8,loin,cross_rotation,all,meatlens,all,all,all,file_destination,E:\Thesis Code\processed_hsv_lab_threshold_roi_224\sample 8\not fresh\20260516_135624.jpg,False,partner_home,new_phone,,not fresh,not fresh,0.070376985,0.9023374,0.027285624,not fresh,0.9023374,fresh,0.070376985,0.97271436,0.8319604,0,True,True,True,False,False,False,Likely Not Fresh,Consume Immediately / Manual inspection recommended,56.93911,Consume Immediately,1,1,True,False
IMG_20260517_160034.jpg,7,Pork Loin,not fresh,10:28:57,E:\Thesis Code\processed_hsv_lab_threshold_roi_224\sample 7\not fresh\IMG_20260517_160034.jpg,pork_loin_sample_7,loin,cross_rotation,all,meatlens,all,all,all,file_destination,E:\Thesis Code\processed_hsv_lab_threshold_roi_224\sample 7\not fresh\IMG_20260517_160034.jpg,False,researcher_home,new_phone,,not fresh,not fresh,0.020854421,0.9499015,0.029244056,not fresh,0.9499015,spoiled,0.029244056,0.9791456,0.92065746,0,True,True,True,False,False,False,Likely Not Fresh,Consume Immediately / Manual inspection recommended,54.622467,Consume Immediately,1,1,True,False
IMG20260509182509.jpg,6,Pork Ham,spoiled,25:25:02,E:\Thesis Code\processed_hsv_lab_threshold_roi_224\sample 6\spoiled\IMG20260509182509.jpg,pork_ham_sample_6,ham,cross_rotation,all,meatlens,all,all,all,file_destination,E:\Thesis Code\processed_hsv_lab_threshold_roi_224\sample 6\spoiled\IMG20260509182509.jpg,False,partner_home,new_phone,,spoiled,spoiled,2.1921389e-05,0.0047232923,0.9952547,spoiled,0.9952547,not fresh,0.0047232923,0.999978,0.9905314,0,True,True,True,False,False,False,Likely Spoiled,Not Suitable,10.21452,Not Suitable,2,2,True,False
IMG_20260508_124458.jpg,5,Pork Ham,not fresh,08:41:00,E:\Thesis Code\processed_hsv_lab_threshold_roi_224\sample 5\not fresh\IMG_20260508_124458.jpg,pork_ham_sample_5,ham,cross_rotation,all,meatlens,all,all,all,file_destination,E:\Thesis Code\processed_hsv_lab_threshold_roi_224\sample 5\not fresh\IMG_20260508_124458.jpg,False,researcher_home,new_phone,,not fresh,not fresh,0.18922155,0.8065133,0.0042651673,not fresh,0.8065133,fresh,0.18922155,0.9957349,0.61729175,0,True,True,True,False,True,False,Borderline Fresh / Early Not Fresh,Consume Immediately / Check carefully,63.32304,Consume Immediately,1,1,True,False
20260424_161339.jpg,2,Pork Shoulder,spoiled,37:36:29,E:\Thesis Code\processed_hsv_lab_threshold_roi_224\sample 2\spoiled\20260424_161339.jpg,pork_shoulder_sample_2,shoulder,cross_rotation,all,meatlens,all,all,all,file_destination,E:\Thesis Code\processed_hsv_lab_threshold_roi_224\sample 2\spoiled\20260424_161339.jpg,False,partner_home,old_phone,,spoiled,spoiled,0.00025435732,9.10561e-05,0.99965453,spoiled,0.99965453,fresh,0.00025435732,0.99990886,0.9994002,0,True,True,True,False,False,False,Likely Spoiled,Not Suitable,10.026989,Not Suitable,2,2,False,False
20260430_120632.jpg,4,Pork Belly,spoiled,24:54:16,E:\Thesis Code\processed_hsv_lab_threshold_roi_224\sample 4\spoiled\20260430_120632.jpg,pork_belly_sample_4,belly,cross_rotation,all,meatlens,all,all,all,file_destination,E:\Thesis Code\processed_hsv_lab_threshold_roi_224\sample 4\spoiled\20260430_120632.jpg,False,partner_home,old_phone,,spoiled,spoiled,0.00017992701,0.0023233204,0.9974968,spoiled,0.9974968,not fresh,0.0023233204,0.9998201,0.99517345,0,True,True,True,False,False,False,Likely Spoiled,Not Suitable,10.120743,Not Suitable,2,2,True,False
IMG_20260517_151033.jpg,7,Pork Loin,not fresh,09:44:37,E:\Thesis Code\processed_hsv_lab_threshold_roi_224\sample 7\not fresh\IMG_20260517_151033.jpg,pork_loin_sample_7,loin,cross_rotation,all,meatlens,all,all,all,file_destination,E:\Thesis Code\processed_hsv_lab_threshold_roi_224\sample 7\not fresh\IMG_20260517_151033.jpg,False,researcher_home,new_phone,,not fresh,not fresh,0.008131745,0.98104495,0.010823387,not fresh,0.98104495,spoiled,0.010823387,0.9918683,0.9702216,0,True,True,True,False,False,False,Likely Not Fresh,Consume Immediately / Manual inspection recommended,54.87888,Consume Immediately,1,1,True,False
20260624_143537.jpg,9,Pork Hind Leg,not fresh,12:00:00,E:\Thesis Code\processed_hsv_lab_threshold_roi_224\sample 9\not fresh\20260624_143537.jpg,pork_hind_leg_sample_9,hind_leg,cross_rotation,all,public_dataset_2,all,all,all,file_destination,E:\Thesis Code\processed_hsv_lab_threshold_roi_224\sample 9\not fresh\20260624_143537.jpg,False,public_dataset_2,public_dataset_2,,not fresh,not fresh,0.24296197,0.71515894,0.041879162,not fresh,0.71515894,fresh,0.24296197,0.95812094,0.47219697,0,True,True,True,False,True,False,Borderline Fresh / Early Not Fresh,Consume Immediately / Check carefully,64.04873,Consume Immediately,1,1,True,False
20260624_161839.jpg,9,Pork Hind Leg,not fresh,12:00:00,E:\Thesis Code\processed_hsv_lab_threshold_roi_224\sample 9\not fresh\20260624_161839.jpg,pork_hind_leg_sample_9,hind_leg,cross_rotation,all,public_dataset_2,all,all,all,file_destination,E:\Thesis Code\processed_hsv_lab_threshold_roi_224\sample 9\not fresh\20260624_161839.jpg,False,public_dataset_2,public_dataset_2,,not fresh,not fresh,0.1660033,0.6890024,0.14499433,not fresh,0.6890024,fresh,0.1660033,0.8550057,0.5229991,0,True,True,True,False,True,False,Borderline Fresh / Early Not Fresh,Consume Immediately / Check carefully,55.945404,Consume Immediately,1,1,True,False
20260425_144021.jpg,1,Pork Shoulder,spoiled,34:48:51,E:\Thesis Code\processed_hsv_lab_threshold_roi_224\sample 1\spoiled\20260425_144021.jpg,pork_shoulder_sample_1,shoulder,cross_rotation,all,meatlens,all,all,all,file_destination,E:\Thesis Code\processed_hsv_lab_threshold_roi_224\sample 1\spoiled\20260425_144021.jpg,False,researcher_home,old_phone,,spoiled,spoiled,5.933011e-05,0.0014258963,0.9985147,spoiled,0.9985147,not fresh,0.0014258963,0.99994063,0.9970888,0,True,True,True,False,False,False,Likely Spoiled,Not Suitable,10.069505,Not Suitable,2,2,True,False
20260624_084926.jpg,9,Pork Hind Leg,fresh,04:00:00,E:\Thesis Code\processed_hsv_lab_threshold_roi_224\sample 9\fresh\20260624_084926.jpg,pork_hind_leg_sample_9,hind_leg,cross_rotation,all,public_dataset_2,all,all,all,file_destination,E:\Thesis Code\processed_hsv_lab_threshold_roi_224\sample 9\fresh\20260624_084926.jpg,False,public_dataset_2,public_dataset_2,,fresh,fresh,0.83272797,0.14678457,0.020487418,fresh,0.83272797,not fresh,0.14678457,0.9795126,0.68594337,0,True,True,True,False,True,False,Borderline Fresh / Early Not Fresh,Consume Immediately / Check carefully,91.55082,Good for Consumption,0,0,True,False
20260703_105451.jpg,10,Pork Belly,fresh,04:00:00,E:\Thesis Code\processed_hsv_lab_threshold_roi_224\sample 10\fresh\20260703_105451.jpg,pork_belly_sample_10,belly,cross_rotation,all,public_dataset_2,all,all,all,file_destination,E:\Thesis Code\processed_hsv_lab_threshold_roi_224\sample 10\fresh\20260703_105451.jpg,False,public_dataset_2,public_dataset_2,,fresh,not fresh,0.46180245,0.53459144,0.003606101,not fresh,0.53459144,fresh,0.46180245,0.9963939,0.07278898,1,False,True,True,False,True,True,Borderline Fresh / Early Not Fresh,Consume Immediately / Check carefully,75.618835,Good for Consumption,1,0,True,False
09-11-2022 10-57-59_jpg.rf.y12Jt3QFDZo2Bc6w5DwZ.jpg,11,Various Pork Meat,spoiled,,E:\Thesis Code\processed_hsv_lab_threshold_roi_224\sample 11\spoiled\09-11-2022 10-57-59_jpg.rf.y12Jt3QFDZo2Bc6w5DwZ.jpg,various_pork_meat_sample_11,various,cross_rotation,all,public_dataset_2,all,all,all,file_destination,E:\Thesis Code\processed_hsv_lab_threshold_roi_224\sample 11\spoiled\09-11-2022 10-57-59_jpg.rf.y12Jt3QFDZo2Bc6w5DwZ.jpg,False,public_dataset_2,public_dataset_2,,spoiled,spoiled,0.0085946275,0.031895485,0.95950985,spoiled,0.95950985,not fresh,0.031895485,0.9914053,0.9276144,0,True,True,True,False,False,False,Likely Spoiled,Not Suitable,12.208813,Not Suitable,2,2,True,False
20260430_005330.jpg,3,Pork Belly,spoiled,19:12:58,E:\Thesis Code\processed_hsv_lab_threshold_roi_224\sample 3\spoiled\20260430_005330.jpg,pork_belly_sample_3,belly,cross_rotation,all,meatlens,all,all,all,file_destination,E:\Thesis Code\processed_hsv_lab_threshold_roi_224\sample 3\spoiled\20260430_005330.jpg,False,researcher_home,old_phone,,spoiled,spoiled,0.0013453834,0.0800133,0.9186413,spoiled,0.9186413,not fresh,0.0800133,0.9986546,0.83862805,0,True,True,True,False,False,False,Likely Spoiled,Not Suitable,13.721683,Not Suitable,2,2,True,False
IMG_20260508_092443.jpg,5,Pork Ham,fresh,05:18:24,E:\Thesis Code\processed_hsv_lab_threshold_roi_224\sample 5\fresh\IMG_20260508_092443.jpg,pork_ham_sample_5,ham,cross_rotation,all,meatlens,all,all,all,file_destination,E:\Thesis Code\processed_hsv_lab_threshold_roi_224\sample 5\fresh\IMG_20260508_092443.jpg,False,researcher_home,new_phone,,fresh,fresh,0.9972107,0.0026933025,9.604083e-05,fresh,0.9972107,not fresh,0.0026933025,0.999904,0.9945174,0,True,True,True,False,False,False,Likely Fresh,Good for Consumption,99.87016,Good for Consumption,0,0,True,False
IMG_20260517_113633.jpg,7,Pork Loin,fresh,05:48:05,E:\Thesis Code\processed_hsv_lab_threshold_roi_224\sample 7\fresh\IMG_20260517_113633.jpg,pork_loin_sample_7,loin,cross_rotation,all,meatlens,all,all,all,file_destination,E:\Thesis Code\processed_hsv_lab_threshold_roi_224\sample 7\fresh\IMG_20260517_113633.jpg,False,researcher_home,new_phone,,fresh,fresh,0.7113021,0.2529121,0.03578567,fresh,0.7113021,not fresh,0.2529121,0.9642142,0.45839,0,True,True,True,False,True,False,Borderline Fresh / Early Not Fresh,Consume Immediately / Check carefully,85.39823,Good for Consumption,0,0,True,False
20260425_090916.jpg,1,Pork Shoulder,spoiled,29:11:09,E:\Thesis Code\processed_hsv_lab_threshold_roi_224\sample 1\spoiled\20260425_090916.jpg,pork_shoulder_sample_1,shoulder,cross_rotation,all,meatlens,all,all,all,file_destination,E:\Thesis Code\processed_hsv_lab_threshold_roi_224\sample 1\spoiled\20260425_090916.jpg,False,researcher_home,old_phone,,spoiled,spoiled,0.0022623702,0.040577754,0.95715994,spoiled,0.95715994,not fresh,0.040577754,0.9977377,0.91658217,0,True,True,True,False,False,False,Likely Spoiled,Not Suitable,12.029613,Not Suitable,2,2,True,False
20260624_083208.jpg,9,Pork Hind Leg,fresh,04:00:00,E:\Thesis Code\processed_hsv_lab_threshold_roi_224\sample 9\fresh\20260624_083208.jpg,pork_hind_leg_sample_9,hind_leg,cross_rotation,all,public_dataset_2,all,all,all,file_destination,E:\Thesis Code\processed_hsv_lab_threshold_roi_224\sample 9\fresh\20260624_083208.jpg,False,public_dataset_2,public_dataset_2,,fresh,fresh,0.65424067,0.28790367,0.057855673,fresh,0.65424067,not fresh,0.28790367,0.94214433,0.366337,0,True,True,True,False,True,False,Borderline Fresh / Early Not Fresh,Consume Immediately / Check carefully,81.837326,Good for Consumption,0,0,True,False
IMG20260508172601.jpg,6,Pork Ham,not fresh,13:26:14,E:\Thesis Code\processed_hsv_lab_threshold_roi_224\sample 6\not fresh\IMG20260508172601.jpg,pork_ham_sample_6,ham,cross_rotation,all,meatlens,all,all,all,file_destination,E:\Thesis Code\processed_hsv_lab_threshold_roi_224\sample 6\not fresh\IMG20260508172601.jpg,False,partner_home,new_phone,,not fresh,not fresh,0.029018281,0.84916043,0.12182125,not fresh,0.84916043,spoiled,0.12182125,0.97098166,0.7273392,0,True,True,True,False,True,False,Borderline Spoiled / Advanced Not Fresh,Not Suitable / Manual inspection recommended,50.823864,Consume Immediately,1,1,True,False
20260426_034346.jpg,1,Pork Shoulder,spoiled,47:40:42,E:\Thesis Code\processed_hsv_lab_threshold_roi_224\sample 1\spoiled\20260426_034346.jpg,pork_shoulder_sample_1,shoulder,cross_rotation,all,meatlens,all,all,all,file_destination,E:\Thesis Code\processed_hsv_lab_threshold_roi_224\sample 1\spoiled\20260426_034346.jpg,False,researcher_home,old_phone,,spoiled,spoiled,5.0174713e-06,0.0039372924,0.99605775,spoiled,0.99605775,not fresh,0.0039372924,0.99999505,0.99212044,0,True,True,True,False,False,False,Likely Spoiled,Not Suitable,10.17763,Not Suitable,2,2,True,False
20260429_174626.jpg,3,Pork Belly,not fresh,13:42:31,E:\Thesis Code\processed_hsv_lab_threshold_roi_224\sample 3\not fresh\20260429_174626.jpg,pork_belly_sample_3,belly,cross_rotation,all,meatlens,all,all,all,file_destination,E:\Thesis Code\processed_hsv_lab_threshold_roi_224\sample 3\not fresh\20260429_174626.jpg,False,researcher_home,old_phone,,not fresh,not fresh,0.002780749,0.90301585,0.094203375,not fresh,0.90301585,spoiled,0.094203375,0.9972192,0.8088125,0,True,True,True,False,False,False,Likely Not Fresh,Consume Immediately / Manual inspection recommended,50.88598,Consume Immediately,1,1,True,False
20260429_231858.jpg,4,Pork Belly,spoiled,18:45:14,E:\Thesis Code\processed_hsv_lab_threshold_roi_224\sample 4\spoiled\20260429_231858.jpg,pork_belly_sample_4,belly,cross_rotation,all,meatlens,all,all,all,file_destination,E:\Thesis Code\processed_hsv_lab_threshold_roi_224\sample 4\spoiled\20260429_231858.jpg,False,partner_home,old_phone,,spoiled,spoiled,0.00053585187,0.03822999,0.9612342,spoiled,0.9612342,not fresh,0.03822999,0.9994642,0.9230042,0,True,True,True,False,False,False,Likely Spoiled,Not Suitable,11.768577,Not Suitable,2,2,True,False
20260516_231816.jpg,8,Pork Loin,spoiled,20:24:07,E:\Thesis Code\processed_hsv_lab_threshold_roi_224\sample 8\spoiled\20260516_231816.jpg,pork_loin_sample_8,loin,cross_rotation,all,meatlens,all,all,all,file_destination,E:\Thesis Code\processed_hsv_lab_threshold_roi_224\sample 8\spoiled\20260516_231816.jpg,False,partner_home,new_phone,,spoiled,spoiled,0.00652336,0.33645484,0.65702176,spoiled,0.65702176,not fresh,0.33645484,0.9934766,0.32056692,0,True,True,True,False,True,False,Borderline Spoiled / Advanced Not Fresh,Not Suitable / Manual inspection recommended,25.72757,Not Suitable,2,2,True,False
20260704_165042.jpg,10,Pork Belly,spoiled,24:00:00,E:\Thesis Code\processed_hsv_lab_threshold_roi_224\sample 10\spoiled\20260704_165042.jpg,pork_belly_sample_10,belly,cross_rotation,all,public_dataset_2,all,all,all,file_destination,E:\Thesis Code\processed_hsv_lab_threshold_roi_224\sample 10\spoiled\20260704_165042.jpg,False,public_dataset_2,public_dataset_2,,spoiled,spoiled,0.0030517238,0.004361692,0.99258655,spoiled,0.99258655,not fresh,0.004361692,0.99694824,0.98822486,0,True,True,True,False,False,False,Likely Spoiled,Not Suitable,10.470931,Not Suitable,2,2,True,False
20260703_072344.jpg,10,Pork Belly,fresh,04:00:00,E:\Thesis Code\processed_hsv_lab_threshold_roi_224\sample 10\fresh\20260703_072344.jpg,pork_belly_sample_10,belly,cross_rotation,all,public_dataset_2,all,all,all,file_destination,E:\Thesis Code\processed_hsv_lab_threshold_roi_224\sample 10\fresh\20260703_072344.jpg,False,public_dataset_2,public_dataset_2,,fresh,fresh,0.98220146,0.01661641,0.0011822004,fresh,0.98220146,not fresh,0.01661641,0.99881786,0.96558505,0,True,True,True,False,False,False,Likely Fresh,Good for Consumption,99.145874,Good for Consumption,0,0,True,False
IMG_20260518_073548.jpg,7,Pork Loin,spoiled,24:34:58,E:\Thesis Code\processed_hsv_lab_threshold_roi_224\sample 7\spoiled\IMG_20260518_073548.jpg,pork_loin_sample_7,loin,cross_rotation,all,meatlens,all,all,all,file_destination,E:\Thesis Code\processed_hsv_lab_threshold_roi_224\sample 7\spoiled\IMG_20260518_073548.jpg,False,researcher_home,new_phone,,spoiled,spoiled,0.005858567,0.029338198,0.9648032,spoiled,0.9648032,not fresh,0.029338198,0.9941414,0.93546504,0,True,True,True,False,False,False,Likely Spoiled,Not Suitable,11.847489,Not Suitable,2,2,True,False
IMG20260508065952.jpg,6,Pork Ham,fresh,00:54:52,E:\Thesis Code\processed_hsv_lab_threshold_roi_224\sample 6\fresh\IMG20260508065952.jpg,pork_ham_sample_6,ham,cross_rotation,all,meatlens,all,all,all,file_destination,E:\Thesis Code\processed_hsv_lab_threshold_roi_224\sample 6\fresh\IMG20260508065952.jpg,False,partner_home,new_phone,,fresh,fresh,0.99407625,0.0042313566,0.0016923586,fresh,0.99407625,not fresh,0.0042313566,0.9983076,0.9898449,0,True,True,True,False,False,False,Likely Fresh,Good for Consumption,99.65727,Good for Consumption,0,0,True,False
20260516_163411.jpg,8,Pork Loin,not fresh,12:18:42,E:\Thesis Code\processed_hsv_lab_threshold_roi_224\sample 8\not fresh\20260516_163411.jpg,pork_loin_sample_8,loin,cross_rotation,all,meatlens,all,all,all,file_destination,E:\Thesis Code\processed_hsv_lab_threshold_roi_224\sample 8\not fresh\20260516_163411.jpg,False,partner_home,new_phone,,not fresh,not fresh,0.005140918,0.62638247,0.36847657,not fresh,0.62638247,spoiled,0.36847657,0.99485904,0.2579059,0,True,True,True,False,True,False,Borderline Spoiled / Advanced Not Fresh,Not Suitable / Manual inspection recommended,38.649895,Not Suitable,1,1,True,False
20260704_120320.jpg,10,Pork Belly,spoiled,24:00:00,E:\Thesis Code\processed_hsv_lab_threshold_roi_224\sample 10\spoiled\20260704_120320.jpg,pork_belly_sample_10,belly,cross_rotation,all,public_dataset_2,all,all,all,file_destination,E:\Thesis Code\processed_hsv_lab_threshold_roi_224\sample 10\spoiled\20260704_120320.jpg,False,public_dataset_2,public_dataset_2,,spoiled,spoiled,0.0012760733,0.001988886,0.99673504,spoiled,0.99673504,not fresh,0.001988886,0.9987239,0.99474615,0,True,True,True,False,False,False,Likely Spoiled,Not Suitable,10.204347,Not Suitable,2,2,True,False
20260424_130845.jpg,1,Pork Shoulder,not fresh,09:07:32,E:\Thesis Code\processed_hsv_lab_threshold_roi_224\sample 1\not fresh\20260424_130845.jpg,pork_shoulder_sample_1,shoulder,cross_rotation,all,meatlens,all,all,all,file_destination,E:\Thesis Code\processed_hsv_lab_threshold_roi_224\sample 1\not fresh\20260424_130845.jpg,False,researcher_home,old_phone,,not fresh,not fresh,0.009105634,0.98485214,0.006042299,not fresh,0.98485214,fresh,0.009105634,0.99395776,0.9757465,0,True,True,True,False,False,False,Likely Not Fresh,Consume Immediately / Manual inspection recommended,55.137856,Consume Immediately,1,1,True,False
IMG_20260509_145929.jpg,5,Pork Ham,spoiled,25:28:02,E:\Thesis Code\processed_hsv_lab_threshold_roi_224\sample 5\spoiled\IMG_20260509_145929.jpg,pork_ham_sample_5,ham,cross_rotation,all,meatlens,all,all,all,file_destination,E:\Thesis Code\processed_hsv_lab_threshold_roi_224\sample 5\spoiled\IMG_20260509_145929.jpg,False,researcher_home,new_phone,,spoiled,spoiled,0.0056757834,0.022071071,0.97225314,spoiled,0.97225314,not fresh,0.022071071,0.9943242,0.9501821,0,True,True,True,False,False,False,Likely Spoiled,Not Suitable,11.504019,Not Suitable,2,2,True,False
20260429_071217.jpg,4,Pork Belly,fresh,01:43:54,E:\Thesis Code\processed_hsv_lab_threshold_roi_224\sample 4\fresh\20260429_071217.jpg,pork_belly_sample_4,belly,cross_rotation,all,meatlens,all,all,all,file_destination,E:\Thesis Code\processed_hsv_lab_threshold_roi_224\sample 4\fresh\20260429_071217.jpg,False,partner_home,old_phone,,fresh,fresh,0.99442613,0.0040297913,0.0015440659,fresh,0.99442613,not fresh,0.0040297913,0.99845594,0.9903963,0,True,True,True,False,False,False,Likely Fresh,Good for Consumption,99.679695,Good for Consumption,0,0,True,False
IMG_20260517_151733.jpg,7,Pork Loin,not fresh,09:50:57,E:\Thesis Code\processed_hsv_lab_threshold_roi_224\sample 7\not fresh\IMG_20260517_151733.jpg,pork_loin_sample_7,loin,cross_rotation,all,meatlens,all,all,all,file_destination,E:\Thesis Code\processed_hsv_lab_threshold_roi_224\sample 7\not fresh\IMG_20260517_151733.jpg,False,researcher_home,new_phone,,not fresh,not fresh,0.020083066,0.9695332,0.010383678,not fresh,0.9695332,fresh,0.020083066,0.9896163,0.94945014,0,True,True,True,False,False,False,Likely Not Fresh,Consume Immediately / Manual inspection recommended,55.43647,Consume Immediately,1,1,True,False
20260429_184514.jpg,4,Pork Belly,spoiled,12:57:53,E:\Thesis Code\processed_hsv_lab_threshold_roi_224\sample 4\spoiled\20260429_184514.jpg,pork_belly_sample_4,belly,cross_rotation,all,meatlens,all,all,all,file_destination,E:\Thesis Code\processed_hsv_lab_threshold_roi_224\sample 4\spoiled\20260429_184514.jpg,False,partner_home,old_phone,,spoiled,not fresh,0.023226667,0.6478619,0.32891148,not fresh,0.6478619,spoiled,0.32891148,0.9767734,0.3189504,1,False,True,True,False,True,False,Borderline Spoiled / Advanced Not Fresh,Not Suitable / Manual inspection recommended,41.244186,Consume Immediately,1,2,True,False
20260424_180157.jpg,1,Pork Shoulder,not fresh,13:59:24,E:\Thesis Code\processed_hsv_lab_threshold_roi_224\sample 1\not fresh\20260424_180157.jpg,pork_shoulder_sample_1,shoulder,cross_rotation,all,meatlens,all,all,all,file_destination,E:\Thesis Code\processed_hsv_lab_threshold_roi_224\sample 1\not fresh\20260424_180157.jpg,False,researcher_home,old_phone,,not fresh,not fresh,0.0039296746,0.95468384,0.04138655,not fresh,0.95468384,spoiled,0.04138655,0.9960704,0.9132973,0,True,True,True,False,False,False,Likely Not Fresh,Consume Immediately / Manual inspection recommended,53.314445,Consume Immediately,1,1,True,False
IMG_20260517_151233.jpg,7,Pork Loin,not fresh,09:46:44,E:\Thesis Code\processed_hsv_lab_threshold_roi_224\sample 7\not fresh\IMG_20260517_151233.jpg,pork_loin_sample_7,loin,cross_rotation,all,meatlens,all,all,all,file_destination,E:\Thesis Code\processed_hsv_lab_threshold_roi_224\sample 7\not fresh\IMG_20260517_151233.jpg,False,researcher_home,new_phone,,not fresh,not fresh,0.007920252,0.97796106,0.014118665,not fresh,0.97796106,spoiled,0.014118665,0.99207973,0.9638424,0,True,True,True,False,False,False,Likely Not Fresh,Consume Immediately / Manual inspection recommended,54.72107,Consume Immediately,1,1,True,False
SPOILED-318-_JPG.rf.dad28aac1bf24c22803f0ddce7846847.jpg,12,Various Pork Meat,spoiled,,E:\Thesis Code\processed_hsv_lab_threshold_roi_224\sample 12\spoiled\SPOILED-318-_JPG.rf.dad28aac1bf24c22803f0ddce7846847.jpg,various_pork_meat_sample_12,various,cross_rotation,all,public_dataset_2,all,all,all,file_destination,E:\Thesis Code\processed_hsv_lab_threshold_roi_224\sample 12\spoiled\SPOILED-318-_JPG.rf.dad28aac1bf24c22803f0ddce7846847.jpg,False,public_dataset_2,public_dataset_2,,spoiled,spoiled,0.029871397,0.010365153,0.95976347,spoiled,0.95976347,fresh,0.029871397,0.9896349,0.92989206,0,True,True,True,False,False,False,Likely Spoiled,Not Suitable,13.154858,Not Suitable,2,2,False,False
20260516_112202.jpg,8,Pork Loin,not fresh,07:25:20,E:\Thesis Code\processed_hsv_lab_threshold_roi_224\sample 8\not fresh\20260516_112202.jpg,pork_loin_sample_8,loin,cross_rotation,all,meatlens,all,all,all,file_destination,E:\Thesis Code\processed_hsv_lab_threshold_roi_224\sample 8\not fresh\20260516_112202.jpg,False,partner_home,new_phone,,not fresh,not fresh,0.37417597,0.6194808,0.0063432017,not fresh,0.6194808,fresh,0.37417597,0.99365675,0.24530482,0,True,True,True,False,True,False,Borderline Fresh / Early Not Fresh,Consume Immediately / Check carefully,71.552475,Good for Consumption,1,1,True,False
20260424_090651.jpg,2,Pork Shoulder,spoiled,20:51:52,E:\Thesis Code\processed_hsv_lab_threshold_roi_224\sample 2\spoiled\20260424_090651.jpg,pork_shoulder_sample_2,shoulder,cross_rotation,all,meatlens,all,all,all,file_destination,E:\Thesis Code\processed_hsv_lab_threshold_roi_224\sample 2\spoiled\20260424_090651.jpg,False,partner_home,old_phone,,spoiled,spoiled,0.00027517602,0.00039578666,0.99932903,spoiled,0.99932903,not fresh,0.00039578666,0.9997248,0.99893326,0,True,True,True,False,False,False,Likely Spoiled,Not Suitable,10.042576,Not Suitable,2,2,True,False
IMG20260508072323.jpg,6,Pork Ham,fresh,01:30:45,E:\Thesis Code\processed_hsv_lab_threshold_roi_224\sample 6\fresh\IMG20260508072323.jpg,pork_ham_sample_6,ham,cross_rotation,all,meatlens,all,all,all,file_destination,E:\Thesis Code\processed_hsv_lab_threshold_roi_224\sample 6\fresh\IMG20260508072323.jpg,False,partner_home,new_phone,,fresh,fresh,0.99509865,0.0034464605,0.001454939,fresh,0.99509865,not fresh,0.0034464605,0.9985451,0.9916522,0,True,True,True,False,False,False,Likely Fresh,Good for Consumption,99.71397,Good for Consumption,0,0,True,False
IMG_20260518_050647.jpg,7,Pork Loin,spoiled,22:13:52,E:\Thesis Code\processed_hsv_lab_threshold_roi_224\sample 7\spoiled\IMG_20260518_050647.jpg,pork_loin_sample_7,loin,cross_rotation,all,meatlens,all,all,all,file_destination,E:\Thesis Code\processed_hsv_lab_threshold_roi_224\sample 7\spoiled\IMG_20260518_050647.jpg,False,researcher_home,new_phone,,spoiled,spoiled,0.0004953682,0.019627051,0.97987753,spoiled,0.97987753,not fresh,0.019627051,0.99950457,0.9602505,0,True,True,True,False,False,False,Likely Spoiled,Not Suitable,10.9278,Not Suitable,2,2,True,False
IMG_20260508_182924.jpg,5,Pork Ham,not fresh,14:18:42,E:\Thesis Code\processed_hsv_lab_threshold_roi_224\sample 5\not fresh\IMG_20260508_182924.jpg,pork_ham_sample_5,ham,cross_rotation,all,meatlens,all,all,all,file_destination,E:\Thesis Code\processed_hsv_lab_threshold_roi_224\sample 5\not fresh\IMG_20260508_182924.jpg,False,researcher_home,new_phone,,not fresh,not fresh,0.006783952,0.89697194,0.09624416,not fresh,0.89697194,spoiled,0.09624416,0.9932161,0.8007278,0,True,True,True,False,True,False,Borderline Spoiled / Advanced Not Fresh,Not Suitable / Manual inspection recommended,50.974293,Consume Immediately,1,1,True,False
IMG_20260508_201824.jpg,5,Pork Ham,spoiled,16:03:37,E:\Thesis Code\processed_hsv_lab_threshold_roi_224\sample 5\spoiled\IMG_20260508_201824.jpg,pork_ham_sample_5,ham,cross_rotation,all,meatlens,all,all,all,file_destination,E:\Thesis Code\processed_hsv_lab_threshold_roi_224\sample 5\spoiled\IMG_20260508_201824.jpg,False,researcher_home,new_phone,,spoiled,spoiled,0.00799642,0.3232148,0.66878885,spoiled,0.66878885,not fresh,0.3232148,0.9920037,0.34557405,0,True,True,True,False,True,False,Borderline Spoiled / Advanced Not Fresh,Not Suitable / Manual inspection recommended,25.264345,Not Suitable,2,2,True,False
IMG20260509173606.jpg,6,Pork Ham,spoiled,24:41:36,E:\Thesis Code\processed_hsv_lab_threshold_roi_224\sample 6\spoiled\IMG20260509173606.jpg,pork_ham_sample_6,ham,cross_rotation,all,meatlens,all,all,all,file_destination,E:\Thesis Code\processed_hsv_lab_threshold_roi_224\sample 6\spoiled\IMG20260509173606.jpg,False,partner_home,new_phone,,spoiled,spoiled,4.1380645e-05,0.0064467965,0.99351186,spoiled,0.99351186,not fresh,0.0064467965,0.99995863,0.9870651,0,True,True,True,False,False,False,Likely Spoiled,Not Suitable,10.293831,Not Suitable,2,2,True,False
IMG_20260508_095243.jpg,5,Pork Ham,fresh,05:47:20,E:\Thesis Code\processed_hsv_lab_threshold_roi_224\sample 5\fresh\IMG_20260508_095243.jpg,pork_ham_sample_5,ham,cross_rotation,all,meatlens,all,all,all,file_destination,E:\Thesis Code\processed_hsv_lab_threshold_roi_224\sample 5\fresh\IMG_20260508_095243.jpg,False,researcher_home,new_phone,,fresh,fresh,0.98504245,0.014451051,0.00050647603,fresh,0.98504245,not fresh,0.014451051,0.9994935,0.9705914,0,True,True,True,False,False,False,Likely Fresh,Good for Consumption,99.304115,Good for Consumption,0,0,True,False
20260424_092941.jpg,1,Pork Shoulder,fresh,04:10:51,E:\Thesis Code\processed_hsv_lab_threshold_roi_224\sample 1\fresh\20260424_092941.jpg,pork_shoulder_sample_1,shoulder,cross_rotation,all,meatlens,all,all,all,file_destination,E:\Thesis Code\processed_hsv_lab_threshold_roi_224\sample 1\fresh\20260424_092941.jpg,False,researcher_home,old_phone,,fresh,fresh,0.99096584,0.007535732,0.0014984151,fresh,0.99096584,not fresh,0.007535732,0.9985016,0.9834301,0,True,True,True,False,False,False,Likely Fresh,Good for Consumption,99.52603,Good for Consumption,0,0,True,False
20260424_195558.jpg,1,Pork Shoulder,not fresh,15:55:11,E:\Thesis Code\processed_hsv_lab_threshold_roi_224\sample 1\not fresh\20260424_195558.jpg,pork_shoulder_sample_1,shoulder,cross_rotation,all,meatlens,all,all,all,file_destination,E:\Thesis Code\processed_hsv_lab_threshold_roi_224\sample 1\not fresh\20260424_195558.jpg,False,researcher_home,old_phone,,not fresh,not fresh,0.0025829703,0.8816776,0.11573942,not fresh,0.8816776,spoiled,0.11573942,0.99741703,0.7659382,0,True,True,True,False,True,False,Borderline Spoiled / Advanced Not Fresh,Not Suitable / Manual inspection recommended,49.90796,Consume Immediately,1,1,True,False
20260429_063101.jpg,3,Pork Belly,fresh,06:46:09,E:\Thesis Code\processed_hsv_lab_threshold_roi_224\sample 3\fresh\20260429_063101.jpg,pork_belly_sample_3,belly,cross_rotation,all,meatlens,all,all,all,file_destination,E:\Thesis Code\processed_hsv_lab_threshold_roi_224\sample 3\fresh\20260429_063101.jpg,False,researcher_home,old_phone,,fresh,fresh,0.90779316,0.08394085,0.008265968,fresh,0.90779316,not fresh,0.08394085,0.991734,0.8238523,0,True,True,True,False,False,False,Likely Fresh,Good for Consumption,95.47872,Good for Consumption,0,0,True,False
20260423_111007.jpg,2,Pork Shoulder,not fresh,07:01:30,E:\Thesis Code\processed_hsv_lab_threshold_roi_224\sample 2\not fresh\20260423_111007.jpg,pork_shoulder_sample_2,shoulder,cross_rotation,all,meatlens,all,all,all,file_destination,E:\Thesis Code\processed_hsv_lab_threshold_roi_224\sample 2\not fresh\20260423_111007.jpg,False,partner_home,old_phone,,not fresh,not fresh,0.04786438,0.9241651,0.027970472,not fresh,0.9241651,fresh,0.04786438,0.9720295,0.87630075,0,True,True,True,False,False,False,Likely Not Fresh,Consume Immediately / Manual inspection recommended,55.895226,Consume Immediately,1,1,True,False
IMG_20260509_185630.jpg,5,Pork Ham,spoiled,27:27:26,E:\Thesis Code\processed_hsv_lab_threshold_roi_224\sample 5\spoiled\IMG_20260509_185630.jpg,pork_ham_sample_5,ham,cross_rotation,all,meatlens,all,all,all,file_destination,E:\Thesis Code\processed_hsv_lab_threshold_roi_224\sample 5\spoiled\IMG_20260509_185630.jpg,False,researcher_home,new_phone,,spoiled,spoiled,0.00019530725,0.0022862726,0.9975184,spoiled,0.9975184,not fresh,0.0022862726,0.9998047,0.99523216,0,True,True,True,False,False,False,Likely Spoiled,Not Suitable,10.12046,Not Suitable,2,2,True,False
09-11-2022 11-41-17_jpg.rf.6vboOrpbT6Yf8idqkIXq.jpg,11,Various Pork Meat,spoiled,,E:\Thesis Code\processed_hsv_lab_threshold_roi_224\sample 11\spoiled\09-11-2022 11-41-17_jpg.rf.6vboOrpbT6Yf8idqkIXq.jpg,various_pork_meat_sample_11,various,cross_rotation,all,public_dataset_2,all,all,all,file_destination,E:\Thesis Code\processed_hsv_lab_threshold_roi_224\sample 11\spoiled\09-11-2022 11-41-17_jpg.rf.6vboOrpbT6Yf8idqkIXq.jpg,False,public_dataset_2,public_dataset_2,,spoiled,spoiled,0.06416533,0.34329244,0.59254223,spoiled,0.59254223,not fresh,0.34329244,0.93583465,0.24924979,0,True,True,True,False,True,True,Borderline Spoiled / Advanced Not Fresh,Not Suitable / Manual inspection recommended,31.22304,Not Suitable,2,2,True,False
08-11-2022 21-57-18_jpg.rf.6YzD3EZmLEYso3OPlXhv.jpg,11,Various Pork Meat,not fresh,,E:\Thesis Code\processed_hsv_lab_threshold_roi_224\sample 11\half fresh\08-11-2022 21-57-18_jpg.rf.6YzD3EZmLEYso3OPlXhv.jpg,various_pork_meat_sample_11,various,cross_rotation,all,public_dataset_2,all,all,all,file_destination,E:\Thesis Code\processed_hsv_lab_threshold_roi_224\sample 11\half fresh\08-11-2022 21-57-18_jpg.rf.6YzD3EZmLEYso3OPlXhv.jpg,False,public_dataset_2,public_dataset_2,,not fresh,not fresh,0.1121168,0.7057236,0.18215963,not fresh,0.7057236,spoiled,0.18215963,0.8878832,0.523564,0,True,True,True,False,True,False,Borderline Spoiled / Advanced Not Fresh,Not Suitable / Manual inspection recommended,51.848072,Consume Immediately,1,1,True,False
20260703_115828.jpg,10,Pork Belly,not fresh,12:00:00,E:\Thesis Code\processed_hsv_lab_threshold_roi_224\sample 10\not fresh\20260703_115828.jpg,pork_belly_sample_10,belly,cross_rotation,all,public_dataset_2,all,all,all,file_destination,E:\Thesis Code\processed_hsv_lab_threshold_roi_224\sample 10\not fresh\20260703_115828.jpg,False,public_dataset_2,public_dataset_2,,not fresh,not fresh,0.39957556,0.59583545,0.0045889863,not fresh,0.59583545,fresh,0.39957556,0.99541104,0.19625989,0,True,True,True,False,True,True,Borderline Fresh / Early Not Fresh,Consume Immediately / Check carefully,72.7744,Good for Consumption,1,1,True,False
20260429_235029.jpg,3,Pork Belly,spoiled,18:30:45,E:\Thesis Code\processed_hsv_lab_threshold_roi_224\sample 3\spoiled\20260429_235029.jpg,pork_belly_sample_3,belly,cross_rotation,all,meatlens,all,all,all,file_destination,E:\Thesis Code\processed_hsv_lab_threshold_roi_224\sample 3\spoiled\20260429_235029.jpg,False,researcher_home,old_phone,,spoiled,spoiled,0.0032534357,0.24192433,0.7548222,spoiled,0.7548222,not fresh,0.24192433,0.99674654,0.51289785,0,True,True,True,False,True,False,Borderline Spoiled / Advanced Not Fresh,Not Suitable / Manual inspection recommended,21.179403,Not Suitable,2,2,True,False
20260624_120127.jpg,9,Pork Hind Leg,not fresh,12:00:00,E:\Thesis Code\processed_hsv_lab_threshold_roi_224\sample 9\not fresh\20260624_120127.jpg,pork_hind_leg_sample_9,hind_leg,cross_rotation,all,public_dataset_2,all,all,all,file_destination,E:\Thesis Code\processed_hsv_lab_threshold_roi_224\sample 9\not fresh\20260624_120127.jpg,False,public_dataset_2,public_dataset_2,,not fresh,not fresh,0.2855433,0.5283684,0.18608837,not fresh,0.5283684,fresh,0.2855433,0.8139117,0.24282512,0,True,True,True,False,True,True,Borderline Fresh / Early Not Fresh,Consume Immediately / Check carefully,59.475475,Consume Immediately,1,1,True,False
20260425_123720.jpg,1,Pork Shoulder,spoiled,32:43:25,E:\Thesis Code\processed_hsv_lab_threshold_roi_224\sample 1\spoiled\20260425_123720.jpg,pork_shoulder_sample_1,shoulder,cross_rotation,all,meatlens,all,all,all,file_destination,E:\Thesis Code\processed_hsv_lab_threshold_roi_224\sample 1\spoiled\20260425_123720.jpg,False,researcher_home,old_phone,,spoiled,spoiled,1.7929762e-05,0.0021766336,0.9978054,spoiled,0.9978054,not fresh,0.0021766336,0.99998206,0.9956288,0,True,True,True,False,False,False,Likely Spoiled,Not Suitable,10.099562,Not Suitable,2,2,True,False
20260424_123945.jpg,1,Pork Shoulder,not fresh,08:38:36,E:\Thesis Code\processed_hsv_lab_threshold_roi_224\sample 1\not fresh\20260424_123945.jpg,pork_shoulder_sample_1,shoulder,cross_rotation,all,meatlens,all,all,all,file_destination,E:\Thesis Code\processed_hsv_lab_threshold_roi_224\sample 1\not fresh\20260424_123945.jpg,False,researcher_home,old_phone,,not fresh,not fresh,0.050114896,0.945084,0.0048011164,not fresh,0.945084,fresh,0.050114896,0.99519885,0.8949691,0,True,True,True,False,False,False,Likely Not Fresh,Consume Immediately / Manual inspection recommended,57.03912,Consume Immediately,1,1,True,False
20260423_170725.jpg,2,Pork Shoulder,spoiled,12:59:06,E:\Thesis Code\processed_hsv_lab_threshold_roi_224\sample 2\spoiled\20260423_170725.jpg,pork_shoulder_sample_2,shoulder,cross_rotation,all,meatlens,all,all,all,file_destination,E:\Thesis Code\processed_hsv_lab_threshold_roi_224\sample 2\spoiled\20260423_170725.jpg,False,partner_home,old_phone,,spoiled,spoiled,0.014455456,0.14395347,0.8415911,spoiled,0.8415911,not fresh,0.14395347,0.98554456,0.6976377,0,True,True,True,False,True,False,Borderline Spoiled / Advanced Not Fresh,Not Suitable / Manual inspection recommended,17.778898,Not Suitable,2,2,True,False
20260516_203520.jpg,8,Pork Loin,spoiled,17:08:08,E:\Thesis Code\processed_hsv_lab_threshold_roi_224\sample 8\spoiled\20260516_203520.jpg,pork_loin_sample_8,loin,cross_rotation,all,meatlens,all,all,all,file_destination,E:\Thesis Code\processed_hsv_lab_threshold_roi_224\sample 8\spoiled\20260516_203520.jpg,False,partner_home,new_phone,,spoiled,spoiled,0.001173866,0.2814517,0.71737444,spoiled,0.71737444,not fresh,0.2814517,0.99882615,0.43592274,0,True,True,True,False,True,False,Borderline Spoiled / Advanced Not Fresh,Not Suitable / Manual inspection recommended,22.770975,Not Suitable,2,2,True,False
20260429_074623.jpg,4,Pork Belly,fresh,04:28:11,E:\Thesis Code\processed_hsv_lab_threshold_roi_224\sample 4\fresh\20260429_074623.jpg,pork_belly_sample_4,belly,cross_rotation,all,meatlens,all,all,all,file_destination,E:\Thesis Code\processed_hsv_lab_threshold_roi_224\sample 4\fresh\20260429_074623.jpg,False,partner_home,old_phone,,fresh,fresh,0.9944534,0.004131159,0.0014154761,fresh,0.9944534,not fresh,0.004131159,0.9985845,0.99032223,0,True,True,True,False,False,False,Likely Fresh,Good for Consumption,99.68671,Good for Consumption,0,0,True,False
20260425_174122.jpg,1,Pork Shoulder,spoiled,37:52:10,E:\Thesis Code\processed_hsv_lab_threshold_roi_224\sample 1\spoiled\20260425_174122.jpg,pork_shoulder_sample_1,shoulder,cross_rotation,all,meatlens,all,all,all,file_destination,E:\Thesis Code\processed_hsv_lab_threshold_roi_224\sample 1\spoiled\20260425_174122.jpg,False,researcher_home,old_phone,,spoiled,spoiled,6.9394024e-05,0.004575554,0.99535507,spoiled,0.99535507,not fresh,0.004575554,0.9999306,0.9907795,0,True,True,True,False,False,False,Likely Spoiled,Not Suitable,10.212146,Not Suitable,2,2,True,False
SPOILED-250-_JPG.rf.d7a8c0b16bf2704f21280a39cab12929.jpg,12,Various Pork Meat,spoiled,,E:\Thesis Code\processed_hsv_lab_threshold_roi_224\sample 12\spoiled\SPOILED-250-_JPG.rf.d7a8c0b16bf2704f21280a39cab12929.jpg,various_pork_meat_sample_12,various,cross_rotation,all,public_dataset_2,all,all,all,file_destination,E:\Thesis Code\processed_hsv_lab_threshold_roi_224\sample 12\spoiled\SPOILED-250-_JPG.rf.d7a8c0b16bf2704f21280a39cab12929.jpg,False,public_dataset_2,public_dataset_2,,spoiled,spoiled,0.0042882916,0.0344328,0.9612789,spoiled,0.9612789,not fresh,0.0344328,0.9957117,0.92684615,0,True,True,True,False,False,False,Likely Spoiled,Not Suitable,11.935422,Not Suitable,2,2,True,False
IMG_20260508_102944.jpg,5,Pork Ham,fresh,06:25:56,E:\Thesis Code\processed_hsv_lab_threshold_roi_224\sample 5\fresh\IMG_20260508_102944.jpg,pork_ham_sample_5,ham,cross_rotation,all,meatlens,all,all,all,file_destination,E:\Thesis Code\processed_hsv_lab_threshold_roi_224\sample 5\fresh\IMG_20260508_102944.jpg,False,researcher_home,new_phone,,fresh,fresh,0.94097745,0.057518978,0.0015035461,fresh,0.94097745,not fresh,0.057518978,0.9984964,0.8834585,0,True,True,True,False,False,False,Likely Fresh,Good for Consumption,97.27632,Good for Consumption,0,0,True,False
20260429_173132.jpg,4,Pork Belly,not fresh,11:14:46,E:\Thesis Code\processed_hsv_lab_threshold_roi_224\sample 4\not fresh\20260429_173132.jpg,pork_belly_sample_4,belly,cross_rotation,all,meatlens,all,all,all,file_destination,E:\Thesis Code\processed_hsv_lab_threshold_roi_224\sample 4\not fresh\20260429_173132.jpg,False,partner_home,old_phone,,not fresh,not fresh,0.044424348,0.5536672,0.40190852,not fresh,0.5536672,spoiled,0.40190852,0.9555757,0.15175867,0,True,True,True,False,True,True,Borderline Spoiled / Advanced Not Fresh,Not Suitable / Manual inspection recommended,38.913216,Not Suitable,1,1,True,False
IMG20260508081156.jpg,6,Pork Ham,fresh,02:44:37,E:\Thesis Code\processed_hsv_lab_threshold_roi_224\sample 6\fresh\IMG20260508081156.jpg,pork_ham_sample_6,ham,cross_rotation,all,meatlens,all,all,all,file_destination,E:\Thesis Code\processed_hsv_lab_threshold_roi_224\sample 6\fresh\IMG20260508081156.jpg,False,partner_home,new_phone,,fresh,fresh,0.99749434,0.0017904702,0.00071519514,fresh,0.99749434,not fresh,0.0017904702,0.9992848,0.9957039,0,True,True,True,False,False,False,Likely Fresh,Good for Consumption,99.855064,Good for Consumption,0,0,True,False
20260430_205355.jpg,3,Pork Belly,spoiled,31:58:48,E:\Thesis Code\processed_hsv_lab_threshold_roi_224\sample 3\spoiled\20260430_205355.jpg,pork_belly_sample_3,belly,cross_rotation,all,meatlens,all,all,all,file_destination,E:\Thesis Code\processed_hsv_lab_threshold_roi_224\sample 3\spoiled\20260430_205355.jpg,False,researcher_home,old_phone,,spoiled,spoiled,0.0001138336,0.006933386,0.99295276,spoiled,0.99295276,not fresh,0.006933386,0.99988616,0.9860194,0,True,True,True,False,False,False,Likely Spoiled,Not Suitable,10.3222475,Not Suitable,2,2,True,False
20260424_075138.jpg,1,Pork Shoulder,fresh,01:41:18,E:\Thesis Code\processed_hsv_lab_threshold_roi_224\sample 1\fresh\20260424_075138.jpg,pork_shoulder_sample_1,shoulder,cross_rotation,all,meatlens,all,all,all,file_destination,E:\Thesis Code\processed_hsv_lab_threshold_roi_224\sample 1\fresh\20260424_075138.jpg,False,researcher_home,old_phone,,fresh,fresh,0.99104697,0.00785272,0.0011003835,fresh,0.99104697,not fresh,0.00785272,0.9988997,0.98319423,0,True,True,True,False,False,False,Likely Fresh,Good for Consumption,99.5476,Good for Consumption,0,0,True,False
IMG_20260508_124158.jpg,5,Pork Ham,not fresh,08:38:36,E:\Thesis Code\processed_hsv_lab_threshold_roi_224\sample 5\not fresh\IMG_20260508_124158.jpg,pork_ham_sample_5,ham,cross_rotation,all,meatlens,all,all,all,file_destination,E:\Thesis Code\processed_hsv_lab_threshold_roi_224\sample 5\not fresh\IMG_20260508_124158.jpg,False,researcher_home,new_phone,,not fresh,not fresh,0.21899359,0.776136,0.0048704064,not fresh,0.776136,fresh,0.21899359,0.9951296,0.5571424,0,True,True,True,False,True,False,Borderline Fresh / Early Not Fresh,Consume Immediately / Check carefully,64.635544,Consume Immediately,1,1,True,False
IMG_20260509_053926.jpg,5,Pork Ham,spoiled,20:45:50,E:\Thesis Code\processed_hsv_lab_threshold_roi_224\sample 5\spoiled\IMG_20260509_053926.jpg,pork_ham_sample_5,ham,cross_rotation,all,meatlens,all,all,all,file_destination,E:\Thesis Code\processed_hsv_lab_threshold_roi_224\sample 5\spoiled\IMG_20260509_053926.jpg,False,researcher_home,new_phone,,spoiled,spoiled,0.00041116253,0.004940461,0.9946484,spoiled,0.9946484,not fresh,0.004940461,0.99958885,0.98970795,0,True,True,True,False,False,False,Likely Spoiled,Not Suitable,10.259326,Not Suitable,2,2,True,False
HALF-FRESH-773-_JPG.rf.efddc4bd7558388f08a66985d7ad7fae.jpg,12,Various Pork Meat,not fresh,,E:\Thesis Code\processed_hsv_lab_threshold_roi_224\sample 12\not fresh\HALF-FRESH-773-_JPG.rf.efddc4bd7558388f08a66985d7ad7fae.jpg,various_pork_meat_sample_12,various,cross_rotation,all,public_dataset_2,all,all,all,file_destination,E:\Thesis Code\processed_hsv_lab_threshold_roi_224\sample 12\not fresh\HALF-FRESH-773-_JPG.rf.efddc4bd7558388f08a66985d7ad7fae.jpg,False,public_dataset_2,public_dataset_2,,not fresh,not fresh,0.048867766,0.87937695,0.07175531,not fresh,0.87937695,spoiled,0.07175531,0.95113224,0.80762166,0,True,True,True,False,True,False,Borderline Spoiled / Advanced Not Fresh,Not Suitable / Manual inspection recommended,53.970062,Consume Immediately,1,1,True,False
20260430_155239.jpg,4,Pork Belly,spoiled,29:43:43,E:\Thesis Code\processed_hsv_lab_threshold_roi_224\sample 4\spoiled\20260430_155239.jpg,pork_belly_sample_4,belly,cross_rotation,all,meatlens,all,all,all,file_destination,E:\Thesis Code\processed_hsv_lab_threshold_roi_224\sample 4\spoiled\20260430_155239.jpg,False,partner_home,old_phone,,spoiled,spoiled,0.00015718259,0.005899129,0.99394363,spoiled,0.99394363,not fresh,0.005899129,0.99984276,0.9880445,0,True,True,True,False,False,False,Likely Spoiled,Not Suitable,10.279607,Not Suitable,2,2,True,False
20260703_090917.jpg,10,Pork Belly,fresh,04:00:00,E:\Thesis Code\processed_hsv_lab_threshold_roi_224\sample 10\fresh\20260703_090917.jpg,pork_belly_sample_10,belly,cross_rotation,all,public_dataset_2,all,all,all,file_destination,E:\Thesis Code\processed_hsv_lab_threshold_roi_224\sample 10\fresh\20260703_090917.jpg,False,public_dataset_2,public_dataset_2,,fresh,fresh,0.6269543,0.36844617,0.0045995065,fresh,0.6269543,not fresh,0.36844617,0.9954005,0.25850815,0,True,True,True,False,True,False,Borderline Fresh / Early Not Fresh,Consume Immediately / Check carefully,83.00597,Good for Consumption,0,0,True,False
20260429_215344.jpg,4,Pork Belly,spoiled,16:56:41,E:\Thesis Code\processed_hsv_lab_threshold_roi_224\sample 4\spoiled\20260429_215344.jpg,pork_belly_sample_4,belly,cross_rotation,all,meatlens,all,all,all,file_destination,E:\Thesis Code\processed_hsv_lab_threshold_roi_224\sample 4\spoiled\20260429_215344.jpg,False,partner_home,old_phone,,spoiled,spoiled,0.0006508304,0.054377533,0.9449717,spoiled,0.9449717,not fresh,0.054377533,0.99934924,0.8905941,0,True,True,True,False,False,False,Likely Spoiled,Not Suitable,12.505564,Not Suitable,2,2,True,False
20260625_155227.jpg,9,Pork Hind Leg,spoiled,24:00:00,E:\Thesis Code\processed_hsv_lab_threshold_roi_224\sample 9\spoiled\20260625_155227.jpg,pork_hind_leg_sample_9,hind_leg,cross_rotation,all,public_dataset_2,all,all,all,file_destination,E:\Thesis Code\processed_hsv_lab_threshold_roi_224\sample 9\spoiled\20260625_155227.jpg,False,public_dataset_2,public_dataset_2,,spoiled,spoiled,0.0020758775,0.00049909943,0.997425,spoiled,0.997425,fresh,0.0020758775,0.9995009,0.99534917,0,True,True,True,False,False,False,Likely Spoiled,Not Suitable,10.209289,Not Suitable,2,2,False,False
IMG20260509074659.jpg,6,Pork Ham,spoiled,18:59:06,E:\Thesis Code\processed_hsv_lab_threshold_roi_224\sample 6\spoiled\IMG20260509074659.jpg,pork_ham_sample_6,ham,cross_rotation,all,meatlens,all,all,all,file_destination,E:\Thesis Code\processed_hsv_lab_threshold_roi_224\sample 6\spoiled\IMG20260509074659.jpg,False,partner_home,new_phone,,spoiled,spoiled,0.0001040529,0.0034081978,0.9964877,spoiled,0.9964877,not fresh,0.0034081978,0.9998959,0.9930795,0,True,True,True,False,False,False,Likely Spoiled,Not Suitable,10.162733,Not Suitable,2,2,True,False
20260424_110043.jpg,1,Pork Shoulder,fresh,06:28:21,E:\Thesis Code\processed_hsv_lab_threshold_roi_224\sample 1\fresh\20260424_110043.jpg,pork_shoulder_sample_1,shoulder,cross_rotation,all,meatlens,all,all,all,file_destination,E:\Thesis Code\processed_hsv_lab_threshold_roi_224\sample 1\fresh\20260424_110043.jpg,False,researcher_home,old_phone,,fresh,fresh,0.9817334,0.018059801,0.00020687206,fresh,0.9817334,not fresh,0.018059801,0.9997932,0.9636736,0,True,True,True,False,False,False,Likely Fresh,Good for Consumption,99.16869,Good for Consumption,0,0,True,False
08-11-2022 22-38-41_jpg.rf.jPUpuuqSlQZ3GxL3AWyq.jpg,11,Various Pork Meat,not fresh,,E:\Thesis Code\processed_hsv_lab_threshold_roi_224\sample 11\half fresh\08-11-2022 22-38-41_jpg.rf.jPUpuuqSlQZ3GxL3AWyq.jpg,various_pork_meat_sample_11,various,cross_rotation,all,public_dataset_2,all,all,all,file_destination,E:\Thesis Code\processed_hsv_lab_threshold_roi_224\sample 11\half fresh\08-11-2022 22-38-41_jpg.rf.jPUpuuqSlQZ3GxL3AWyq.jpg,False,public_dataset_2,public_dataset_2,,not fresh,not fresh,0.030716749,0.7040182,0.26526508,not fresh,0.7040182,spoiled,0.26526508,0.9692832,0.4387531,0,True,True,True,False,True,False,Borderline Spoiled / Advanced Not Fresh,Not Suitable / Manual inspection recommended,44.445324,Consume Immediately,1,1,True,False
08-11-2022 22-33-37_jpg.rf.4NvaDOFACSnGaWCKqgdT.jpg,11,Various Pork Meat,not fresh,,E:\Thesis Code\processed_hsv_lab_threshold_roi_224\sample 11\half fresh\08-11-2022 22-33-37_jpg.rf.4NvaDOFACSnGaWCKqgdT.jpg,various_pork_meat_sample_11,various,cross_rotation,all,public_dataset_2,all,all,all,file_destination,E:\Thesis Code\processed_hsv_lab_threshold_roi_224\sample 11\half fresh\08-11-2022 22-33-37_jpg.rf.4NvaDOFACSnGaWCKqgdT.jpg,False,public_dataset_2,public_dataset_2,,not fresh,not fresh,0.15656997,0.42358977,0.41984034,not fresh,0.42358977,spoiled,0.41984034,0.8434301,0.0037494302,0,True,True,True,False,True,True,Borderline Spoiled / Advanced Not Fresh,Not Suitable / Manual inspection recommended,43.15284,Consume Immediately,1,1,True,False
20260624_114209.jpg,9,Pork Hind Leg,not fresh,12:00:00,E:\Thesis Code\processed_hsv_lab_threshold_roi_224\sample 9\not fresh\20260624_114209.jpg,pork_hind_leg_sample_9,hind_leg,cross_rotation,all,public_dataset_2,all,all,all,file_destination,E:\Thesis Code\processed_hsv_lab_threshold_roi_224\sample 9\not fresh\20260624_114209.jpg,False,public_dataset_2,public_dataset_2,,not fresh,not fresh,0.4477979,0.48980287,0.062399205,not fresh,0.48980287,fresh,0.4477979,0.93760073,0.042004973,0,True,True,True,False,True,True,Borderline Fresh / Early Not Fresh,Consume Immediately / Check carefully,72.34294,Good for Consumption,1,1,True,False
20260624_145640.jpg,9,Pork Hind Leg,not fresh,12:00:00,E:\Thesis Code\processed_hsv_lab_threshold_roi_224\sample 9\not fresh\20260624_145640.jpg,pork_hind_leg_sample_9,hind_leg,cross_rotation,all,public_dataset_2,all,all,all,file_destination,E:\Thesis Code\processed_hsv_lab_threshold_roi_224\sample 9\not fresh\20260624_145640.jpg,False,public_dataset_2,public_dataset_2,,not fresh,not fresh,0.13041113,0.7263115,0.14327742,not fresh,0.7263115,spoiled,0.14327742,0.8695889,0.5830341,0,True,True,True,False,True,False,Borderline Spoiled / Advanced Not Fresh,Not Suitable / Manual inspection recommended,54.42102,Consume Immediately,1,1,True,False
20260429_070146.jpg,4,Pork Belly,fresh,00:53:09,E:\Thesis Code\processed_hsv_lab_threshold_roi_224\sample 4\fresh\20260429_070146.jpg,pork_belly_sample_4,belly,cross_rotation,all,meatlens,all,all,all,file_destination,E:\Thesis Code\processed_hsv_lab_threshold_roi_224\sample 4\fresh\20260429_070146.jpg,False,partner_home,old_phone,,fresh,fresh,0.96379614,0.02605809,0.010145833,fresh,0.96379614,not fresh,0.02605809,0.9898542,0.93773806,0,True,True,True,False,False,False,Likely Fresh,Good for Consumption,97.91427,Good for Consumption,0,0,True,False
20260703_181644.jpg,10,Pork Belly,spoiled,24:00:00,E:\Thesis Code\processed_hsv_lab_threshold_roi_224\sample 10\spoiled\20260703_181644.jpg,pork_belly_sample_10,belly,cross_rotation,all,public_dataset_2,all,all,all,file_destination,E:\Thesis Code\processed_hsv_lab_threshold_roi_224\sample 10\spoiled\20260703_181644.jpg,False,public_dataset_2,public_dataset_2,,spoiled,spoiled,0.008609885,0.20235607,0.789034,spoiled,0.789034,not fresh,0.20235607,0.9913901,0.5866779,0,True,True,True,False,True,False,Borderline Spoiled / Advanced Not Fresh,Not Suitable / Manual inspection recommended,19.880913,Not Suitable,2,2,True,False
20260425_102518.jpg,1,Pork Shoulder,spoiled,30:28:21,E:\Thesis Code\processed_hsv_lab_threshold_roi_224\sample 1\spoiled\20260425_102518.jpg,pork_shoulder_sample_1,shoulder,cross_rotation,all,meatlens,all,all,all,file_destination,E:\Thesis Code\processed_hsv_lab_threshold_roi_224\sample 1\spoiled\20260425_102518.jpg,False,researcher_home,old_phone,,spoiled,spoiled,1.18192675e-05,0.009042853,0.99094534,spoiled,0.99094534,not fresh,0.009042853,0.9999882,0.9819025,0,True,True,True,False,False,False,Likely Spoiled,Not Suitable,10.407992,Not Suitable,2,2,True,False
SPOILED-482-_JPG.rf.4f38b4015618735318ce10a05d2925c6.jpg,12,Various Pork Meat,spoiled,,E:\Thesis Code\processed_hsv_lab_threshold_roi_224\sample 12\spoiled\SPOILED-482-_JPG.rf.4f38b4015618735318ce10a05d2925c6.jpg,various_pork_meat_sample_12,various,cross_rotation,all,public_dataset_2,all,all,all,file_destination,E:\Thesis Code\processed_hsv_lab_threshold_roi_224\sample 12\spoiled\SPOILED-482-_JPG.rf.4f38b4015618735318ce10a05d2925c6.jpg,False,public_dataset_2,public_dataset_2,,spoiled,spoiled,0.016820518,0.039766863,0.9434126,spoiled,0.9434126,not fresh,0.039766863,0.98317945,0.90364575,0,True,True,True,False,False,False,Likely Spoiled,Not Suitable,13.303355,Not Suitable,2,2,True,False
20260516_103624.jpg,8,Pork Loin,fresh,06:09:21,E:\Thesis Code\processed_hsv_lab_threshold_roi_224\sample 8\fresh\20260516_103624.jpg,pork_loin_sample_8,loin,cross_rotation,all,meatlens,all,all,all,file_destination,E:\Thesis Code\processed_hsv_lab_threshold_roi_224\sample 8\fresh\20260516_103624.jpg,False,partner_home,new_phone,,fresh,fresh,0.76636195,0.23233975,0.0012983248,fresh,0.76636195,not fresh,0.23233975,0.9987017,0.5340222,0,True,True,True,False,True,False,Borderline Fresh / Early Not Fresh,Consume Immediately / Check carefully,89.427864,Good for Consumption,0,0,True,False
20260424_192459.jpg,1,Pork Shoulder,not fresh,15:23:49,E:\Thesis Code\processed_hsv_lab_threshold_roi_224\sample 1\not fresh\20260424_192459.jpg,pork_shoulder_sample_1,shoulder,cross_rotation,all,meatlens,all,all,all,file_destination,E:\Thesis Code\processed_hsv_lab_threshold_roi_224\sample 1\not fresh\20260424_192459.jpg,False,researcher_home,old_phone,,not fresh,not fresh,0.0022067665,0.89887345,0.09891984,not fresh,0.89887345,spoiled,0.09891984,0.9977933,0.7999536,0,True,True,True,False,True,False,Borderline Spoiled / Advanced Not Fresh,Not Suitable / Manual inspection recommended,50.647915,Consume Immediately,1,1,True,False
HALF-FRESH-288-_JPG.rf.d5b30738bb489d32e9531c34226cd0e4.jpg,12,Various Pork Meat,not fresh,,E:\Thesis Code\processed_hsv_lab_threshold_roi_224\sample 12\not fresh\HALF-FRESH-288-_JPG.rf.d5b30738bb489d32e9531c34226cd0e4.jpg,various_pork_meat_sample_12,various,cross_rotation,all,public_dataset_2,all,all,all,file_destination,E:\Thesis Code\processed_hsv_lab_threshold_roi_224\sample 12\not fresh\HALF-FRESH-288-_JPG.rf.d5b30738bb489d32e9531c34226cd0e4.jpg,False,public_dataset_2,public_dataset_2,,not fresh,not fresh,0.08416538,0.8865677,0.02926686,not fresh,0.8865677,fresh,0.08416538,0.9707331,0.8024023,0,True,True,True,False,True,False,Borderline Fresh / Early Not Fresh,Consume Immediately / Check carefully,57.470432,Consume Immediately,1,1,True,False
20260429_073752.jpg,4,Pork Belly,fresh,03:47:07,E:\Thesis Code\processed_hsv_lab_threshold_roi_224\sample 4\fresh\20260429_073752.jpg,pork_belly_sample_4,belly,cross_rotation,all,meatlens,all,all,all,file_destination,E:\Thesis Code\processed_hsv_lab_threshold_roi_224\sample 4\fresh\20260429_073752.jpg,False,partner_home,old_phone,,fresh,fresh,0.9986092,0.0010600659,0.00033075744,fresh,0.9986092,not fresh,0.0010600659,0.99966925,0.9975491,0,True,True,True,False,False,False,Likely Fresh,Good for Consumption,99.92253,Good for Consumption,0,0,True,False
IMG20260509154629.jpg,6,Pork Ham,spoiled,23:05:08,E:\Thesis Code\processed_hsv_lab_threshold_roi_224\sample 6\spoiled\IMG20260509154629.jpg,pork_ham_sample_6,ham,cross_rotation,all,meatlens,all,all,all,file_destination,E:\Thesis Code\processed_hsv_lab_threshold_roi_224\sample 6\spoiled\IMG20260509154629.jpg,False,partner_home,new_phone,,spoiled,spoiled,0.00010119921,0.0062710783,0.9936277,spoiled,0.9936277,not fresh,0.0062710783,0.9998988,0.98735666,0,True,True,True,False,False,False,Likely Spoiled,Not Suitable,10.2913065,Not Suitable,2,2,True,False
IMG20260508190537.jpg,6,Pork Ham,spoiled,14:57:53,E:\Thesis Code\processed_hsv_lab_threshold_roi_224\sample 6\spoiled\IMG20260508190537.jpg,pork_ham_sample_6,ham,cross_rotation,all,meatlens,all,all,all,file_destination,E:\Thesis Code\processed_hsv_lab_threshold_roi_224\sample 6\spoiled\IMG20260508190537.jpg,False,partner_home,new_phone,,spoiled,spoiled,0.0036363215,0.42958024,0.5667834,spoiled,0.5667834,not fresh,0.42958024,0.99636364,0.13720319,0,True,True,True,False,True,True,Borderline Spoiled / Advanced Not Fresh,Not Suitable / Manual inspection recommended,29.65838,Not Suitable,2,2,True,False
20260624_150041.jpg,9,Pork Hind Leg,not fresh,12:00:00,E:\Thesis Code\processed_hsv_lab_threshold_roi_224\sample 9\not fresh\20260624_150041.jpg,pork_hind_leg_sample_9,hind_leg,cross_rotation,all,public_dataset_2,all,all,all,file_destination,E:\Thesis Code\processed_hsv_lab_threshold_roi_224\sample 9\not fresh\20260624_150041.jpg,False,public_dataset_2,public_dataset_2,,not fresh,not fresh,0.3944184,0.5777986,0.027783042,not fresh,0.5777986,fresh,0.3944184,0.97221696,0.18338022,0,True,True,True,False,True,True,Borderline Fresh / Early Not Fresh,Consume Immediately / Check carefully,71.4986,Good for Consumption,1,1,True,False
HALF-FRESH-722-_JPG.rf.0575744d84b9e1e8da58f8886d105638.jpg,12,Various Pork Meat,not fresh,,E:\Thesis Code\processed_hsv_lab_threshold_roi_224\sample 12\not fresh\HALF-FRESH-722-_JPG.rf.0575744d84b9e1e8da58f8886d105638.jpg,various_pork_meat_sample_12,various,cross_rotation,all,public_dataset_2,all,all,all,file_destination,E:\Thesis Code\processed_hsv_lab_threshold_roi_224\sample 12\not fresh\HALF-FRESH-722-_JPG.rf.0575744d84b9e1e8da58f8886d105638.jpg,False,public_dataset_2,public_dataset_2,,not fresh,not fresh,0.19897632,0.78826594,0.0127577,not fresh,0.78826594,fresh,0.19897632,0.9872423,0.5892896,0,True,True,True,False,True,False,Borderline Fresh / Early Not Fresh,Consume Immediately / Check carefully,63.379837,Consume Immediately,1,1,True,False
IMG20260508070522.jpg,6,Pork Ham,fresh,01:03:19,E:\Thesis Code\processed_hsv_lab_threshold_roi_224\sample 6\fresh\IMG20260508070522.jpg,pork_ham_sample_6,ham,cross_rotation,all,meatlens,all,all,all,file_destination,E:\Thesis Code\processed_hsv_lab_threshold_roi_224\sample 6\fresh\IMG20260508070522.jpg,False,partner_home,new_phone,,fresh,fresh,0.9953383,0.0036306004,0.0010311246,fresh,0.9953383,not fresh,0.0036306004,0.9989689,0.99170774,0,True,True,True,False,False,False,Likely Fresh,Good for Consumption,99.74383,Good for Consumption,0,0,True,False
20260429_172801.jpg,4,Pork Belly,not fresh,11:09:21,E:\Thesis Code\processed_hsv_lab_threshold_roi_224\sample 4\not fresh\20260429_172801.jpg,pork_belly_sample_4,belly,cross_rotation,all,meatlens,all,all,all,file_destination,E:\Thesis Code\processed_hsv_lab_threshold_roi_224\sample 4\not fresh\20260429_172801.jpg,False,partner_home,old_phone,,not fresh,not fresh,0.014984877,0.6587879,0.32622725,not fresh,0.6587879,spoiled,0.32622725,0.98501515,0.33256066,0,True,True,True,False,True,False,Borderline Spoiled / Advanced Not Fresh,Not Suitable / Manual inspection recommended,40.994095,Consume Immediately,1,1,True,False
20260429_155246.jpg,4,Pork Belly,not fresh,08:37:23,E:\Thesis Code\processed_hsv_lab_threshold_roi_224\sample 4\not fresh\20260429_155246.jpg,pork_belly_sample_4,belly,cross_rotation,all,meatlens,all,all,all,file_destination,E:\Thesis Code\processed_hsv_lab_threshold_roi_224\sample 4\not fresh\20260429_155246.jpg,False,partner_home,old_phone,,not fresh,not fresh,0.00077947346,0.9758152,0.023405248,not fresh,0.9758152,spoiled,0.023405248,0.99922043,0.9524099,0,True,True,True,False,False,False,Likely Not Fresh,Consume Immediately / Manual inspection recommended,53.981834,Consume Immediately,1,1,True,False
08-11-2022 17-53-42_jpg.rf.cnXpgJfg8lz0SI5JqiZF.jpg,11,Various Pork Meat,fresh,,E:\Thesis Code\processed_hsv_lab_threshold_roi_224\sample 11\fresh\08-11-2022 17-53-42_jpg.rf.cnXpgJfg8lz0SI5JqiZF.jpg,various_pork_meat_sample_11,various,cross_rotation,all,public_dataset_2,all,all,all,file_destination,E:\Thesis Code\processed_hsv_lab_threshold_roi_224\sample 11\fresh\08-11-2022 17-53-42_jpg.rf.cnXpgJfg8lz0SI5JqiZF.jpg,False,public_dataset_2,public_dataset_2,,fresh,not fresh,0.25613716,0.7079234,0.035939414,not fresh,0.7079234,fresh,0.25613716,0.96406054,0.45178625,1,False,True,True,False,True,False,Borderline Fresh / Early Not Fresh,Consume Immediately / Check carefully,64.9089,Consume Immediately,1,0,True,False
20260516_074757.jpg,8,Pork Loin,fresh,01:24:25,E:\Thesis Code\processed_hsv_lab_threshold_roi_224\sample 8\fresh\20260516_074757.jpg,pork_loin_sample_8,loin,cross_rotation,all,meatlens,all,all,all,file_destination,E:\Thesis Code\processed_hsv_lab_threshold_roi_224\sample 8\fresh\20260516_074757.jpg,False,partner_home,new_phone,,fresh,fresh,0.9960098,0.003870754,0.00011950456,fresh,0.9960098,not fresh,0.003870754,0.99988055,0.9921391,0,True,True,True,False,False,False,Likely Fresh,Good for Consumption,99.81507,Good for Consumption,0,0,True,False
08-11-2022 14-33-34_jpg.rf.tZj99y3famsa4OZvqCEr.jpg,11,Various Pork Meat,fresh,,E:\Thesis Code\processed_hsv_lab_threshold_roi_224\sample 11\fresh\08-11-2022 14-33-34_jpg.rf.tZj99y3famsa4OZvqCEr.jpg,various_pork_meat_sample_11,various,cross_rotation,all,public_dataset_2,all,all,all,file_destination,E:\Thesis Code\processed_hsv_lab_threshold_roi_224\sample 11\fresh\08-11-2022 14-33-34_jpg.rf.tZj99y3famsa4OZvqCEr.jpg,False,public_dataset_2,public_dataset_2,,fresh,fresh,0.8059707,0.19033787,0.003691354,fresh,0.8059707,not fresh,0.19033787,0.99630857,0.6156329,0,True,True,True,False,True,False,Borderline Fresh / Early Not Fresh,Consume Immediately / Check carefully,91.10257,Good for Consumption,0,0,True,False
20260517_185436.jpg,8,Pork Loin,spoiled,38:02:25,E:\Thesis Code\processed_hsv_lab_threshold_roi_224\sample 8\spoiled\20260517_185436.jpg,pork_loin_sample_8,loin,cross_rotation,all,meatlens,all,all,all,file_destination,E:\Thesis Code\processed_hsv_lab_threshold_roi_224\sample 8\spoiled\20260517_185436.jpg,False,partner_home,new_phone,,spoiled,spoiled,5.9076203e-05,0.0073456606,0.99259526,spoiled,0.99259526,not fresh,0.0073456606,0.99994093,0.9852496,0,True,True,True,False,False,False,Likely Spoiled,Not Suitable,10.335872,Not Suitable,2,2,True,False
20260424_230100.jpg,1,Pork Shoulder,spoiled,19:03:19,E:\Thesis Code\processed_hsv_lab_threshold_roi_224\sample 1\spoiled\20260424_230100.jpg,pork_shoulder_sample_1,shoulder,cross_rotation,all,meatlens,all,all,all,file_destination,E:\Thesis Code\processed_hsv_lab_threshold_roi_224\sample 1\spoiled\20260424_230100.jpg,False,researcher_home,old_phone,,spoiled,spoiled,4.974709e-05,0.07679397,0.9231563,spoiled,0.9231563,not fresh,0.07679397,0.9999503,0.84636235,0,True,True,True,False,False,False,Likely Spoiled,Not Suitable,13.460206,Not Suitable,2,2,True,False
