image_file_name,sample_number,meat_part,label,time_frame,file_destination,sample_id,pork_cut,split_type,fold,source,split_key,split_name,dataset_partition,image_path_source_column,image_path_resolved,missing_image_path,capture_source,phone_group,phone_model,true_label,predicted_label,prob_fresh,prob_not_fresh,prob_spoiled,top_class,top_confidence,second_class,second_confidence,top2_combined_confidence,prediction_margin,ordinal_error,is_exact_correct,is_top2_correct,is_adjacent_correct,is_severe_error,is_borderline,is_low_confidence,transition_label,recommendation,freshness_score,freshness_score_band,predicted_index,true_index,top2_adjacent_pair,is_non_adjacent_top2
FRESH-833-_JPG.rf.f44fd1c0581958128bbc5fcfe77b802f.jpg,12,Various Pork Meat,fresh,,E:\Thesis Code\processed_hsv_lab_threshold_roi_224\sample 12\fresh\FRESH-833-_JPG.rf.f44fd1c0581958128bbc5fcfe77b802f.jpg,various_pork_meat_sample_12,various,cross_rotation,all,public_dataset_2,all,all,all,file_destination,E:\Thesis Code\processed_hsv_lab_threshold_roi_224\sample 12\fresh\FRESH-833-_JPG.rf.f44fd1c0581958128bbc5fcfe77b802f.jpg,False,public_dataset_2,public_dataset_2,,fresh,fresh,0.99429363,0.005693397,1.2944081e-05,fresh,0.99429363,not fresh,0.005693397,0.999987,0.98860025,0,True,True,True,False,False,False,Likely Fresh,Good for Consumption,99.74263,Good for Consumption,0,0,True,False
20260703_071218.jpg,10,Pork Belly,fresh,04:00:00,E:\Thesis Code\processed_hsv_lab_threshold_roi_224\sample 10\fresh\20260703_071218.jpg,pork_belly_sample_10,belly,cross_rotation,all,public_dataset_2,all,all,all,file_destination,E:\Thesis Code\processed_hsv_lab_threshold_roi_224\sample 10\fresh\20260703_071218.jpg,False,public_dataset_2,public_dataset_2,,fresh,fresh,0.97673076,0.022234317,0.0010350406,fresh,0.97673076,not fresh,0.022234317,0.9989651,0.95449644,0,True,True,True,False,False,False,Likely Fresh,Good for Consumption,98.90631,Good for Consumption,0,0,True,False
08-11-2022 18-32-13_jpg.rf.TQpWmY8q7v0fgmtpW8Rh.jpg,11,Various Pork Meat,fresh,,E:\Thesis Code\processed_hsv_lab_threshold_roi_224\sample 11\fresh\08-11-2022 18-32-13_jpg.rf.TQpWmY8q7v0fgmtpW8Rh.jpg,various_pork_meat_sample_11,various,cross_rotation,all,public_dataset_2,all,all,all,file_destination,E:\Thesis Code\processed_hsv_lab_threshold_roi_224\sample 11\fresh\08-11-2022 18-32-13_jpg.rf.TQpWmY8q7v0fgmtpW8Rh.jpg,False,public_dataset_2,public_dataset_2,,fresh,fresh,0.77571195,0.16254634,0.06174175,fresh,0.77571195,not fresh,0.16254634,0.9382583,0.6131656,0,True,True,True,False,True,False,Borderline Fresh / Early Not Fresh,Consume Immediately / Check carefully,87.12866,Good for Consumption,0,0,True,False
20260424_141200.jpg,2,Pork Shoulder,spoiled,32:49:27,E:\Thesis Code\processed_hsv_lab_threshold_roi_224\sample 2\spoiled\20260424_141200.jpg,pork_shoulder_sample_2,shoulder,cross_rotation,all,meatlens,all,all,all,file_destination,E:\Thesis Code\processed_hsv_lab_threshold_roi_224\sample 2\spoiled\20260424_141200.jpg,False,partner_home,old_phone,,spoiled,spoiled,3.902538e-05,8.743322e-05,0.9998735,spoiled,0.9998735,not fresh,8.743322e-05,0.99996096,0.9997861,0,True,True,True,False,False,False,Likely Spoiled,Not Suitable,10.007446,Not Suitable,2,2,True,False
IMG_20260508_151834.jpg,5,Pork Ham,not fresh,11:12:58,E:\Thesis Code\processed_hsv_lab_threshold_roi_224\sample 5\not fresh\IMG_20260508_151834.jpg,pork_ham_sample_5,ham,cross_rotation,all,meatlens,all,all,all,file_destination,E:\Thesis Code\processed_hsv_lab_threshold_roi_224\sample 5\not fresh\IMG_20260508_151834.jpg,False,researcher_home,new_phone,,not fresh,not fresh,0.0013423851,0.98777896,0.010878643,not fresh,0.98777896,spoiled,0.010878643,0.9986576,0.97690034,0,True,True,True,False,False,False,Likely Not Fresh,Consume Immediately / Manual inspection recommended,54.57087,Consume Immediately,1,1,True,False
IMG_20260508_233925.jpg,5,Pork Ham,spoiled,17:44:55,E:\Thesis Code\processed_hsv_lab_threshold_roi_224\sample 5\spoiled\IMG_20260508_233925.jpg,pork_ham_sample_5,ham,cross_rotation,all,meatlens,all,all,all,file_destination,E:\Thesis Code\processed_hsv_lab_threshold_roi_224\sample 5\spoiled\IMG_20260508_233925.jpg,False,researcher_home,new_phone,,spoiled,spoiled,0.0037383991,0.08092043,0.9153412,spoiled,0.9153412,not fresh,0.08092043,0.9962616,0.8344208,0,True,True,True,False,False,False,Likely Spoiled,Not Suitable,13.977876,Not Suitable,2,2,True,False
20260517_093937.jpg,8,Pork Loin,spoiled,26:40:24,E:\Thesis Code\processed_hsv_lab_threshold_roi_224\sample 8\spoiled\20260517_093937.jpg,pork_loin_sample_8,loin,cross_rotation,all,meatlens,all,all,all,file_destination,E:\Thesis Code\processed_hsv_lab_threshold_roi_224\sample 8\spoiled\20260517_093937.jpg,False,partner_home,new_phone,,spoiled,spoiled,3.8965896e-05,0.010995254,0.9889658,spoiled,0.9889658,not fresh,0.010995254,0.9999611,0.97797054,0,True,True,True,False,False,False,Likely Spoiled,Not Suitable,10.498294,Not Suitable,2,2,True,False
20260703_084111.jpg,10,Pork Belly,fresh,04:00:00,E:\Thesis Code\processed_hsv_lab_threshold_roi_224\sample 10\fresh\20260703_084111.jpg,pork_belly_sample_10,belly,cross_rotation,all,public_dataset_2,all,all,all,file_destination,E:\Thesis Code\processed_hsv_lab_threshold_roi_224\sample 10\fresh\20260703_084111.jpg,False,public_dataset_2,public_dataset_2,,fresh,fresh,0.9304115,0.068074286,0.001514172,fresh,0.9304115,not fresh,0.068074286,0.9984858,0.86233723,0,True,True,True,False,False,False,Likely Fresh,Good for Consumption,96.80038,Good for Consumption,0,0,True,False
20260625_105053.jpg,9,Pork Hind Leg,spoiled,24:00:00,E:\Thesis Code\processed_hsv_lab_threshold_roi_224\sample 9\spoiled\20260625_105053.jpg,pork_hind_leg_sample_9,hind_leg,cross_rotation,all,public_dataset_2,all,all,all,file_destination,E:\Thesis Code\processed_hsv_lab_threshold_roi_224\sample 9\spoiled\20260625_105053.jpg,False,public_dataset_2,public_dataset_2,,spoiled,spoiled,0.07074464,0.016582165,0.9126732,spoiled,0.9126732,fresh,0.07074464,0.9834178,0.84192854,0,True,True,True,False,False,False,Likely Spoiled,Not Suitable,17.113214,Not Suitable,2,2,False,False
20260516_074156.jpg,8,Pork Loin,fresh,01:09:39,E:\Thesis Code\processed_hsv_lab_threshold_roi_224\sample 8\fresh\20260516_074156.jpg,pork_loin_sample_8,loin,cross_rotation,all,meatlens,all,all,all,file_destination,E:\Thesis Code\processed_hsv_lab_threshold_roi_224\sample 8\fresh\20260516_074156.jpg,False,partner_home,new_phone,,fresh,fresh,0.99318403,0.0067375842,7.8426856e-05,fresh,0.99318403,not fresh,0.0067375842,0.9999216,0.98644644,0,True,True,True,False,False,False,Likely Fresh,Good for Consumption,99.68975,Good for Consumption,0,0,True,False
20260430_150141.jpg,3,Pork Belly,spoiled,28:33:46,E:\Thesis Code\processed_hsv_lab_threshold_roi_224\sample 3\spoiled\20260430_150141.jpg,pork_belly_sample_3,belly,cross_rotation,all,meatlens,all,all,all,file_destination,E:\Thesis Code\processed_hsv_lab_threshold_roi_224\sample 3\spoiled\20260430_150141.jpg,False,researcher_home,old_phone,,spoiled,spoiled,0.010580652,0.049473383,0.939946,spoiled,0.939946,not fresh,0.049473383,0.9894194,0.8904726,0,True,True,True,False,False,False,Likely Spoiled,Not Suitable,13.178561,Not Suitable,2,2,True,False
20260624_175539.jpg,9,Pork Hind Leg,not fresh,12:00:00,E:\Thesis Code\processed_hsv_lab_threshold_roi_224\sample 9\not fresh\20260624_175539.jpg,pork_hind_leg_sample_9,hind_leg,cross_rotation,all,public_dataset_2,all,all,all,file_destination,E:\Thesis Code\processed_hsv_lab_threshold_roi_224\sample 9\not fresh\20260624_175539.jpg,False,public_dataset_2,public_dataset_2,,not fresh,not fresh,0.12983915,0.663401,0.20675987,not fresh,0.663401,spoiled,0.20675987,0.8701609,0.45664114,0,True,True,True,False,True,False,Borderline Spoiled / Advanced Not Fresh,Not Suitable / Manual inspection recommended,51.53857,Consume Immediately,1,1,True,False
20260424_094248.jpg,2,Pork Shoulder,spoiled,22:16:17,E:\Thesis Code\processed_hsv_lab_threshold_roi_224\sample 2\spoiled\20260424_094248.jpg,pork_shoulder_sample_2,shoulder,cross_rotation,all,meatlens,all,all,all,file_destination,E:\Thesis Code\processed_hsv_lab_threshold_roi_224\sample 2\spoiled\20260424_094248.jpg,False,partner_home,old_phone,,spoiled,spoiled,0.00019542253,0.001734323,0.99807024,spoiled,0.99807024,not fresh,0.001734323,0.99980456,0.9963359,0,True,True,True,False,False,False,Likely Spoiled,Not Suitable,10.095633,Not Suitable,2,2,True,False
20260424_111143.jpg,1,Pork Shoulder,fresh,06:45:14,E:\Thesis Code\processed_hsv_lab_threshold_roi_224\sample 1\fresh\20260424_111143.jpg,pork_shoulder_sample_1,shoulder,cross_rotation,all,meatlens,all,all,all,file_destination,E:\Thesis Code\processed_hsv_lab_threshold_roi_224\sample 1\fresh\20260424_111143.jpg,False,researcher_home,old_phone,,fresh,fresh,0.9823292,0.017477943,0.00019282544,fresh,0.9823292,not fresh,0.017477943,0.9998071,0.96485126,0,True,True,True,False,False,False,Likely Fresh,Good for Consumption,99.19614,Good for Consumption,0,0,True,False
20260424_153649.jpg,1,Pork Shoulder,not fresh,11:37:05,E:\Thesis Code\processed_hsv_lab_threshold_roi_224\sample 1\not fresh\20260424_153649.jpg,pork_shoulder_sample_1,shoulder,cross_rotation,all,meatlens,all,all,all,file_destination,E:\Thesis Code\processed_hsv_lab_threshold_roi_224\sample 1\not fresh\20260424_153649.jpg,False,researcher_home,old_phone,,not fresh,not fresh,0.03663535,0.956551,0.006813575,not fresh,0.956551,fresh,0.03663535,0.99318635,0.9199157,0,True,True,True,False,False,False,Likely Not Fresh,Consume Immediately / Manual inspection recommended,56.341976,Consume Immediately,1,1,True,False
20260624_115857.jpg,9,Pork Hind Leg,not fresh,12:00:00,E:\Thesis Code\processed_hsv_lab_threshold_roi_224\sample 9\not fresh\20260624_115857.jpg,pork_hind_leg_sample_9,hind_leg,cross_rotation,all,public_dataset_2,all,all,all,file_destination,E:\Thesis Code\processed_hsv_lab_threshold_roi_224\sample 9\not fresh\20260624_115857.jpg,False,public_dataset_2,public_dataset_2,,not fresh,not fresh,0.42352995,0.50398,0.07249006,not fresh,0.50398,fresh,0.42352995,0.9275099,0.08045003,0,True,True,True,False,True,True,Borderline Fresh / Early Not Fresh,Consume Immediately / Check carefully,70.79679,Good for Consumption,1,1,True,False
20260424_155220.jpg,2,Pork Shoulder,spoiled,36:45:50,E:\Thesis Code\processed_hsv_lab_threshold_roi_224\sample 2\spoiled\20260424_155220.jpg,pork_shoulder_sample_2,shoulder,cross_rotation,all,meatlens,all,all,all,file_destination,E:\Thesis Code\processed_hsv_lab_threshold_roi_224\sample 2\spoiled\20260424_155220.jpg,False,partner_home,old_phone,,spoiled,spoiled,3.2713167e-05,9.7565135e-05,0.9998697,spoiled,0.9998697,not fresh,9.7565135e-05,0.9999673,0.99977213,0,True,True,True,False,False,False,Likely Spoiled,Not Suitable,10.007335,Not Suitable,2,2,True,False
20260429_192727.jpg,3,Pork Belly,not fresh,15:23:49,E:\Thesis Code\processed_hsv_lab_threshold_roi_224\sample 3\not fresh\20260429_192727.jpg,pork_belly_sample_3,belly,cross_rotation,all,meatlens,all,all,all,file_destination,E:\Thesis Code\processed_hsv_lab_threshold_roi_224\sample 3\not fresh\20260429_192727.jpg,False,researcher_home,old_phone,,not fresh,not fresh,0.0023050497,0.5478658,0.44982916,not fresh,0.5478658,spoiled,0.44982916,0.99769497,0.09803665,0,True,True,True,False,True,True,Borderline Spoiled / Advanced Not Fresh,Not Suitable / Manual inspection recommended,34.861416,Not Suitable,1,1,True,False
09-11-2022 10-35-35_jpg.rf.BCAU6kl3B95a2m96dXO6.jpg,11,Various Pork Meat,spoiled,,E:\Thesis Code\processed_hsv_lab_threshold_roi_224\sample 11\spoiled\09-11-2022 10-35-35_jpg.rf.BCAU6kl3B95a2m96dXO6.jpg,various_pork_meat_sample_11,various,cross_rotation,all,public_dataset_2,all,all,all,file_destination,E:\Thesis Code\processed_hsv_lab_threshold_roi_224\sample 11\spoiled\09-11-2022 10-35-35_jpg.rf.BCAU6kl3B95a2m96dXO6.jpg,False,public_dataset_2,public_dataset_2,,spoiled,spoiled,0.11663323,0.44072387,0.44264296,spoiled,0.44264296,not fresh,0.44072387,0.8833668,0.0019190907,0,True,True,True,False,True,True,Borderline Spoiled / Advanced Not Fresh,Not Suitable / Manual inspection recommended,40.329567,Consume Immediately,2,2,True,False
08-11-2022 22-17-19_jpg.rf.YSYzlFWEq0NrF2Fag7yg.jpg,11,Various Pork Meat,not fresh,,E:\Thesis Code\processed_hsv_lab_threshold_roi_224\sample 11\half fresh\08-11-2022 22-17-19_jpg.rf.YSYzlFWEq0NrF2Fag7yg.jpg,various_pork_meat_sample_11,various,cross_rotation,all,public_dataset_2,all,all,all,file_destination,E:\Thesis Code\processed_hsv_lab_threshold_roi_224\sample 11\half fresh\08-11-2022 22-17-19_jpg.rf.YSYzlFWEq0NrF2Fag7yg.jpg,False,public_dataset_2,public_dataset_2,,not fresh,fresh,0.8334107,0.15415508,0.012434205,fresh,0.8334107,not fresh,0.15415508,0.98756576,0.6792556,1,False,True,True,False,True,False,Borderline Fresh / Early Not Fresh,Consume Immediately / Check carefully,91.94394,Good for Consumption,0,1,True,False
08-11-2022 12-47-16_jpg.rf.xf1GOFXClQM9RZwO5DPT.jpg,11,Various Pork Meat,fresh,,E:\Thesis Code\processed_hsv_lab_threshold_roi_224\sample 11\fresh\08-11-2022 12-47-16_jpg.rf.xf1GOFXClQM9RZwO5DPT.jpg,various_pork_meat_sample_11,various,cross_rotation,all,public_dataset_2,all,all,all,file_destination,E:\Thesis Code\processed_hsv_lab_threshold_roi_224\sample 11\fresh\08-11-2022 12-47-16_jpg.rf.xf1GOFXClQM9RZwO5DPT.jpg,False,public_dataset_2,public_dataset_2,,fresh,fresh,0.9655325,0.033797022,0.0006704126,fresh,0.9655325,not fresh,0.033797022,0.9993295,0.93173546,0,True,True,True,False,False,False,Likely Fresh,Good for Consumption,98.418785,Good for Consumption,0,0,True,False
20260430_140641.jpg,3,Pork Belly,spoiled,28:03:37,E:\Thesis Code\processed_hsv_lab_threshold_roi_224\sample 3\spoiled\20260430_140641.jpg,pork_belly_sample_3,belly,cross_rotation,all,meatlens,all,all,all,file_destination,E:\Thesis Code\processed_hsv_lab_threshold_roi_224\sample 3\spoiled\20260430_140641.jpg,False,researcher_home,old_phone,,spoiled,spoiled,0.0015219866,0.0018552499,0.9966228,spoiled,0.9966228,not fresh,0.0018552499,0.99847806,0.99476755,0,True,True,True,False,False,False,Likely Spoiled,Not Suitable,10.220466,Not Suitable,2,2,True,False
20260423_110837.jpg,2,Pork Shoulder,not fresh,06:59:42,E:\Thesis Code\processed_hsv_lab_threshold_roi_224\sample 2\not fresh\20260423_110837.jpg,pork_shoulder_sample_2,shoulder,cross_rotation,all,meatlens,all,all,all,file_destination,E:\Thesis Code\processed_hsv_lab_threshold_roi_224\sample 2\not fresh\20260423_110837.jpg,False,partner_home,old_phone,,not fresh,not fresh,0.029529177,0.9581536,0.0123172235,not fresh,0.9581536,fresh,0.029529177,0.98768276,0.92862445,0,True,True,True,False,False,False,Likely Not Fresh,Consume Immediately / Manual inspection recommended,55.77454,Consume Immediately,1,1,True,False
20260624_230700.jpg,9,Pork Hind Leg,spoiled,24:00:00,E:\Thesis Code\processed_hsv_lab_threshold_roi_224\sample 9\spoiled\20260624_230700.jpg,pork_hind_leg_sample_9,hind_leg,cross_rotation,all,public_dataset_2,all,all,all,file_destination,E:\Thesis Code\processed_hsv_lab_threshold_roi_224\sample 9\spoiled\20260624_230700.jpg,False,public_dataset_2,public_dataset_2,,spoiled,spoiled,0.043653086,0.35136127,0.6049856,spoiled,0.6049856,not fresh,0.35136127,0.95634687,0.25362432,0,True,True,True,False,True,False,Borderline Spoiled / Advanced Not Fresh,Not Suitable / Manual inspection recommended,29.740034,Not Suitable,2,2,True,False
SPOILED-479-_JPG.rf.e38d4b914d9ad1ef813e301c62645630.jpg,12,Various Pork Meat,spoiled,,E:\Thesis Code\processed_hsv_lab_threshold_roi_224\sample 12\spoiled\SPOILED-479-_JPG.rf.e38d4b914d9ad1ef813e301c62645630.jpg,various_pork_meat_sample_12,various,cross_rotation,all,public_dataset_2,all,all,all,file_destination,E:\Thesis Code\processed_hsv_lab_threshold_roi_224\sample 12\spoiled\SPOILED-479-_JPG.rf.e38d4b914d9ad1ef813e301c62645630.jpg,False,public_dataset_2,public_dataset_2,,spoiled,spoiled,0.016810894,0.053190537,0.9299986,spoiled,0.9299986,not fresh,0.053190537,0.9831891,0.87680805,0,True,True,True,False,False,False,Likely Spoiled,Not Suitable,13.906554,Not Suitable,2,2,True,False
20260423_123416.jpg,2,Pork Shoulder,not fresh,08:33:46,E:\Thesis Code\processed_hsv_lab_threshold_roi_224\sample 2\not fresh\20260423_123416.jpg,pork_shoulder_sample_2,shoulder,cross_rotation,all,meatlens,all,all,all,file_destination,E:\Thesis Code\processed_hsv_lab_threshold_roi_224\sample 2\not fresh\20260423_123416.jpg,False,partner_home,old_phone,,not fresh,not fresh,0.009203005,0.98370403,0.0070929765,not fresh,0.98370403,fresh,0.009203005,0.99290705,0.974501,0,True,True,True,False,False,False,Likely Not Fresh,Consume Immediately / Manual inspection recommended,55.09495,Consume Immediately,1,1,True,False
20260624_140748.jpg,9,Pork Hind Leg,not fresh,12:00:00,E:\Thesis Code\processed_hsv_lab_threshold_roi_224\sample 9\not fresh\20260624_140748.jpg,pork_hind_leg_sample_9,hind_leg,cross_rotation,all,public_dataset_2,all,all,all,file_destination,E:\Thesis Code\processed_hsv_lab_threshold_roi_224\sample 9\not fresh\20260624_140748.jpg,False,public_dataset_2,public_dataset_2,,not fresh,not fresh,0.24260922,0.56391466,0.19347622,not fresh,0.56391466,fresh,0.24260922,0.80652386,0.32130545,0,True,True,True,False,True,True,Borderline Fresh / Early Not Fresh,Consume Immediately / Check carefully,57.21099,Consume Immediately,1,1,True,False
SPOILED-293-_JPG.rf.ca25bf0762b0af7794c6928665eee849.jpg,12,Various Pork Meat,spoiled,,E:\Thesis Code\processed_hsv_lab_threshold_roi_224\sample 12\spoiled\SPOILED-293-_JPG.rf.ca25bf0762b0af7794c6928665eee849.jpg,various_pork_meat_sample_12,various,cross_rotation,all,public_dataset_2,all,all,all,file_destination,E:\Thesis Code\processed_hsv_lab_threshold_roi_224\sample 12\spoiled\SPOILED-293-_JPG.rf.ca25bf0762b0af7794c6928665eee849.jpg,False,public_dataset_2,public_dataset_2,,spoiled,fresh,0.38935,0.23035315,0.3802968,fresh,0.38935,spoiled,0.3802968,0.76964676,0.0090532005,2,False,True,False,True,True,True,Uncertain / Non-adjacent Class Conflict,No reliable result / Retake image,55.40739,Consume Immediately,0,2,False,True
20260429_065301.jpg,3,Pork Belly,fresh,07:31:17,E:\Thesis Code\processed_hsv_lab_threshold_roi_224\sample 3\fresh\20260429_065301.jpg,pork_belly_sample_3,belly,cross_rotation,all,meatlens,all,all,all,file_destination,E:\Thesis Code\processed_hsv_lab_threshold_roi_224\sample 3\fresh\20260429_065301.jpg,False,researcher_home,old_phone,,fresh,fresh,0.9863959,0.012617693,0.0009863491,fresh,0.9863959,not fresh,0.012617693,0.9990136,0.9737782,0,True,True,True,False,False,False,Likely Fresh,Good for Consumption,99.34343,Good for Consumption,0,0,True,False
20260424_124445.jpg,1,Pork Shoulder,not fresh,08:43:25,E:\Thesis Code\processed_hsv_lab_threshold_roi_224\sample 1\not fresh\20260424_124445.jpg,pork_shoulder_sample_1,shoulder,cross_rotation,all,meatlens,all,all,all,file_destination,E:\Thesis Code\processed_hsv_lab_threshold_roi_224\sample 1\not fresh\20260424_124445.jpg,False,researcher_home,old_phone,,not fresh,not fresh,0.011614699,0.9822241,0.006161236,not fresh,0.9822241,fresh,0.011614699,0.9938388,0.9706094,0,True,True,True,False,False,False,Likely Not Fresh,Consume Immediately / Manual inspection recommended,55.245407,Consume Immediately,1,1,True,False
20260624_121359.jpg,9,Pork Hind Leg,not fresh,12:00:00,E:\Thesis Code\processed_hsv_lab_threshold_roi_224\sample 9\not fresh\20260624_121359.jpg,pork_hind_leg_sample_9,hind_leg,cross_rotation,all,public_dataset_2,all,all,all,file_destination,E:\Thesis Code\processed_hsv_lab_threshold_roi_224\sample 9\not fresh\20260624_121359.jpg,False,public_dataset_2,public_dataset_2,,not fresh,not fresh,0.3161639,0.5748549,0.10898121,not fresh,0.5748549,fresh,0.3161639,0.8910188,0.258691,0,True,True,True,False,True,True,Borderline Fresh / Early Not Fresh,Consume Immediately / Check carefully,64.32322,Consume Immediately,1,1,True,False
IMG20260509171935.jpg,6,Pork Ham,spoiled,24:27:08,E:\Thesis Code\processed_hsv_lab_threshold_roi_224\sample 6\spoiled\IMG20260509171935.jpg,pork_ham_sample_6,ham,cross_rotation,all,meatlens,all,all,all,file_destination,E:\Thesis Code\processed_hsv_lab_threshold_roi_224\sample 6\spoiled\IMG20260509171935.jpg,False,partner_home,new_phone,,spoiled,spoiled,1.746491e-05,0.004599561,0.99538296,spoiled,0.99538296,not fresh,0.004599561,0.99998254,0.9907834,0,True,True,True,False,False,False,Likely Spoiled,Not Suitable,10.208552,Not Suitable,2,2,True,False
IMG_20260508_052138.jpg,5,Pork Ham,fresh,01:07:32,E:\Thesis Code\processed_hsv_lab_threshold_roi_224\sample 5\fresh\IMG_20260508_052138.jpg,pork_ham_sample_5,ham,cross_rotation,all,meatlens,all,all,all,file_destination,E:\Thesis Code\processed_hsv_lab_threshold_roi_224\sample 5\fresh\IMG_20260508_052138.jpg,False,researcher_home,new_phone,,fresh,fresh,0.9950511,0.004586834,0.00036198678,fresh,0.9950511,not fresh,0.004586834,0.9996379,0.99046427,0,True,True,True,False,False,False,Likely Fresh,Good for Consumption,99.761,Good for Consumption,0,0,True,False
HALF-FRESH-705-_JPG.rf.1385aa608d4f0d97cce24a7910e47a6a.jpg,12,Various Pork Meat,not fresh,,E:\Thesis Code\processed_hsv_lab_threshold_roi_224\sample 12\not fresh\HALF-FRESH-705-_JPG.rf.1385aa608d4f0d97cce24a7910e47a6a.jpg,various_pork_meat_sample_12,various,cross_rotation,all,public_dataset_2,all,all,all,file_destination,E:\Thesis Code\processed_hsv_lab_threshold_roi_224\sample 12\not fresh\HALF-FRESH-705-_JPG.rf.1385aa608d4f0d97cce24a7910e47a6a.jpg,False,public_dataset_2,public_dataset_2,,not fresh,not fresh,0.046483472,0.7082427,0.24527384,not fresh,0.7082427,spoiled,0.24527384,0.95351654,0.4629689,0,True,True,True,False,True,False,Borderline Spoiled / Advanced Not Fresh,Not Suitable / Manual inspection recommended,46.054436,Consume Immediately,1,1,True,False
08-11-2022 21-43-58_jpg.rf.CeEAAF62PP5s8xfdKiBD.jpg,11,Various Pork Meat,not fresh,,E:\Thesis Code\processed_hsv_lab_threshold_roi_224\sample 11\half fresh\08-11-2022 21-43-58_jpg.rf.CeEAAF62PP5s8xfdKiBD.jpg,various_pork_meat_sample_11,various,cross_rotation,all,public_dataset_2,all,all,all,file_destination,E:\Thesis Code\processed_hsv_lab_threshold_roi_224\sample 11\half fresh\08-11-2022 21-43-58_jpg.rf.CeEAAF62PP5s8xfdKiBD.jpg,False,public_dataset_2,public_dataset_2,,not fresh,not fresh,0.1793442,0.7872879,0.03336783,not fresh,0.7872879,fresh,0.1793442,0.9666321,0.60794365,0,True,True,True,False,True,False,Borderline Fresh / Early Not Fresh,Consume Immediately / Check carefully,61.56893,Consume Immediately,1,1,True,False
IMG_20260509_173729.jpg,5,Pork Ham,spoiled,26:47:38,E:\Thesis Code\processed_hsv_lab_threshold_roi_224\sample 5\spoiled\IMG_20260509_173729.jpg,pork_ham_sample_5,ham,cross_rotation,all,meatlens,all,all,all,file_destination,E:\Thesis Code\processed_hsv_lab_threshold_roi_224\sample 5\spoiled\IMG_20260509_173729.jpg,False,researcher_home,new_phone,,spoiled,spoiled,0.00021402627,0.009865962,0.98992,spoiled,0.98992,not fresh,0.009865962,0.99978596,0.9800541,0,True,True,True,False,False,False,Likely Spoiled,Not Suitable,10.463231,Not Suitable,2,2,True,False
20260704_112724.jpg,10,Pork Belly,spoiled,24:00:00,E:\Thesis Code\processed_hsv_lab_threshold_roi_224\sample 10\spoiled\20260704_112724.jpg,pork_belly_sample_10,belly,cross_rotation,all,public_dataset_2,all,all,all,file_destination,E:\Thesis Code\processed_hsv_lab_threshold_roi_224\sample 10\spoiled\20260704_112724.jpg,False,public_dataset_2,public_dataset_2,,spoiled,spoiled,0.0013949694,0.002642973,0.995962,spoiled,0.995962,not fresh,0.002642973,0.998605,0.99331903,0,True,True,True,False,False,False,Likely Spoiled,Not Suitable,10.244481,Not Suitable,2,2,True,False
20260501_021858.jpg,3,Pork Belly,spoiled,35:35:53,E:\Thesis Code\processed_hsv_lab_threshold_roi_224\sample 3\spoiled\20260501_021858.jpg,pork_belly_sample_3,belly,cross_rotation,all,meatlens,all,all,all,file_destination,E:\Thesis Code\processed_hsv_lab_threshold_roi_224\sample 3\spoiled\20260501_021858.jpg,False,researcher_home,old_phone,,spoiled,spoiled,1.20962695e-05,0.0017664739,0.99822146,spoiled,0.99822146,not fresh,0.0017664739,0.99998796,0.99645495,0,True,True,True,False,False,False,Likely Spoiled,Not Suitable,10.080581,Not Suitable,2,2,True,False
IMG_20260508_191724.jpg,5,Pork Ham,not fresh,15:06:56,E:\Thesis Code\processed_hsv_lab_threshold_roi_224\sample 5\not fresh\IMG_20260508_191724.jpg,pork_ham_sample_5,ham,cross_rotation,all,meatlens,all,all,all,file_destination,E:\Thesis Code\processed_hsv_lab_threshold_roi_224\sample 5\not fresh\IMG_20260508_191724.jpg,False,researcher_home,new_phone,,not fresh,not fresh,0.03814246,0.71939814,0.24245936,not fresh,0.71939814,spoiled,0.24245936,0.9618575,0.47693878,0,True,True,True,False,True,False,Borderline Spoiled / Advanced Not Fresh,Not Suitable / Manual inspection recommended,45.805737,Consume Immediately,1,1,True,False
IMG20260508091700.jpg,6,Pork Ham,fresh,04:23:49,E:\Thesis Code\processed_hsv_lab_threshold_roi_224\sample 6\fresh\IMG20260508091700.jpg,pork_ham_sample_6,ham,cross_rotation,all,meatlens,all,all,all,file_destination,E:\Thesis Code\processed_hsv_lab_threshold_roi_224\sample 6\fresh\IMG20260508091700.jpg,False,partner_home,new_phone,,fresh,fresh,0.9561682,0.04260558,0.0012262253,fresh,0.9561682,not fresh,0.04260558,0.99877375,0.9135626,0,True,True,True,False,False,False,Likely Fresh,Good for Consumption,97.97239,Good for Consumption,0,0,True,False
IMG20260423063057.jpg,2,Pork Shoulder,fresh,00:14:28,E:\Thesis Code\processed_hsv_lab_threshold_roi_224\sample 2\fresh\IMG20260423063057.jpg,pork_shoulder_sample_2,shoulder,cross_rotation,all,meatlens,all,all,all,file_destination,E:\Thesis Code\processed_hsv_lab_threshold_roi_224\sample 2\fresh\IMG20260423063057.jpg,False,partner_home,old_phone,,fresh,fresh,0.99689037,0.00075932505,0.0023502146,fresh,0.99689037,spoiled,0.0023502146,0.9992406,0.99454015,0,True,True,True,False,False,False,Likely Fresh,Good for Consumption,99.7543,Good for Consumption,0,0,False,False
20260429_141500.jpg,4,Pork Belly,not fresh,06:01:49,E:\Thesis Code\processed_hsv_lab_threshold_roi_224\sample 4\not fresh\20260429_141500.jpg,pork_belly_sample_4,belly,cross_rotation,all,meatlens,all,all,all,file_destination,E:\Thesis Code\processed_hsv_lab_threshold_roi_224\sample 4\not fresh\20260429_141500.jpg,False,partner_home,old_phone,,not fresh,not fresh,0.1420197,0.81763303,0.040347308,not fresh,0.81763303,fresh,0.1420197,0.9596527,0.67561334,0,True,True,True,False,True,False,Borderline Fresh / Early Not Fresh,Consume Immediately / Check carefully,59.57526,Consume Immediately,1,1,True,False
SPOILED-1018-_JPG.rf.6f665e6a8d10641d98fe1ddcd9a43b2d.jpg,12,Various Pork Meat,spoiled,,E:\Thesis Code\processed_hsv_lab_threshold_roi_224\sample 12\spoiled\SPOILED-1018-_JPG.rf.6f665e6a8d10641d98fe1ddcd9a43b2d.jpg,various_pork_meat_sample_12,various,cross_rotation,all,public_dataset_2,all,all,all,file_destination,E:\Thesis Code\processed_hsv_lab_threshold_roi_224\sample 12\spoiled\SPOILED-1018-_JPG.rf.6f665e6a8d10641d98fe1ddcd9a43b2d.jpg,False,public_dataset_2,public_dataset_2,,spoiled,spoiled,0.00493053,0.061805665,0.9332638,spoiled,0.9332638,not fresh,0.061805665,0.99506944,0.8714581,0,True,True,True,False,False,False,Likely Spoiled,Not Suitable,13.225002,Not Suitable,2,2,True,False
20260516_235622.jpg,8,Pork Loin,spoiled,21:11:09,E:\Thesis Code\processed_hsv_lab_threshold_roi_224\sample 8\spoiled\20260516_235622.jpg,pork_loin_sample_8,loin,cross_rotation,all,meatlens,all,all,all,file_destination,E:\Thesis Code\processed_hsv_lab_threshold_roi_224\sample 8\spoiled\20260516_235622.jpg,False,partner_home,new_phone,,spoiled,spoiled,0.0035058751,0.23730956,0.75918454,spoiled,0.75918454,not fresh,0.23730956,0.9964941,0.52187496,0,True,True,True,False,True,False,Borderline Spoiled / Advanced Not Fresh,Not Suitable / Manual inspection recommended,20.99446,Not Suitable,2,2,True,False
IMG20260423071759.jpg,2,Pork Shoulder,fresh,01:26:50,E:\Thesis Code\processed_hsv_lab_threshold_roi_224\sample 2\fresh\IMG20260423071759.jpg,pork_shoulder_sample_2,shoulder,cross_rotation,all,meatlens,all,all,all,file_destination,E:\Thesis Code\processed_hsv_lab_threshold_roi_224\sample 2\fresh\IMG20260423071759.jpg,False,partner_home,old_phone,,fresh,fresh,0.99032664,0.0039659734,0.005707429,fresh,0.99032664,spoiled,0.005707429,0.9960341,0.9846192,0,True,True,True,False,False,False,Likely Fresh,Good for Consumption,99.30787,Good for Consumption,0,0,False,False
20260624_145841.jpg,9,Pork Hind Leg,not fresh,12:00:00,E:\Thesis Code\processed_hsv_lab_threshold_roi_224\sample 9\not fresh\20260624_145841.jpg,pork_hind_leg_sample_9,hind_leg,cross_rotation,all,public_dataset_2,all,all,all,file_destination,E:\Thesis Code\processed_hsv_lab_threshold_roi_224\sample 9\not fresh\20260624_145841.jpg,False,public_dataset_2,public_dataset_2,,not fresh,not fresh,0.079964295,0.7643775,0.15565816,not fresh,0.7643775,spoiled,0.15565816,0.9200356,0.60871935,0,True,True,True,False,True,False,Borderline Spoiled / Advanced Not Fresh,Not Suitable / Manual inspection recommended,51.593773,Consume Immediately,1,1,True,False
20260516_201016.jpg,8,Pork Loin,spoiled,16:36:47,E:\Thesis Code\processed_hsv_lab_threshold_roi_224\sample 8\spoiled\20260516_201016.jpg,pork_loin_sample_8,loin,cross_rotation,all,meatlens,all,all,all,file_destination,E:\Thesis Code\processed_hsv_lab_threshold_roi_224\sample 8\spoiled\20260516_201016.jpg,False,partner_home,new_phone,,spoiled,spoiled,0.0012322767,0.35645983,0.64230794,spoiled,0.64230794,not fresh,0.35645983,0.99876773,0.2858481,0,True,True,True,False,True,False,Borderline Spoiled / Advanced Not Fresh,Not Suitable / Manual inspection recommended,26.151598,Not Suitable,2,2,True,False
HALF-FRESH-23-_JPG.rf.c25e501adcddb51e55351ab65450757e.jpg,12,Various Pork Meat,not fresh,,E:\Thesis Code\processed_hsv_lab_threshold_roi_224\sample 12\not fresh\HALF-FRESH-23-_JPG.rf.c25e501adcddb51e55351ab65450757e.jpg,various_pork_meat_sample_12,various,cross_rotation,all,public_dataset_2,all,all,all,file_destination,E:\Thesis Code\processed_hsv_lab_threshold_roi_224\sample 12\not fresh\HALF-FRESH-23-_JPG.rf.c25e501adcddb51e55351ab65450757e.jpg,False,public_dataset_2,public_dataset_2,,not fresh,not fresh,0.47033224,0.52006954,0.00959822,not fresh,0.52006954,fresh,0.47033224,0.99040174,0.049737304,0,True,True,True,False,True,True,Borderline Fresh / Early Not Fresh,Consume Immediately / Check carefully,75.73303,Good for Consumption,1,1,True,False
IMG_20260508_112545.jpg,5,Pork Ham,fresh,07:23:49,E:\Thesis Code\processed_hsv_lab_threshold_roi_224\sample 5\fresh\IMG_20260508_112545.jpg,pork_ham_sample_5,ham,cross_rotation,all,meatlens,all,all,all,file_destination,E:\Thesis Code\processed_hsv_lab_threshold_roi_224\sample 5\fresh\IMG_20260508_112545.jpg,False,researcher_home,new_phone,,fresh,fresh,0.95578516,0.042344734,0.0018700594,fresh,0.95578516,not fresh,0.042344734,0.9981299,0.9134404,0,True,True,True,False,False,False,Likely Fresh,Good for Consumption,97.92618,Good for Consumption,0,0,True,False
20260517_201049.jpg,8,Pork Loin,spoiled,39:36:29,E:\Thesis Code\processed_hsv_lab_threshold_roi_224\sample 8\spoiled\20260517_201049.jpg,pork_loin_sample_8,loin,cross_rotation,all,meatlens,all,all,all,file_destination,E:\Thesis Code\processed_hsv_lab_threshold_roi_224\sample 8\spoiled\20260517_201049.jpg,False,partner_home,new_phone,,spoiled,spoiled,3.0516732e-05,0.006630252,0.99333924,spoiled,0.99333924,not fresh,0.006630252,0.9999695,0.986709,0,True,True,True,False,False,False,Likely Spoiled,Not Suitable,10.301108,Not Suitable,2,2,True,False
IMG_20260508_194424.jpg,5,Pork Ham,not fresh,15:33:28,E:\Thesis Code\processed_hsv_lab_threshold_roi_224\sample 5\not fresh\IMG_20260508_194424.jpg,pork_ham_sample_5,ham,cross_rotation,all,meatlens,all,all,all,file_destination,E:\Thesis Code\processed_hsv_lab_threshold_roi_224\sample 5\not fresh\IMG_20260508_194424.jpg,False,researcher_home,new_phone,,not fresh,not fresh,0.0060499553,0.6628214,0.3311286,not fresh,0.6628214,spoiled,0.3311286,0.99395,0.3316928,0,True,True,True,False,True,False,Borderline Spoiled / Advanced Not Fresh,Not Suitable / Manual inspection recommended,40.37146,Consume Immediately,1,1,True,False
20260423_133723.jpg,2,Pork Shoulder,not fresh,09:42:31,E:\Thesis Code\processed_hsv_lab_threshold_roi_224\sample 2\not fresh\20260423_133723.jpg,pork_shoulder_sample_2,shoulder,cross_rotation,all,meatlens,all,all,all,file_destination,E:\Thesis Code\processed_hsv_lab_threshold_roi_224\sample 2\not fresh\20260423_133723.jpg,False,partner_home,old_phone,,not fresh,not fresh,0.021941023,0.953987,0.024072014,not fresh,0.953987,spoiled,0.024072014,0.978059,0.929915,0,True,True,True,False,False,False,Likely Not Fresh,Consume Immediately / Manual inspection recommended,54.904106,Consume Immediately,1,1,True,False
20260625_115734.jpg,9,Pork Hind Leg,spoiled,24:00:00,E:\Thesis Code\processed_hsv_lab_threshold_roi_224\sample 9\spoiled\20260625_115734.jpg,pork_hind_leg_sample_9,hind_leg,cross_rotation,all,public_dataset_2,all,all,all,file_destination,E:\Thesis Code\processed_hsv_lab_threshold_roi_224\sample 9\spoiled\20260625_115734.jpg,False,public_dataset_2,public_dataset_2,,spoiled,spoiled,0.059051156,0.02635523,0.91459364,spoiled,0.91459364,fresh,0.059051156,0.9736448,0.8555425,0,True,True,True,False,False,False,Likely Spoiled,Not Suitable,16.50059,Not Suitable,2,2,False,False
20260703_070440.jpg,10,Pork Belly,fresh,04:00:00,E:\Thesis Code\processed_hsv_lab_threshold_roi_224\sample 10\fresh\20260703_070440.jpg,pork_belly_sample_10,belly,cross_rotation,all,public_dataset_2,all,all,all,file_destination,E:\Thesis Code\processed_hsv_lab_threshold_roi_224\sample 10\fresh\20260703_070440.jpg,False,public_dataset_2,public_dataset_2,,fresh,fresh,0.9665113,0.029874383,0.0036142215,fresh,0.9665113,not fresh,0.029874383,0.9963857,0.9366369,0,True,True,True,False,False,False,Likely Fresh,Good for Consumption,98.33036,Good for Consumption,0,0,True,False
20260516_141527.jpg,8,Pork Loin,not fresh,10:09:57,E:\Thesis Code\processed_hsv_lab_threshold_roi_224\sample 8\not fresh\20260516_141527.jpg,pork_loin_sample_8,loin,cross_rotation,all,meatlens,all,all,all,file_destination,E:\Thesis Code\processed_hsv_lab_threshold_roi_224\sample 8\not fresh\20260516_141527.jpg,False,partner_home,new_phone,,not fresh,not fresh,0.020069592,0.95515615,0.024774252,not fresh,0.95515615,spoiled,0.024774252,0.9799304,0.9303819,0,True,True,True,False,False,False,Likely Not Fresh,Consume Immediately / Manual inspection recommended,54.78829,Consume Immediately,1,1,True,False
IMG_20260508_062039.jpg,5,Pork Ham,fresh,02:07:50,E:\Thesis Code\processed_hsv_lab_threshold_roi_224\sample 5\fresh\IMG_20260508_062039.jpg,pork_ham_sample_5,ham,cross_rotation,all,meatlens,all,all,all,file_destination,E:\Thesis Code\processed_hsv_lab_threshold_roi_224\sample 5\fresh\IMG_20260508_062039.jpg,False,researcher_home,new_phone,,fresh,fresh,0.9982187,0.0016185417,0.00016265387,fresh,0.9982187,not fresh,0.0016185417,0.9998373,0.99660015,0,True,True,True,False,False,False,Likely Fresh,Good for Consumption,99.91252,Good for Consumption,0,0,True,False
IMG_20260517_190634.jpg,7,Pork Loin,not fresh,13:11:27,E:\Thesis Code\processed_hsv_lab_threshold_roi_224\sample 7\not fresh\IMG_20260517_190634.jpg,pork_loin_sample_7,loin,cross_rotation,all,meatlens,all,all,all,file_destination,E:\Thesis Code\processed_hsv_lab_threshold_roi_224\sample 7\not fresh\IMG_20260517_190634.jpg,False,researcher_home,new_phone,,not fresh,not fresh,0.0048805494,0.76818323,0.22693618,not fresh,0.76818323,spoiled,0.22693618,0.9951194,0.54124707,0,True,True,True,False,True,False,Borderline Spoiled / Advanced Not Fresh,Not Suitable / Manual inspection recommended,45.007496,Consume Immediately,1,1,True,False
FRESH-315-_JPG.rf.96828225c8e58bac9ff56d9ec810f2b0.jpg,12,Various Pork Meat,fresh,,E:\Thesis Code\processed_hsv_lab_threshold_roi_224\sample 12\fresh\FRESH-315-_JPG.rf.96828225c8e58bac9ff56d9ec810f2b0.jpg,various_pork_meat_sample_12,various,cross_rotation,all,public_dataset_2,all,all,all,file_destination,E:\Thesis Code\processed_hsv_lab_threshold_roi_224\sample 12\fresh\FRESH-315-_JPG.rf.96828225c8e58bac9ff56d9ec810f2b0.jpg,False,public_dataset_2,public_dataset_2,,fresh,not fresh,0.09617399,0.7515681,0.15225789,not fresh,0.7515681,spoiled,0.15225789,0.903826,0.59931016,1,False,False,True,False,True,False,Borderline Spoiled / Advanced Not Fresh,Not Suitable / Manual inspection recommended,52.476223,Consume Immediately,1,0,True,False
20260425_095717.jpg,1,Pork Shoulder,spoiled,29:59:24,E:\Thesis Code\processed_hsv_lab_threshold_roi_224\sample 1\spoiled\20260425_095717.jpg,pork_shoulder_sample_1,shoulder,cross_rotation,all,meatlens,all,all,all,file_destination,E:\Thesis Code\processed_hsv_lab_threshold_roi_224\sample 1\spoiled\20260425_095717.jpg,False,researcher_home,old_phone,,spoiled,spoiled,0.00023921655,0.029851949,0.9699089,spoiled,0.9699089,not fresh,0.029851949,0.99976087,0.9400569,0,True,True,True,False,False,False,Likely Spoiled,Not Suitable,11.364868,Not Suitable,2,2,True,False
IMG20260508102635.jpg,6,Pork Ham,fresh,06:09:21,E:\Thesis Code\processed_hsv_lab_threshold_roi_224\sample 6\fresh\IMG20260508102635.jpg,pork_ham_sample_6,ham,cross_rotation,all,meatlens,all,all,all,file_destination,E:\Thesis Code\processed_hsv_lab_threshold_roi_224\sample 6\fresh\IMG20260508102635.jpg,False,partner_home,new_phone,,fresh,fresh,0.8334309,0.16152918,0.0050398232,fresh,0.8334309,not fresh,0.16152918,0.99496007,0.6719017,0,True,True,True,False,True,False,Borderline Fresh / Early Not Fresh,Consume Immediately / Check carefully,92.277596,Good for Consumption,0,0,True,False
20260430_002630.jpg,3,Pork Belly,spoiled,18:54:52,E:\Thesis Code\processed_hsv_lab_threshold_roi_224\sample 3\spoiled\20260430_002630.jpg,pork_belly_sample_3,belly,cross_rotation,all,meatlens,all,all,all,file_destination,E:\Thesis Code\processed_hsv_lab_threshold_roi_224\sample 3\spoiled\20260430_002630.jpg,False,researcher_home,old_phone,,spoiled,spoiled,0.0016742285,0.20203353,0.7962922,spoiled,0.7962922,not fresh,0.20203353,0.9983257,0.59425867,0,True,True,True,False,True,False,Borderline Spoiled / Advanced Not Fresh,Not Suitable / Manual inspection recommended,19.24219,Not Suitable,2,2,True,False
20260624_100638.jpg,9,Pork Hind Leg,fresh,04:00:00,E:\Thesis Code\processed_hsv_lab_threshold_roi_224\sample 9\fresh\20260624_100638.jpg,pork_hind_leg_sample_9,hind_leg,cross_rotation,all,public_dataset_2,all,all,all,file_destination,E:\Thesis Code\processed_hsv_lab_threshold_roi_224\sample 9\fresh\20260624_100638.jpg,False,public_dataset_2,public_dataset_2,,fresh,fresh,0.7838769,0.20759614,0.0085270265,fresh,0.7838769,not fresh,0.20759614,0.991473,0.5762808,0,True,True,True,False,True,False,Borderline Fresh / Early Not Fresh,Consume Immediately / Check carefully,89.89075,Good for Consumption,0,0,True,False
20260703_155652.jpg,10,Pork Belly,not fresh,12:00:00,E:\Thesis Code\processed_hsv_lab_threshold_roi_224\sample 10\not fresh\20260703_155652.jpg,pork_belly_sample_10,belly,cross_rotation,all,public_dataset_2,all,all,all,file_destination,E:\Thesis Code\processed_hsv_lab_threshold_roi_224\sample 10\not fresh\20260703_155652.jpg,False,public_dataset_2,public_dataset_2,,not fresh,not fresh,0.012290166,0.7579959,0.22971395,not fresh,0.7579959,spoiled,0.22971395,0.9877099,0.5282819,0,True,True,True,False,True,False,Borderline Spoiled / Advanced Not Fresh,Not Suitable / Manual inspection recommended,45.21593,Consume Immediately,1,1,True,False
20260624_124134.jpg,9,Pork Hind Leg,not fresh,12:00:00,E:\Thesis Code\processed_hsv_lab_threshold_roi_224\sample 9\not fresh\20260624_124134.jpg,pork_hind_leg_sample_9,hind_leg,cross_rotation,all,public_dataset_2,all,all,all,file_destination,E:\Thesis Code\processed_hsv_lab_threshold_roi_224\sample 9\not fresh\20260624_124134.jpg,False,public_dataset_2,public_dataset_2,,not fresh,not fresh,0.2636348,0.6267005,0.109664746,not fresh,0.6267005,fresh,0.2636348,0.8903353,0.36306572,0,True,True,True,False,True,False,Borderline Fresh / Early Not Fresh,Consume Immediately / Check carefully,61.928658,Consume Immediately,1,1,True,False
20260517_143825.jpg,8,Pork Loin,spoiled,32:48:51,E:\Thesis Code\processed_hsv_lab_threshold_roi_224\sample 8\spoiled\20260517_143825.jpg,pork_loin_sample_8,loin,cross_rotation,all,meatlens,all,all,all,file_destination,E:\Thesis Code\processed_hsv_lab_threshold_roi_224\sample 8\spoiled\20260517_143825.jpg,False,partner_home,new_phone,,spoiled,spoiled,8.830172e-06,0.0046284506,0.99536264,spoiled,0.99536264,not fresh,0.0046284506,0.9999911,0.99073416,0,True,True,True,False,False,False,Likely Spoiled,Not Suitable,10.209074,Not Suitable,2,2,True,False
20260429_163352.jpg,4,Pork Belly,not fresh,09:42:31,E:\Thesis Code\processed_hsv_lab_threshold_roi_224\sample 4\not fresh\20260429_163352.jpg,pork_belly_sample_4,belly,cross_rotation,all,meatlens,all,all,all,file_destination,E:\Thesis Code\processed_hsv_lab_threshold_roi_224\sample 4\not fresh\20260429_163352.jpg,False,partner_home,old_phone,,not fresh,not fresh,0.00068133924,0.9757864,0.02353235,not fresh,0.9757864,spoiled,0.02353235,0.9993187,0.95225406,0,True,True,True,False,False,False,Likely Not Fresh,Consume Immediately / Manual inspection recommended,53.97171,Consume Immediately,1,1,True,False
20260429_053301.png,3,Pork Belly,fresh,04:51:17,E:\Thesis Code\processed_hsv_lab_threshold_roi_224\sample 3\fresh\20260429_053301.png,pork_belly_sample_3,belly,cross_rotation,all,meatlens,all,all,all,file_destination,E:\Thesis Code\processed_hsv_lab_threshold_roi_224\sample 3\fresh\20260429_053301.png,False,researcher_home,old_phone,,fresh,fresh,0.99120414,0.0082170535,0.00057884824,fresh,0.99120414,not fresh,0.0082170535,0.9994212,0.9829871,0,True,True,True,False,False,False,Likely Fresh,Good for Consumption,99.57814,Good for Consumption,0,0,True,False
20260516_092413.jpg,8,Pork Loin,fresh,05:01:49,E:\Thesis Code\processed_hsv_lab_threshold_roi_224\sample 8\fresh\20260516_092413.jpg,pork_loin_sample_8,loin,cross_rotation,all,meatlens,all,all,all,file_destination,E:\Thesis Code\processed_hsv_lab_threshold_roi_224\sample 8\fresh\20260516_092413.jpg,False,partner_home,new_phone,,fresh,fresh,0.9606554,0.038683742,0.00066085375,fresh,0.9606554,not fresh,0.038683742,0.9993391,0.9219717,0,True,True,True,False,False,False,Likely Fresh,Good for Consumption,98.19975,Good for Consumption,0,0,True,False
20260429_185326.jpg,3,Pork Belly,not fresh,14:50:03,E:\Thesis Code\processed_hsv_lab_threshold_roi_224\sample 3\not fresh\20260429_185326.jpg,pork_belly_sample_3,belly,cross_rotation,all,meatlens,all,all,all,file_destination,E:\Thesis Code\processed_hsv_lab_threshold_roi_224\sample 3\not fresh\20260429_185326.jpg,False,researcher_home,old_phone,,not fresh,not fresh,0.013059828,0.805405,0.18153523,not fresh,0.805405,spoiled,0.18153523,0.98694026,0.6238698,0,True,True,True,False,True,False,Borderline Spoiled / Advanced Not Fresh,Not Suitable / Manual inspection recommended,47.41861,Consume Immediately,1,1,True,False
IMG_20260508_094043.jpg,5,Pork Ham,fresh,05:35:17,E:\Thesis Code\processed_hsv_lab_threshold_roi_224\sample 5\fresh\IMG_20260508_094043.jpg,pork_ham_sample_5,ham,cross_rotation,all,meatlens,all,all,all,file_destination,E:\Thesis Code\processed_hsv_lab_threshold_roi_224\sample 5\fresh\IMG_20260508_094043.jpg,False,researcher_home,new_phone,,fresh,fresh,0.9978231,0.0020687715,0.00010816839,fresh,0.9978231,not fresh,0.0020687715,0.9998919,0.99575436,0,True,True,True,False,False,False,Likely Fresh,Good for Consumption,99.89718,Good for Consumption,0,0,True,False
IMG20260508072323.jpg,6,Pork Ham,fresh,01:30:45,E:\Thesis Code\processed_hsv_lab_threshold_roi_224\sample 6\fresh\IMG20260508072323.jpg,pork_ham_sample_6,ham,cross_rotation,all,meatlens,all,all,all,file_destination,E:\Thesis Code\processed_hsv_lab_threshold_roi_224\sample 6\fresh\IMG20260508072323.jpg,False,partner_home,new_phone,,fresh,fresh,0.99677783,0.0025695674,0.0006526106,fresh,0.99677783,not fresh,0.0025695674,0.9993474,0.9942083,0,True,True,True,False,False,False,Likely Fresh,Good for Consumption,99.82564,Good for Consumption,0,0,True,False
IMG_20260518_190226.jpg,7,Pork Loin,spoiled,35:25:38,E:\Thesis Code\processed_hsv_lab_threshold_roi_224\sample 7\spoiled\IMG_20260518_190226.jpg,pork_loin_sample_7,loin,cross_rotation,all,meatlens,all,all,all,file_destination,E:\Thesis Code\processed_hsv_lab_threshold_roi_224\sample 7\spoiled\IMG_20260518_190226.jpg,False,researcher_home,new_phone,,spoiled,spoiled,7.518446e-07,0.00012518917,0.999874,spoiled,0.999874,not fresh,0.00012518917,0.99999917,0.9997488,0,True,True,True,False,False,False,Likely Spoiled,Not Suitable,10.0057,Not Suitable,2,2,True,False
20260429_220446.jpg,4,Pork Belly,spoiled,17:11:09,E:\Thesis Code\processed_hsv_lab_threshold_roi_224\sample 4\spoiled\20260429_220446.jpg,pork_belly_sample_4,belly,cross_rotation,all,meatlens,all,all,all,file_destination,E:\Thesis Code\processed_hsv_lab_threshold_roi_224\sample 4\spoiled\20260429_220446.jpg,False,partner_home,old_phone,,spoiled,spoiled,0.0006066009,0.023583231,0.9758102,spoiled,0.9758102,not fresh,0.023583231,0.99939346,0.952227,0,True,True,True,False,False,False,Likely Spoiled,Not Suitable,11.11584,Not Suitable,2,2,True,False
FRESH-471-_JPG.rf.579ceaadd7a72678e417d0bc9e81ec38.jpg,12,Various Pork Meat,fresh,,E:\Thesis Code\processed_hsv_lab_threshold_roi_224\sample 12\fresh\FRESH-471-_JPG.rf.579ceaadd7a72678e417d0bc9e81ec38.jpg,various_pork_meat_sample_12,various,cross_rotation,all,public_dataset_2,all,all,all,file_destination,E:\Thesis Code\processed_hsv_lab_threshold_roi_224\sample 12\fresh\FRESH-471-_JPG.rf.579ceaadd7a72678e417d0bc9e81ec38.jpg,False,public_dataset_2,public_dataset_2,,fresh,not fresh,0.32218853,0.58653766,0.09127377,not fresh,0.58653766,fresh,0.32218853,0.9087262,0.26434913,1,False,True,True,False,True,True,Borderline Fresh / Early Not Fresh,Consume Immediately / Check carefully,65.39116,Consume Immediately,1,0,True,False
20260424_095441.jpg,1,Pork Shoulder,fresh,04:47:02,E:\Thesis Code\processed_hsv_lab_threshold_roi_224\sample 1\fresh\20260424_095441.jpg,pork_shoulder_sample_1,shoulder,cross_rotation,all,meatlens,all,all,all,file_destination,E:\Thesis Code\processed_hsv_lab_threshold_roi_224\sample 1\fresh\20260424_095441.jpg,False,researcher_home,old_phone,,fresh,fresh,0.99095833,0.0076186443,0.0014230501,fresh,0.99095833,not fresh,0.0076186443,0.998577,0.98333967,0,True,True,True,False,False,False,Likely Fresh,Good for Consumption,99.52909,Good for Consumption,0,0,True,False
20260430_221456.jpg,3,Pork Belly,spoiled,32:53:04,E:\Thesis Code\processed_hsv_lab_threshold_roi_224\sample 3\spoiled\20260430_221456.jpg,pork_belly_sample_3,belly,cross_rotation,all,meatlens,all,all,all,file_destination,E:\Thesis Code\processed_hsv_lab_threshold_roi_224\sample 3\spoiled\20260430_221456.jpg,False,researcher_home,old_phone,,spoiled,spoiled,2.0315241e-05,0.00036608908,0.9996135,spoiled,0.9996135,not fresh,0.00036608908,0.9999796,0.99924743,0,True,True,True,False,False,False,Likely Spoiled,Not Suitable,10.018302,Not Suitable,2,2,True,False
20260424_102542.jpg,1,Pork Shoulder,fresh,05:35:17,E:\Thesis Code\processed_hsv_lab_threshold_roi_224\sample 1\fresh\20260424_102542.jpg,pork_shoulder_sample_1,shoulder,cross_rotation,all,meatlens,all,all,all,file_destination,E:\Thesis Code\processed_hsv_lab_threshold_roi_224\sample 1\fresh\20260424_102542.jpg,False,researcher_home,old_phone,,fresh,fresh,0.9863914,0.012551916,0.001056587,fresh,0.9863914,not fresh,0.012551916,0.9989433,0.9738395,0,True,True,True,False,False,False,Likely Fresh,Good for Consumption,99.340065,Good for Consumption,0,0,True,False
20260430_091635.jpg,4,Pork Belly,spoiled,21:17:11,E:\Thesis Code\processed_hsv_lab_threshold_roi_224\sample 4\spoiled\20260430_091635.jpg,pork_belly_sample_4,belly,cross_rotation,all,meatlens,all,all,all,file_destination,E:\Thesis Code\processed_hsv_lab_threshold_roi_224\sample 4\spoiled\20260430_091635.jpg,False,partner_home,old_phone,,spoiled,spoiled,0.0015623042,0.018542238,0.9798955,spoiled,0.9798955,not fresh,0.018542238,0.9984377,0.96135324,0,True,True,True,False,False,False,Likely Spoiled,Not Suitable,10.975008,Not Suitable,2,2,True,False
20260424_193659.jpg,1,Pork Shoulder,not fresh,15:35:53,E:\Thesis Code\processed_hsv_lab_threshold_roi_224\sample 1\not fresh\20260424_193659.jpg,pork_shoulder_sample_1,shoulder,cross_rotation,all,meatlens,all,all,all,file_destination,E:\Thesis Code\processed_hsv_lab_threshold_roi_224\sample 1\not fresh\20260424_193659.jpg,False,researcher_home,old_phone,,not fresh,not fresh,0.0022871562,0.845017,0.15269583,not fresh,0.845017,spoiled,0.15269583,0.99771285,0.6923212,0,True,True,True,False,True,False,Borderline Spoiled / Advanced Not Fresh,Not Suitable / Manual inspection recommended,48.23161,Consume Immediately,1,1,True,False
IMG20260508150722.jpg,6,Pork Ham,not fresh,11:06:56,E:\Thesis Code\processed_hsv_lab_threshold_roi_224\sample 6\not fresh\IMG20260508150722.jpg,pork_ham_sample_6,ham,cross_rotation,all,meatlens,all,all,all,file_destination,E:\Thesis Code\processed_hsv_lab_threshold_roi_224\sample 6\not fresh\IMG20260508150722.jpg,False,partner_home,new_phone,,not fresh,not fresh,0.01205592,0.93541884,0.052525226,not fresh,0.93541884,spoiled,0.052525226,0.98794407,0.8828936,0,True,True,True,False,False,False,Likely Not Fresh,Consume Immediately / Manual inspection recommended,53.178883,Consume Immediately,1,1,True,False
20260703_095226.jpg,10,Pork Belly,fresh,04:00:00,E:\Thesis Code\processed_hsv_lab_threshold_roi_224\sample 10\fresh\20260703_095226.jpg,pork_belly_sample_10,belly,cross_rotation,all,public_dataset_2,all,all,all,file_destination,E:\Thesis Code\processed_hsv_lab_threshold_roi_224\sample 10\fresh\20260703_095226.jpg,False,public_dataset_2,public_dataset_2,,fresh,fresh,0.8885795,0.11042314,0.0009974544,fresh,0.8885795,not fresh,0.11042314,0.99900264,0.77815634,0,True,True,True,False,True,False,Borderline Fresh / Early Not Fresh,Consume Immediately / Check carefully,94.94119,Good for Consumption,0,0,True,False
20260624_094405.jpg,9,Pork Hind Leg,fresh,04:00:00,E:\Thesis Code\processed_hsv_lab_threshold_roi_224\sample 9\fresh\20260624_094405.jpg,pork_hind_leg_sample_9,hind_leg,cross_rotation,all,public_dataset_2,all,all,all,file_destination,E:\Thesis Code\processed_hsv_lab_threshold_roi_224\sample 9\fresh\20260624_094405.jpg,False,public_dataset_2,public_dataset_2,,fresh,fresh,0.7408977,0.24479122,0.01431109,fresh,0.7408977,not fresh,0.24479122,0.9856889,0.4961065,0,True,True,True,False,True,False,Borderline Fresh / Early Not Fresh,Consume Immediately / Check carefully,87.6964,Good for Consumption,0,0,True,False
IMG_20260518_183726.jpg,7,Pork Loin,spoiled,35:02:07,E:\Thesis Code\processed_hsv_lab_threshold_roi_224\sample 7\spoiled\IMG_20260518_183726.jpg,pork_loin_sample_7,loin,cross_rotation,all,meatlens,all,all,all,file_destination,E:\Thesis Code\processed_hsv_lab_threshold_roi_224\sample 7\spoiled\IMG_20260518_183726.jpg,False,researcher_home,new_phone,,spoiled,spoiled,3.3168366e-05,0.0012709012,0.99869585,spoiled,0.99869585,not fresh,0.0012709012,0.99996674,0.99742496,0,True,True,True,False,False,False,Likely Spoiled,Not Suitable,10.060175,Not Suitable,2,2,True,False
SPOILED-366-_JPG.rf.be8827b95942b6f8a36f225d6bb66414.jpg,12,Various Pork Meat,spoiled,,E:\Thesis Code\processed_hsv_lab_threshold_roi_224\sample 12\spoiled\SPOILED-366-_JPG.rf.be8827b95942b6f8a36f225d6bb66414.jpg,various_pork_meat_sample_12,various,cross_rotation,all,public_dataset_2,all,all,all,file_destination,E:\Thesis Code\processed_hsv_lab_threshold_roi_224\sample 12\spoiled\SPOILED-366-_JPG.rf.be8827b95942b6f8a36f225d6bb66414.jpg,False,public_dataset_2,public_dataset_2,,spoiled,spoiled,0.005709479,0.11754497,0.8767456,spoiled,0.8767456,not fresh,0.11754497,0.99429053,0.75920063,0,True,True,True,False,True,False,Borderline Spoiled / Advanced Not Fresh,Not Suitable / Manual inspection recommended,15.803377,Not Suitable,2,2,True,False
20260424_065824.jpg,1,Pork Shoulder,fresh,00:43:25,E:\Thesis Code\processed_hsv_lab_threshold_roi_224\sample 1\fresh\20260424_065824.jpg,pork_shoulder_sample_1,shoulder,cross_rotation,all,meatlens,all,all,all,file_destination,E:\Thesis Code\processed_hsv_lab_threshold_roi_224\sample 1\fresh\20260424_065824.jpg,False,researcher_home,old_phone,,fresh,fresh,0.9976125,0.0020343496,0.000353228,fresh,0.9976125,not fresh,0.0020343496,0.99964684,0.9955781,0,True,True,True,False,False,False,Likely Fresh,Good for Consumption,99.87667,Good for Consumption,0,0,True,False
20260624_114008.jpg,9,Pork Hind Leg,not fresh,12:00:00,E:\Thesis Code\processed_hsv_lab_threshold_roi_224\sample 9\not fresh\20260624_114008.jpg,pork_hind_leg_sample_9,hind_leg,cross_rotation,all,public_dataset_2,all,all,all,file_destination,E:\Thesis Code\processed_hsv_lab_threshold_roi_224\sample 9\not fresh\20260624_114008.jpg,False,public_dataset_2,public_dataset_2,,not fresh,not fresh,0.4118712,0.5305903,0.057538565,not fresh,0.5305903,fresh,0.4118712,0.9424615,0.1187191,0,True,True,True,False,True,True,Borderline Fresh / Early Not Fresh,Consume Immediately / Check carefully,70.94497,Good for Consumption,1,1,True,False
20260703_083109.jpg,10,Pork Belly,fresh,04:00:00,E:\Thesis Code\processed_hsv_lab_threshold_roi_224\sample 10\fresh\20260703_083109.jpg,pork_belly_sample_10,belly,cross_rotation,all,public_dataset_2,all,all,all,file_destination,E:\Thesis Code\processed_hsv_lab_threshold_roi_224\sample 10\fresh\20260703_083109.jpg,False,public_dataset_2,public_dataset_2,,fresh,fresh,0.825443,0.17284684,0.001710061,fresh,0.825443,not fresh,0.17284684,0.9982899,0.6525962,0,True,True,True,False,True,False,Borderline Fresh / Early Not Fresh,Consume Immediately / Check carefully,92.06798,Good for Consumption,0,0,True,False
IMG_20260517_154134.jpg,7,Pork Loin,not fresh,10:12:04,E:\Thesis Code\processed_hsv_lab_threshold_roi_224\sample 7\not fresh\IMG_20260517_154134.jpg,pork_loin_sample_7,loin,cross_rotation,all,meatlens,all,all,all,file_destination,E:\Thesis Code\processed_hsv_lab_threshold_roi_224\sample 7\not fresh\IMG_20260517_154134.jpg,False,researcher_home,new_phone,,not fresh,not fresh,0.008129725,0.94117254,0.050697714,not fresh,0.94117254,spoiled,0.050697714,0.9918703,0.8904748,0,True,True,True,False,False,False,Likely Not Fresh,Consume Immediately / Manual inspection recommended,53.08444,Consume Immediately,1,1,True,False
20260516_090309.jpg,8,Pork Loin,fresh,04:28:02,E:\Thesis Code\processed_hsv_lab_threshold_roi_224\sample 8\fresh\20260516_090309.jpg,pork_loin_sample_8,loin,cross_rotation,all,meatlens,all,all,all,file_destination,E:\Thesis Code\processed_hsv_lab_threshold_roi_224\sample 8\fresh\20260516_090309.jpg,False,partner_home,new_phone,,fresh,fresh,0.97267795,0.026752094,0.0005699949,fresh,0.97267795,not fresh,0.026752094,0.99943006,0.94592583,0,True,True,True,False,False,False,Likely Fresh,Good for Consumption,98.74486,Good for Consumption,0,0,True,False
20260703_165152.jpg,10,Pork Belly,spoiled,24:00:00,E:\Thesis Code\processed_hsv_lab_threshold_roi_224\sample 10\spoiled\20260703_165152.jpg,pork_belly_sample_10,belly,cross_rotation,all,public_dataset_2,all,all,all,file_destination,E:\Thesis Code\processed_hsv_lab_threshold_roi_224\sample 10\spoiled\20260703_165152.jpg,False,public_dataset_2,public_dataset_2,,spoiled,not fresh,0.01669399,0.5869078,0.39639825,not fresh,0.5869078,spoiled,0.39639825,0.98330605,0.19050956,1,False,True,True,False,True,True,Borderline Spoiled / Advanced Not Fresh,Not Suitable / Manual inspection recommended,37.91331,Not Suitable,1,2,True,False
IMG_20260517_191334.jpg,7,Pork Loin,not fresh,13:17:47,E:\Thesis Code\processed_hsv_lab_threshold_roi_224\sample 7\not fresh\IMG_20260517_191334.jpg,pork_loin_sample_7,loin,cross_rotation,all,meatlens,all,all,all,file_destination,E:\Thesis Code\processed_hsv_lab_threshold_roi_224\sample 7\not fresh\IMG_20260517_191334.jpg,False,researcher_home,new_phone,,not fresh,not fresh,0.0036118818,0.7510327,0.24535535,not fresh,0.7510327,spoiled,0.24535535,0.9963881,0.50567734,0,True,True,True,False,True,False,Borderline Spoiled / Advanced Not Fresh,Not Suitable / Manual inspection recommended,44.12154,Consume Immediately,1,1,True,False
IMG20260508131745.jpg,6,Pork Ham,not fresh,09:17:11,E:\Thesis Code\processed_hsv_lab_threshold_roi_224\sample 6\not fresh\IMG20260508131745.jpg,pork_ham_sample_6,ham,cross_rotation,all,meatlens,all,all,all,file_destination,E:\Thesis Code\processed_hsv_lab_threshold_roi_224\sample 6\not fresh\IMG20260508131745.jpg,False,partner_home,new_phone,,not fresh,not fresh,0.04579583,0.9225015,0.03170273,not fresh,0.9225015,fresh,0.04579583,0.96829736,0.87670565,0,True,True,True,False,False,False,Likely Not Fresh,Consume Immediately / Manual inspection recommended,55.634193,Consume Immediately,1,1,True,False
20260424_104344.jpg,1,Pork Shoulder,fresh,06:01:49,E:\Thesis Code\processed_hsv_lab_threshold_roi_224\sample 1\fresh\20260424_104344.jpg,pork_shoulder_sample_1,shoulder,cross_rotation,all,meatlens,all,all,all,file_destination,E:\Thesis Code\processed_hsv_lab_threshold_roi_224\sample 1\fresh\20260424_104344.jpg,False,researcher_home,old_phone,,fresh,fresh,0.9866015,0.012957552,0.0004409735,fresh,0.9866015,not fresh,0.012957552,0.99955904,0.9736439,0,True,True,True,False,False,False,Likely Fresh,Good for Consumption,99.37722,Good for Consumption,0,0,True,False
20260501_022858.jpg,3,Pork Belly,spoiled,35:41:55,E:\Thesis Code\processed_hsv_lab_threshold_roi_224\sample 3\spoiled\20260501_022858.jpg,pork_belly_sample_3,belly,cross_rotation,all,meatlens,all,all,all,file_destination,E:\Thesis Code\processed_hsv_lab_threshold_roi_224\sample 3\spoiled\20260501_022858.jpg,False,researcher_home,old_phone,,spoiled,spoiled,9.6348245e-05,0.0019480641,0.99795556,spoiled,0.99795556,not fresh,0.0019480641,0.9999036,0.9960075,0,True,True,True,False,False,False,Likely Spoiled,Not Suitable,10.0963335,Not Suitable,2,2,True,False
20260516_163742.jpg,8,Pork Loin,not fresh,12:22:55,E:\Thesis Code\processed_hsv_lab_threshold_roi_224\sample 8\not fresh\20260516_163742.jpg,pork_loin_sample_8,loin,cross_rotation,all,meatlens,all,all,all,file_destination,E:\Thesis Code\processed_hsv_lab_threshold_roi_224\sample 8\not fresh\20260516_163742.jpg,False,partner_home,new_phone,,not fresh,not fresh,0.00567778,0.7961708,0.19815148,not fresh,0.7961708,spoiled,0.19815148,0.99432224,0.5980193,0,True,True,True,False,True,False,Borderline Spoiled / Advanced Not Fresh,Not Suitable / Manual inspection recommended,46.338684,Consume Immediately,1,1,True,False
20260424_181557.jpg,1,Pork Shoulder,not fresh,14:13:52,E:\Thesis Code\processed_hsv_lab_threshold_roi_224\sample 1\not fresh\20260424_181557.jpg,pork_shoulder_sample_1,shoulder,cross_rotation,all,meatlens,all,all,all,file_destination,E:\Thesis Code\processed_hsv_lab_threshold_roi_224\sample 1\not fresh\20260424_181557.jpg,False,researcher_home,old_phone,,not fresh,not fresh,0.004157505,0.9450566,0.050785933,not fresh,0.9450566,spoiled,0.050785933,0.9958426,0.89427066,0,True,True,True,False,False,False,Likely Not Fresh,Consume Immediately / Manual inspection recommended,52.901722,Consume Immediately,1,1,True,False
HALF-FRESH-315-_JPG.rf.bade77943ed9e1767bbb0f797cda2e8e.jpg,12,Various Pork Meat,not fresh,,E:\Thesis Code\processed_hsv_lab_threshold_roi_224\sample 12\not fresh\HALF-FRESH-315-_JPG.rf.bade77943ed9e1767bbb0f797cda2e8e.jpg,various_pork_meat_sample_12,various,cross_rotation,all,public_dataset_2,all,all,all,file_destination,E:\Thesis Code\processed_hsv_lab_threshold_roi_224\sample 12\not fresh\HALF-FRESH-315-_JPG.rf.bade77943ed9e1767bbb0f797cda2e8e.jpg,False,public_dataset_2,public_dataset_2,,not fresh,fresh,0.4833973,0.4241455,0.09245715,fresh,0.4833973,not fresh,0.4241455,0.9075428,0.059251815,1,False,True,True,False,True,True,Borderline Fresh / Early Not Fresh,Consume Immediately / Check carefully,72.5923,Good for Consumption,0,1,True,False
20260430_094537.jpg,3,Pork Belly,spoiled,25:08:45,E:\Thesis Code\processed_hsv_lab_threshold_roi_224\sample 3\spoiled\20260430_094537.jpg,pork_belly_sample_3,belly,cross_rotation,all,meatlens,all,all,all,file_destination,E:\Thesis Code\processed_hsv_lab_threshold_roi_224\sample 3\spoiled\20260430_094537.jpg,False,researcher_home,old_phone,,spoiled,spoiled,0.0014703581,0.0018123558,0.9967173,spoiled,0.9967173,not fresh,0.0018123558,0.9985296,0.99490494,0,True,True,True,False,False,False,Likely Spoiled,Not Suitable,10.213888,Not Suitable,2,2,True,False
20260424_163523.jpg,2,Pork Shoulder,spoiled,38:27:08,E:\Thesis Code\processed_hsv_lab_threshold_roi_224\sample 2\spoiled\20260424_163523.jpg,pork_shoulder_sample_2,shoulder,cross_rotation,all,meatlens,all,all,all,file_destination,E:\Thesis Code\processed_hsv_lab_threshold_roi_224\sample 2\spoiled\20260424_163523.jpg,False,partner_home,old_phone,,spoiled,spoiled,0.006216136,0.007122298,0.9866615,spoiled,0.9866615,not fresh,0.007122298,0.9937838,0.9795392,0,True,True,True,False,False,False,Likely Spoiled,Not Suitable,10.879955,Not Suitable,2,2,True,False
IMG20260423073631.jpg,2,Pork Shoulder,fresh,01:55:47,E:\Thesis Code\processed_hsv_lab_threshold_roi_224\sample 2\fresh\IMG20260423073631.jpg,pork_shoulder_sample_2,shoulder,cross_rotation,all,meatlens,all,all,all,file_destination,E:\Thesis Code\processed_hsv_lab_threshold_roi_224\sample 2\fresh\IMG20260423073631.jpg,False,partner_home,old_phone,,fresh,fresh,0.99016494,0.0041996688,0.0056354394,fresh,0.99016494,spoiled,0.0056354394,0.9958004,0.9845295,0,True,True,True,False,False,False,Likely Fresh,Good for Consumption,99.30383,Good for Consumption,0,0,False,False
08-11-2022 18-31-05_jpg.rf.4blJhGvBtoFyOuMBBIoJ.jpg,11,Various Pork Meat,fresh,,E:\Thesis Code\processed_hsv_lab_threshold_roi_224\sample 11\fresh\08-11-2022 18-31-05_jpg.rf.4blJhGvBtoFyOuMBBIoJ.jpg,various_pork_meat_sample_11,various,cross_rotation,all,public_dataset_2,all,all,all,file_destination,E:\Thesis Code\processed_hsv_lab_threshold_roi_224\sample 11\fresh\08-11-2022 18-31-05_jpg.rf.4blJhGvBtoFyOuMBBIoJ.jpg,False,public_dataset_2,public_dataset_2,,fresh,not fresh,0.38872895,0.5669817,0.044289436,not fresh,0.5669817,fresh,0.38872895,0.95571065,0.17825273,1,False,True,True,False,True,True,Borderline Fresh / Early Not Fresh,Consume Immediately / Check carefully,70.49978,Good for Consumption,1,0,True,False
20260430_021430.jpg,3,Pork Belly,spoiled,20:07:14,E:\Thesis Code\processed_hsv_lab_threshold_roi_224\sample 3\spoiled\20260430_021430.jpg,pork_belly_sample_3,belly,cross_rotation,all,meatlens,all,all,all,file_destination,E:\Thesis Code\processed_hsv_lab_threshold_roi_224\sample 3\spoiled\20260430_021430.jpg,False,researcher_home,old_phone,,spoiled,spoiled,0.0021020356,0.031250875,0.9666471,spoiled,0.9666471,not fresh,0.031250875,0.997898,0.9353962,0,True,True,True,False,False,False,Likely Spoiled,Not Suitable,11.595472,Not Suitable,2,2,True,False
20260424_092642.jpg,1,Pork Shoulder,fresh,04:06:02,E:\Thesis Code\processed_hsv_lab_threshold_roi_224\sample 1\fresh\20260424_092642.jpg,pork_shoulder_sample_1,shoulder,cross_rotation,all,meatlens,all,all,all,file_destination,E:\Thesis Code\processed_hsv_lab_threshold_roi_224\sample 1\fresh\20260424_092642.jpg,False,researcher_home,old_phone,,fresh,fresh,0.9931772,0.006190123,0.0006327229,fresh,0.9931772,not fresh,0.006190123,0.9993673,0.98698705,0,True,True,True,False,False,False,Likely Fresh,Good for Consumption,99.664505,Good for Consumption,0,0,True,False
IMG20260508063220.jpg,6,Pork Ham,fresh,00:12:40,E:\Thesis Code\processed_hsv_lab_threshold_roi_224\sample 6\fresh\IMG20260508063220.jpg,pork_ham_sample_6,ham,cross_rotation,all,meatlens,all,all,all,file_destination,E:\Thesis Code\processed_hsv_lab_threshold_roi_224\sample 6\fresh\IMG20260508063220.jpg,False,partner_home,new_phone,,fresh,fresh,0.9982072,0.0016016113,0.0001911964,fresh,0.9982072,not fresh,0.0016016113,0.99980885,0.9966056,0,True,True,True,False,False,False,Likely Fresh,Good for Consumption,99.91072,Good for Consumption,0,0,True,False
IMG_20260517_130533.jpg,7,Pork Loin,not fresh,07:54:52,E:\Thesis Code\processed_hsv_lab_threshold_roi_224\sample 7\not fresh\IMG_20260517_130533.jpg,pork_loin_sample_7,loin,cross_rotation,all,meatlens,all,all,all,file_destination,E:\Thesis Code\processed_hsv_lab_threshold_roi_224\sample 7\not fresh\IMG_20260517_130533.jpg,False,researcher_home,new_phone,,not fresh,not fresh,0.265785,0.7196475,0.014567557,not fresh,0.7196475,fresh,0.265785,0.9854325,0.45386252,0,True,True,True,False,True,False,Borderline Fresh / Early Not Fresh,Consume Immediately / Check carefully,66.30479,Consume Immediately,1,1,True,False
20260424_103642.jpg,1,Pork Shoulder,fresh,05:52:10,E:\Thesis Code\processed_hsv_lab_threshold_roi_224\sample 1\fresh\20260424_103642.jpg,pork_shoulder_sample_1,shoulder,cross_rotation,all,meatlens,all,all,all,file_destination,E:\Thesis Code\processed_hsv_lab_threshold_roi_224\sample 1\fresh\20260424_103642.jpg,False,researcher_home,old_phone,,fresh,fresh,0.98558664,0.014034323,0.0003789797,fresh,0.98558664,not fresh,0.014034323,0.999621,0.9715523,0,True,True,True,False,False,False,Likely Fresh,Good for Consumption,99.33434,Good for Consumption,0,0,True,False
20260429_135321.jpg,3,Pork Belly,not fresh,09:48:33,E:\Thesis Code\processed_hsv_lab_threshold_roi_224\sample 3\not fresh\20260429_135321.jpg,pork_belly_sample_3,belly,cross_rotation,all,meatlens,all,all,all,file_destination,E:\Thesis Code\processed_hsv_lab_threshold_roi_224\sample 3\not fresh\20260429_135321.jpg,False,researcher_home,old_phone,,not fresh,not fresh,0.01891414,0.975603,0.00548288,not fresh,0.975603,fresh,0.01891414,0.99451715,0.9566888,0,True,True,True,False,False,False,Likely Not Fresh,Consume Immediately / Manual inspection recommended,55.60441,Consume Immediately,1,1,True,False
20260429_195127.jpg,3,Pork Belly,not fresh,15:47:56,E:\Thesis Code\processed_hsv_lab_threshold_roi_224\sample 3\not fresh\20260429_195127.jpg,pork_belly_sample_3,belly,cross_rotation,all,meatlens,all,all,all,file_destination,E:\Thesis Code\processed_hsv_lab_threshold_roi_224\sample 3\not fresh\20260429_195127.jpg,False,researcher_home,old_phone,,not fresh,not fresh,0.002708115,0.5571315,0.44016042,not fresh,0.5571315,spoiled,0.44016042,0.9972919,0.116971105,0,True,True,True,False,True,True,Borderline Spoiled / Advanced Not Fresh,Not Suitable / Manual inspection recommended,35.31465,Not Suitable,1,1,True,False
20260703_112120.jpg,10,Pork Belly,not fresh,12:00:00,E:\Thesis Code\processed_hsv_lab_threshold_roi_224\sample 10\not fresh\20260703_112120.jpg,pork_belly_sample_10,belly,cross_rotation,all,public_dataset_2,all,all,all,file_destination,E:\Thesis Code\processed_hsv_lab_threshold_roi_224\sample 10\not fresh\20260703_112120.jpg,False,public_dataset_2,public_dataset_2,,not fresh,fresh,0.6332026,0.36253327,0.004264159,fresh,0.6332026,not fresh,0.36253327,0.9957359,0.27066934,1,False,True,True,False,True,False,Borderline Fresh / Early Not Fresh,Consume Immediately / Check carefully,83.30223,Good for Consumption,0,1,True,False
IMG_20260508_072341.jpg,5,Pork Ham,fresh,03:12:58,E:\Thesis Code\processed_hsv_lab_threshold_roi_224\sample 5\fresh\IMG_20260508_072341.jpg,pork_ham_sample_5,ham,cross_rotation,all,meatlens,all,all,all,file_destination,E:\Thesis Code\processed_hsv_lab_threshold_roi_224\sample 5\fresh\IMG_20260508_072341.jpg,False,researcher_home,new_phone,,fresh,fresh,0.9976584,0.002080266,0.00026142743,fresh,0.9976584,not fresh,0.002080266,0.99973863,0.9955781,0,True,True,True,False,False,False,Likely Fresh,Good for Consumption,99.882866,Good for Consumption,0,0,True,False
20260423_112509.jpg,2,Pork Shoulder,not fresh,07:17:47,E:\Thesis Code\processed_hsv_lab_threshold_roi_224\sample 2\not fresh\20260423_112509.jpg,pork_shoulder_sample_2,shoulder,cross_rotation,all,meatlens,all,all,all,file_destination,E:\Thesis Code\processed_hsv_lab_threshold_roi_224\sample 2\not fresh\20260423_112509.jpg,False,partner_home,old_phone,,not fresh,not fresh,0.018655716,0.9709356,0.010408623,not fresh,0.9709356,fresh,0.018655716,0.9895913,0.95227987,0,True,True,True,False,False,False,Likely Not Fresh,Consume Immediately / Manual inspection recommended,55.371117,Consume Immediately,1,1,True,False
20260624_104645.jpg,9,Pork Hind Leg,fresh,04:00:00,E:\Thesis Code\processed_hsv_lab_threshold_roi_224\sample 9\fresh\20260624_104645.jpg,pork_hind_leg_sample_9,hind_leg,cross_rotation,all,public_dataset_2,all,all,all,file_destination,E:\Thesis Code\processed_hsv_lab_threshold_roi_224\sample 9\fresh\20260624_104645.jpg,False,public_dataset_2,public_dataset_2,,fresh,fresh,0.76337653,0.21462043,0.022002967,fresh,0.76337653,not fresh,0.21462043,0.97799695,0.5487561,0,True,True,True,False,True,False,Borderline Fresh / Early Not Fresh,Consume Immediately / Check carefully,88.36181,Good for Consumption,0,0,True,False
09-11-2022 12-20-46_jpg.rf.1LoAaVts7mPeG8HkkmHb.jpg,11,Various Pork Meat,spoiled,,E:\Thesis Code\processed_hsv_lab_threshold_roi_224\sample 11\spoiled\09-11-2022 12-20-46_jpg.rf.1LoAaVts7mPeG8HkkmHb.jpg,various_pork_meat_sample_11,various,cross_rotation,all,public_dataset_2,all,all,all,file_destination,E:\Thesis Code\processed_hsv_lab_threshold_roi_224\sample 11\spoiled\09-11-2022 12-20-46_jpg.rf.1LoAaVts7mPeG8HkkmHb.jpg,False,public_dataset_2,public_dataset_2,,spoiled,spoiled,3.666875e-05,0.0025716831,0.9973916,spoiled,0.9973916,not fresh,0.0025716831,0.9999633,0.9948199,0,True,True,True,False,False,False,Likely Spoiled,Not Suitable,10.119025,Not Suitable,2,2,True,False
20260429_080025.jpg,4,Pork Belly,fresh,05:35:50,E:\Thesis Code\processed_hsv_lab_threshold_roi_224\sample 4\fresh\20260429_080025.jpg,pork_belly_sample_4,belly,cross_rotation,all,meatlens,all,all,all,file_destination,E:\Thesis Code\processed_hsv_lab_threshold_roi_224\sample 4\fresh\20260429_080025.jpg,False,partner_home,old_phone,,fresh,fresh,0.99800724,0.0008114438,0.0011814191,fresh,0.99800724,spoiled,0.0011814191,0.99918866,0.9968258,0,True,True,True,False,False,False,Likely Fresh,Good for Consumption,99.85717,Good for Consumption,0,0,False,False
20260625_115218.jpg,9,Pork Hind Leg,spoiled,24:00:00,E:\Thesis Code\processed_hsv_lab_threshold_roi_224\sample 9\spoiled\20260625_115218.jpg,pork_hind_leg_sample_9,hind_leg,cross_rotation,all,public_dataset_2,all,all,all,file_destination,E:\Thesis Code\processed_hsv_lab_threshold_roi_224\sample 9\spoiled\20260625_115218.jpg,False,public_dataset_2,public_dataset_2,,spoiled,spoiled,0.030191848,0.040483505,0.92932457,spoiled,0.92932457,not fresh,0.040483505,0.9698081,0.88884103,0,True,True,True,False,False,False,Likely Spoiled,Not Suitable,14.539023,Not Suitable,2,2,True,False
IMG20260423085135.jpg,2,Pork Shoulder,fresh,03:53:22,E:\Thesis Code\processed_hsv_lab_threshold_roi_224\sample 2\fresh\IMG20260423085135.jpg,pork_shoulder_sample_2,shoulder,cross_rotation,all,meatlens,all,all,all,file_destination,E:\Thesis Code\processed_hsv_lab_threshold_roi_224\sample 2\fresh\IMG20260423085135.jpg,False,partner_home,old_phone,,fresh,fresh,0.9940929,0.0050871195,0.0008200765,fresh,0.9940929,not fresh,0.0050871195,0.99918,0.98900574,0,True,True,True,False,False,False,Likely Fresh,Good for Consumption,99.69728,Good for Consumption,0,0,True,False
20260703_110004.jpg,10,Pork Belly,not fresh,12:00:00,E:\Thesis Code\processed_hsv_lab_threshold_roi_224\sample 10\not fresh\20260703_110004.jpg,pork_belly_sample_10,belly,cross_rotation,all,public_dataset_2,all,all,all,file_destination,E:\Thesis Code\processed_hsv_lab_threshold_roi_224\sample 10\not fresh\20260703_110004.jpg,False,public_dataset_2,public_dataset_2,,not fresh,fresh,0.70015347,0.2948005,0.0050460524,fresh,0.70015347,not fresh,0.2948005,0.994954,0.40535298,1,False,True,True,False,True,False,Borderline Fresh / Early Not Fresh,Consume Immediately / Check carefully,86.27983,Good for Consumption,0,1,True,False
20260429_231858.jpg,4,Pork Belly,spoiled,18:45:14,E:\Thesis Code\processed_hsv_lab_threshold_roi_224\sample 4\spoiled\20260429_231858.jpg,pork_belly_sample_4,belly,cross_rotation,all,meatlens,all,all,all,file_destination,E:\Thesis Code\processed_hsv_lab_threshold_roi_224\sample 4\spoiled\20260429_231858.jpg,False,partner_home,old_phone,,spoiled,spoiled,9.727873e-05,0.012231371,0.9876714,spoiled,0.9876714,not fresh,0.012231371,0.9999027,0.97544,0,True,True,True,False,False,False,Likely Spoiled,Not Suitable,10.559167,Not Suitable,2,2,True,False
20260624_105000.jpg,9,Pork Hind Leg,fresh,04:00:00,E:\Thesis Code\processed_hsv_lab_threshold_roi_224\sample 9\fresh\20260624_105000.jpg,pork_hind_leg_sample_9,hind_leg,cross_rotation,all,public_dataset_2,all,all,all,file_destination,E:\Thesis Code\processed_hsv_lab_threshold_roi_224\sample 9\fresh\20260624_105000.jpg,False,public_dataset_2,public_dataset_2,,fresh,fresh,0.730516,0.24560674,0.023877272,fresh,0.730516,not fresh,0.24560674,0.97612274,0.4849093,0,True,True,True,False,True,False,Borderline Fresh / Early Not Fresh,Consume Immediately / Check carefully,86.798744,Good for Consumption,0,0,True,False
20260625_122308.jpg,9,Pork Hind Leg,spoiled,24:00:00,E:\Thesis Code\processed_hsv_lab_threshold_roi_224\sample 9\spoiled\20260625_122308.jpg,pork_hind_leg_sample_9,hind_leg,cross_rotation,all,public_dataset_2,all,all,all,file_destination,E:\Thesis Code\processed_hsv_lab_threshold_roi_224\sample 9\spoiled\20260625_122308.jpg,False,public_dataset_2,public_dataset_2,,spoiled,spoiled,0.029703068,0.025174871,0.9451221,spoiled,0.9451221,fresh,0.029703068,0.9748252,0.91541904,0,True,True,True,False,False,False,Likely Spoiled,Not Suitable,13.806146,Not Suitable,2,2,False,False
IMG20260508150522.jpg,6,Pork Ham,not fresh,11:04:49,E:\Thesis Code\processed_hsv_lab_threshold_roi_224\sample 6\not fresh\IMG20260508150522.jpg,pork_ham_sample_6,ham,cross_rotation,all,meatlens,all,all,all,file_destination,E:\Thesis Code\processed_hsv_lab_threshold_roi_224\sample 6\not fresh\IMG20260508150522.jpg,False,partner_home,new_phone,,not fresh,not fresh,0.014876384,0.9405857,0.04453795,not fresh,0.9405857,spoiled,0.04453795,0.98512363,0.8960477,0,True,True,True,False,False,False,Likely Not Fresh,Consume Immediately / Manual inspection recommended,53.66523,Consume Immediately,1,1,True,False
20260429_203127.jpg,3,Pork Belly,spoiled,16:18:05,E:\Thesis Code\processed_hsv_lab_threshold_roi_224\sample 3\spoiled\20260429_203127.jpg,pork_belly_sample_3,belly,cross_rotation,all,meatlens,all,all,all,file_destination,E:\Thesis Code\processed_hsv_lab_threshold_roi_224\sample 3\spoiled\20260429_203127.jpg,False,researcher_home,old_phone,,spoiled,not fresh,0.0019137588,0.54261786,0.4554684,not fresh,0.54261786,spoiled,0.4554684,0.9980862,0.08714947,1,False,True,True,False,True,True,Borderline Spoiled / Advanced Not Fresh,Not Suitable / Manual inspection recommended,34.590042,Not Suitable,1,2,True,False
HALF-FRESH-33-_JPG.rf.01b63241e5a9d55c34bfc969a07db29d.jpg,12,Various Pork Meat,not fresh,,E:\Thesis Code\processed_hsv_lab_threshold_roi_224\sample 12\not fresh\HALF-FRESH-33-_JPG.rf.01b63241e5a9d55c34bfc969a07db29d.jpg,various_pork_meat_sample_12,various,cross_rotation,all,public_dataset_2,all,all,all,file_destination,E:\Thesis Code\processed_hsv_lab_threshold_roi_224\sample 12\not fresh\HALF-FRESH-33-_JPG.rf.01b63241e5a9d55c34bfc969a07db29d.jpg,False,public_dataset_2,public_dataset_2,,not fresh,not fresh,0.46143958,0.5265487,0.012011789,not fresh,0.5265487,fresh,0.46143958,0.98798823,0.065109104,0,True,True,True,False,True,True,Borderline Fresh / Early Not Fresh,Consume Immediately / Check carefully,75.22425,Good for Consumption,1,1,True,False
IMG_20260508_085642.jpg,5,Pork Ham,fresh,04:49:27,E:\Thesis Code\processed_hsv_lab_threshold_roi_224\sample 5\fresh\IMG_20260508_085642.jpg,pork_ham_sample_5,ham,cross_rotation,all,meatlens,all,all,all,file_destination,E:\Thesis Code\processed_hsv_lab_threshold_roi_224\sample 5\fresh\IMG_20260508_085642.jpg,False,researcher_home,new_phone,,fresh,fresh,0.99807,0.0018687537,6.111875e-05,fresh,0.99807,not fresh,0.0018687537,0.9999387,0.9962013,0,True,True,True,False,False,False,Likely Fresh,Good for Consumption,99.91039,Good for Consumption,0,0,True,False
IMG_20260517_095416.jpg,7,Pork Loin,fresh,00:54:39,E:\Thesis Code\processed_hsv_lab_threshold_roi_224\sample 7\fresh\IMG_20260517_095416.jpg,pork_loin_sample_7,loin,cross_rotation,all,meatlens,all,all,all,file_destination,E:\Thesis Code\processed_hsv_lab_threshold_roi_224\sample 7\fresh\IMG_20260517_095416.jpg,False,researcher_home,new_phone,,fresh,fresh,0.9918196,0.007902695,0.00027778206,fresh,0.9918196,not fresh,0.007902695,0.9997223,0.98391694,0,True,True,True,False,False,False,Likely Fresh,Good for Consumption,99.619385,Good for Consumption,0,0,True,False
20260517_193914.jpg,8,Pork Loin,spoiled,38:57:17,E:\Thesis Code\processed_hsv_lab_threshold_roi_224\sample 8\spoiled\20260517_193914.jpg,pork_loin_sample_8,loin,cross_rotation,all,meatlens,all,all,all,file_destination,E:\Thesis Code\processed_hsv_lab_threshold_roi_224\sample 8\spoiled\20260517_193914.jpg,False,partner_home,new_phone,,spoiled,spoiled,1.826666e-05,0.0055135437,0.9944682,spoiled,0.9944682,not fresh,0.0055135437,0.99998176,0.98895466,0,True,True,True,False,False,False,Likely Spoiled,Not Suitable,10.249754,Not Suitable,2,2,True,False
20260424_074337.jpg,1,Pork Shoulder,fresh,01:29:15,E:\Thesis Code\processed_hsv_lab_threshold_roi_224\sample 1\fresh\20260424_074337.jpg,pork_shoulder_sample_1,shoulder,cross_rotation,all,meatlens,all,all,all,file_destination,E:\Thesis Code\processed_hsv_lab_threshold_roi_224\sample 1\fresh\20260424_074337.jpg,False,researcher_home,old_phone,,fresh,fresh,0.98253876,0.017202495,0.00025874184,fresh,0.98253876,not fresh,0.017202495,0.99974126,0.96533626,0,True,True,True,False,False,False,Likely Fresh,Good for Consumption,99.2026,Good for Consumption,0,0,True,False
IMG20260508175302.jpg,6,Pork Ham,not fresh,13:53:40,E:\Thesis Code\processed_hsv_lab_threshold_roi_224\sample 6\not fresh\IMG20260508175302.jpg,pork_ham_sample_6,ham,cross_rotation,all,meatlens,all,all,all,file_destination,E:\Thesis Code\processed_hsv_lab_threshold_roi_224\sample 6\not fresh\IMG20260508175302.jpg,False,partner_home,new_phone,,not fresh,not fresh,0.0117504345,0.59392625,0.39432332,not fresh,0.59392625,spoiled,0.39432332,0.98824954,0.19960293,0,True,True,True,False,True,True,Borderline Spoiled / Advanced Not Fresh,Not Suitable / Manual inspection recommended,37.78422,Not Suitable,1,1,True,False
IMG_20260517_215835.jpg,7,Pork Loin,spoiled,15:49:45,E:\Thesis Code\processed_hsv_lab_threshold_roi_224\sample 7\spoiled\IMG_20260517_215835.jpg,pork_loin_sample_7,loin,cross_rotation,all,meatlens,all,all,all,file_destination,E:\Thesis Code\processed_hsv_lab_threshold_roi_224\sample 7\spoiled\IMG_20260517_215835.jpg,False,researcher_home,new_phone,,spoiled,spoiled,0.01964481,0.31455237,0.6658028,spoiled,0.6658028,not fresh,0.31455237,0.98035514,0.3512504,0,True,True,True,False,True,False,Borderline Spoiled / Advanced Not Fresh,Not Suitable / Manual inspection recommended,25.92289,Not Suitable,2,2,True,False
IMG_20260509_070527.jpg,5,Pork Ham,spoiled,21:29:15,E:\Thesis Code\processed_hsv_lab_threshold_roi_224\sample 5\spoiled\IMG_20260509_070527.jpg,pork_ham_sample_5,ham,cross_rotation,all,meatlens,all,all,all,file_destination,E:\Thesis Code\processed_hsv_lab_threshold_roi_224\sample 5\spoiled\IMG_20260509_070527.jpg,False,researcher_home,new_phone,,spoiled,spoiled,0.00096564525,0.0023141599,0.99672014,spoiled,0.99672014,not fresh,0.0023141599,0.9990343,0.994406,0,True,True,True,False,False,False,Likely Spoiled,Not Suitable,10.191045,Not Suitable,2,2,True,False
20260423_184421.jpg,2,Pork Shoulder,spoiled,15:05:44,E:\Thesis Code\processed_hsv_lab_threshold_roi_224\sample 2\spoiled\20260423_184421.jpg,pork_shoulder_sample_2,shoulder,cross_rotation,all,meatlens,all,all,all,file_destination,E:\Thesis Code\processed_hsv_lab_threshold_roi_224\sample 2\spoiled\20260423_184421.jpg,False,partner_home,old_phone,,spoiled,spoiled,0.004983803,0.16253182,0.83248436,spoiled,0.83248436,not fresh,0.16253182,0.9950162,0.6699525,0,True,True,True,False,True,False,Borderline Spoiled / Advanced Not Fresh,Not Suitable / Manual inspection recommended,17.762474,Not Suitable,2,2,True,False
20260424_124208.jpg,2,Pork Shoulder,spoiled,29:18:24,E:\Thesis Code\processed_hsv_lab_threshold_roi_224\sample 2\spoiled\20260424_124208.jpg,pork_shoulder_sample_2,shoulder,cross_rotation,all,meatlens,all,all,all,file_destination,E:\Thesis Code\processed_hsv_lab_threshold_roi_224\sample 2\spoiled\20260424_124208.jpg,False,partner_home,old_phone,,spoiled,spoiled,0.0010844738,0.0011122483,0.9978033,spoiled,0.9978033,not fresh,0.0011122483,0.9989155,0.99669105,0,True,True,True,False,False,False,Likely Spoiled,Not Suitable,10.147654,Not Suitable,2,2,True,False
20260429_150022.jpg,3,Pork Belly,not fresh,10:56:05,E:\Thesis Code\processed_hsv_lab_threshold_roi_224\sample 3\not fresh\20260429_150022.jpg,pork_belly_sample_3,belly,cross_rotation,all,meatlens,all,all,all,file_destination,E:\Thesis Code\processed_hsv_lab_threshold_roi_224\sample 3\not fresh\20260429_150022.jpg,False,researcher_home,old_phone,,not fresh,not fresh,0.013212949,0.97337544,0.01341155,not fresh,0.97337544,spoiled,0.01341155,0.98678696,0.9599639,0,True,True,True,False,False,False,Likely Not Fresh,Consume Immediately / Manual inspection recommended,54.99106,Consume Immediately,1,1,True,False
20260424_071159.jpg,2,Pork Shoulder,spoiled,16:47:02,E:\Thesis Code\processed_hsv_lab_threshold_roi_224\sample 2\spoiled\20260424_071159.jpg,pork_shoulder_sample_2,shoulder,cross_rotation,all,meatlens,all,all,all,file_destination,E:\Thesis Code\processed_hsv_lab_threshold_roi_224\sample 2\spoiled\20260424_071159.jpg,False,partner_home,old_phone,,spoiled,spoiled,0.00047656175,0.026766146,0.97275734,spoiled,0.97275734,not fresh,0.026766146,0.99952346,0.9459912,0,True,True,True,False,False,False,Likely Spoiled,Not Suitable,11.247368,Not Suitable,2,2,True,False
20260516_235021.jpg,8,Pork Loin,spoiled,21:03:19,E:\Thesis Code\processed_hsv_lab_threshold_roi_224\sample 8\spoiled\20260516_235021.jpg,pork_loin_sample_8,loin,cross_rotation,all,meatlens,all,all,all,file_destination,E:\Thesis Code\processed_hsv_lab_threshold_roi_224\sample 8\spoiled\20260516_235021.jpg,False,partner_home,new_phone,,spoiled,spoiled,0.002182553,0.2837461,0.71407133,spoiled,0.71407133,not fresh,0.2837461,0.9978174,0.43032524,0,True,True,True,False,True,False,Borderline Spoiled / Advanced Not Fresh,Not Suitable / Manual inspection recommended,22.965004,Not Suitable,2,2,True,False
IMG20260508115640.jpg,6,Pork Ham,not fresh,07:56:59,E:\Thesis Code\processed_hsv_lab_threshold_roi_224\sample 6\not fresh\IMG20260508115640.jpg,pork_ham_sample_6,ham,cross_rotation,all,meatlens,all,all,all,file_destination,E:\Thesis Code\processed_hsv_lab_threshold_roi_224\sample 6\not fresh\IMG20260508115640.jpg,False,partner_home,new_phone,,not fresh,not fresh,0.41330874,0.579041,0.007650297,not fresh,0.579041,fresh,0.41330874,0.99234974,0.16573226,0,True,True,True,False,True,True,Borderline Fresh / Early Not Fresh,Consume Immediately / Check carefully,73.25463,Good for Consumption,1,1,True,False
20260429_080456.jpg,4,Pork Belly,fresh,05:57:35,E:\Thesis Code\processed_hsv_lab_threshold_roi_224\sample 4\fresh\20260429_080456.jpg,pork_belly_sample_4,belly,cross_rotation,all,meatlens,all,all,all,file_destination,E:\Thesis Code\processed_hsv_lab_threshold_roi_224\sample 4\fresh\20260429_080456.jpg,False,partner_home,old_phone,,fresh,fresh,0.9951893,0.0030522635,0.0017583607,fresh,0.9951893,not fresh,0.0030522635,0.99824154,0.9921371,0,True,True,True,False,False,False,Likely Fresh,Good for Consumption,99.70439,Good for Consumption,0,0,True,False
20260429_073651.jpg,4,Pork Belly,fresh,03:42:17,E:\Thesis Code\processed_hsv_lab_threshold_roi_224\sample 4\fresh\20260429_073651.jpg,pork_belly_sample_4,belly,cross_rotation,all,meatlens,all,all,all,file_destination,E:\Thesis Code\processed_hsv_lab_threshold_roi_224\sample 4\fresh\20260429_073651.jpg,False,partner_home,old_phone,,fresh,fresh,0.999127,0.0006027028,0.00027035488,fresh,0.999127,not fresh,0.0006027028,0.9997297,0.99852425,0,True,True,True,False,False,False,Likely Fresh,Good for Consumption,99.94855,Good for Consumption,0,0,True,False
IMG20260423093438.jpg,2,Pork Shoulder,fresh,05:00:18,E:\Thesis Code\processed_hsv_lab_threshold_roi_224\sample 2\fresh\IMG20260423093438.jpg,pork_shoulder_sample_2,shoulder,cross_rotation,all,meatlens,all,all,all,file_destination,E:\Thesis Code\processed_hsv_lab_threshold_roi_224\sample 2\fresh\IMG20260423093438.jpg,False,partner_home,old_phone,,fresh,fresh,0.9853236,0.012315622,0.0023606746,fresh,0.9853236,not fresh,0.012315622,0.99763924,0.973008,0,True,True,True,False,False,False,Likely Fresh,Good for Consumption,99.23333,Good for Consumption,0,0,True,False
FRESH-844-_JPG.rf.580e9dbe7575c0cbdda8a8382bd43aa9.jpg,12,Various Pork Meat,fresh,,E:\Thesis Code\processed_hsv_lab_threshold_roi_224\sample 12\fresh\FRESH-844-_JPG.rf.580e9dbe7575c0cbdda8a8382bd43aa9.jpg,various_pork_meat_sample_12,various,cross_rotation,all,public_dataset_2,all,all,all,file_destination,E:\Thesis Code\processed_hsv_lab_threshold_roi_224\sample 12\fresh\FRESH-844-_JPG.rf.580e9dbe7575c0cbdda8a8382bd43aa9.jpg,False,public_dataset_2,public_dataset_2,,fresh,fresh,0.99836725,0.001558512,7.422829e-05,fresh,0.99836725,not fresh,0.001558512,0.99992573,0.99680877,0,True,True,True,False,False,False,Likely Fresh,Good for Consumption,99.92319,Good for Consumption,0,0,True,False
20260624_154503.jpg,9,Pork Hind Leg,not fresh,12:00:00,E:\Thesis Code\processed_hsv_lab_threshold_roi_224\sample 9\not fresh\20260624_154503.jpg,pork_hind_leg_sample_9,hind_leg,cross_rotation,all,public_dataset_2,all,all,all,file_destination,E:\Thesis Code\processed_hsv_lab_threshold_roi_224\sample 9\not fresh\20260624_154503.jpg,False,public_dataset_2,public_dataset_2,,not fresh,not fresh,0.10673812,0.70248467,0.19077723,not fresh,0.70248467,spoiled,0.19077723,0.8932619,0.5117074,0,True,True,True,False,True,False,Borderline Spoiled / Advanced Not Fresh,Not Suitable / Manual inspection recommended,51.218243,Consume Immediately,1,1,True,False
20260429_070116.jpg,4,Pork Belly,fresh,00:50:44,E:\Thesis Code\processed_hsv_lab_threshold_roi_224\sample 4\fresh\20260429_070116.jpg,pork_belly_sample_4,belly,cross_rotation,all,meatlens,all,all,all,file_destination,E:\Thesis Code\processed_hsv_lab_threshold_roi_224\sample 4\fresh\20260429_070116.jpg,False,partner_home,old_phone,,fresh,fresh,0.99441504,0.0036256695,0.001959334,fresh,0.99441504,not fresh,0.0036256695,0.99804074,0.99078935,0,True,True,True,False,False,False,Likely Fresh,Good for Consumption,99.66051,Good for Consumption,0,0,True,False
20260425_115019.jpg,1,Pork Shoulder,spoiled,31:55:11,E:\Thesis Code\processed_hsv_lab_threshold_roi_224\sample 1\spoiled\20260425_115019.jpg,pork_shoulder_sample_1,shoulder,cross_rotation,all,meatlens,all,all,all,file_destination,E:\Thesis Code\processed_hsv_lab_threshold_roi_224\sample 1\spoiled\20260425_115019.jpg,False,researcher_home,old_phone,,spoiled,spoiled,1.274464e-06,0.003656441,0.99634224,spoiled,0.99634224,not fresh,0.003656441,0.9999987,0.9926858,0,True,True,True,False,False,False,Likely Spoiled,Not Suitable,10.164654,Not Suitable,2,2,True,False
IMG20260508090830.jpg,6,Pork Ham,fresh,04:11:09,E:\Thesis Code\processed_hsv_lab_threshold_roi_224\sample 6\fresh\IMG20260508090830.jpg,pork_ham_sample_6,ham,cross_rotation,all,meatlens,all,all,all,file_destination,E:\Thesis Code\processed_hsv_lab_threshold_roi_224\sample 6\fresh\IMG20260508090830.jpg,False,partner_home,new_phone,,fresh,fresh,0.92210037,0.07507929,0.002820334,fresh,0.92210037,not fresh,0.07507929,0.9971796,0.8470211,0,True,True,True,False,False,False,Likely Fresh,Good for Consumption,96.3676,Good for Consumption,0,0,True,False
20260624_105216.jpg,9,Pork Hind Leg,fresh,04:00:00,E:\Thesis Code\processed_hsv_lab_threshold_roi_224\sample 9\fresh\20260624_105216.jpg,pork_hind_leg_sample_9,hind_leg,cross_rotation,all,public_dataset_2,all,all,all,file_destination,E:\Thesis Code\processed_hsv_lab_threshold_roi_224\sample 9\fresh\20260624_105216.jpg,False,public_dataset_2,public_dataset_2,,fresh,fresh,0.5465782,0.40960717,0.043814648,fresh,0.5465782,not fresh,0.40960717,0.9561854,0.13697106,0,True,True,True,False,True,True,Borderline Fresh / Early Not Fresh,Consume Immediately / Check carefully,77.62437,Good for Consumption,0,0,True,False
20260429_181326.jpg,3,Pork Belly,not fresh,14:09:03,E:\Thesis Code\processed_hsv_lab_threshold_roi_224\sample 3\not fresh\20260429_181326.jpg,pork_belly_sample_3,belly,cross_rotation,all,meatlens,all,all,all,file_destination,E:\Thesis Code\processed_hsv_lab_threshold_roi_224\sample 3\not fresh\20260429_181326.jpg,False,researcher_home,old_phone,,not fresh,not fresh,0.10183418,0.8599781,0.038187727,not fresh,0.8599781,fresh,0.10183418,0.96181226,0.7581439,0,True,True,True,False,True,False,Borderline Fresh / Early Not Fresh,Consume Immediately / Check carefully,57.86409,Consume Immediately,1,1,True,False
20260424_094641.jpg,1,Pork Shoulder,fresh,04:37:23,E:\Thesis Code\processed_hsv_lab_threshold_roi_224\sample 1\fresh\20260424_094641.jpg,pork_shoulder_sample_1,shoulder,cross_rotation,all,meatlens,all,all,all,file_destination,E:\Thesis Code\processed_hsv_lab_threshold_roi_224\sample 1\fresh\20260424_094641.jpg,False,researcher_home,old_phone,,fresh,fresh,0.9933763,0.005800134,0.00082358613,fresh,0.9933763,not fresh,0.005800134,0.99917644,0.9875762,0,True,True,True,False,False,False,Likely Fresh,Good for Consumption,99.66487,Good for Consumption,0,0,True,False
20260704_110455.jpg,10,Pork Belly,spoiled,24:00:00,E:\Thesis Code\processed_hsv_lab_threshold_roi_224\sample 10\spoiled\20260704_110455.jpg,pork_belly_sample_10,belly,cross_rotation,all,public_dataset_2,all,all,all,file_destination,E:\Thesis Code\processed_hsv_lab_threshold_roi_224\sample 10\spoiled\20260704_110455.jpg,False,public_dataset_2,public_dataset_2,,spoiled,spoiled,0.0014788755,0.0039514606,0.9945696,spoiled,0.9945696,not fresh,0.0039514606,0.9985211,0.9906181,0,True,True,True,False,False,False,Likely Spoiled,Not Suitable,10.310914,Not Suitable,2,2,True,False
20260429_201558.jpg,4,Pork Belly,spoiled,14:53:40,E:\Thesis Code\processed_hsv_lab_threshold_roi_224\sample 4\spoiled\20260429_201558.jpg,pork_belly_sample_4,belly,cross_rotation,all,meatlens,all,all,all,file_destination,E:\Thesis Code\processed_hsv_lab_threshold_roi_224\sample 4\spoiled\20260429_201558.jpg,False,partner_home,old_phone,,spoiled,not fresh,0.10833405,0.5023339,0.38933212,not fresh,0.5023339,spoiled,0.38933212,0.891666,0.113001764,1,False,True,True,False,True,True,Borderline Spoiled / Advanced Not Fresh,Not Suitable / Manual inspection recommended,42.35509,Consume Immediately,1,2,True,False
20260516_103855.jpg,8,Pork Loin,fresh,06:13:34,E:\Thesis Code\processed_hsv_lab_threshold_roi_224\sample 8\fresh\20260516_103855.jpg,pork_loin_sample_8,loin,cross_rotation,all,meatlens,all,all,all,file_destination,E:\Thesis Code\processed_hsv_lab_threshold_roi_224\sample 8\fresh\20260516_103855.jpg,False,partner_home,new_phone,,fresh,fresh,0.74633074,0.25245455,0.0012147684,fresh,0.74633074,not fresh,0.25245455,0.99878526,0.4938762,0,True,True,True,False,True,False,Borderline Fresh / Early Not Fresh,Consume Immediately / Check carefully,88.53022,Good for Consumption,0,0,True,False
20260703_095852.jpg,10,Pork Belly,fresh,04:00:00,E:\Thesis Code\processed_hsv_lab_threshold_roi_224\sample 10\fresh\20260703_095852.jpg,pork_belly_sample_10,belly,cross_rotation,all,public_dataset_2,all,all,all,file_destination,E:\Thesis Code\processed_hsv_lab_threshold_roi_224\sample 10\fresh\20260703_095852.jpg,False,public_dataset_2,public_dataset_2,,fresh,fresh,0.8351742,0.16217059,0.0026552635,fresh,0.8351742,not fresh,0.16217059,0.9973448,0.6730036,0,True,True,True,False,True,False,Borderline Fresh / Early Not Fresh,Consume Immediately / Check carefully,92.463356,Good for Consumption,0,0,True,False
20260516_190605.jpg,8,Pork Loin,spoiled,15:18:24,E:\Thesis Code\processed_hsv_lab_threshold_roi_224\sample 8\spoiled\20260516_190605.jpg,pork_loin_sample_8,loin,cross_rotation,all,meatlens,all,all,all,file_destination,E:\Thesis Code\processed_hsv_lab_threshold_roi_224\sample 8\spoiled\20260516_190605.jpg,False,partner_home,new_phone,,spoiled,not fresh,0.0037190649,0.6533248,0.34295624,not fresh,0.6533248,spoiled,0.34295624,0.996281,0.31036854,1,False,True,True,False,True,False,Borderline Spoiled / Advanced Not Fresh,Not Suitable / Manual inspection recommended,39.734333,Not Suitable,1,2,True,False
20260703_085903.jpg,10,Pork Belly,fresh,04:00:00,E:\Thesis Code\processed_hsv_lab_threshold_roi_224\sample 10\fresh\20260703_085903.jpg,pork_belly_sample_10,belly,cross_rotation,all,public_dataset_2,all,all,all,file_destination,E:\Thesis Code\processed_hsv_lab_threshold_roi_224\sample 10\fresh\20260703_085903.jpg,False,public_dataset_2,public_dataset_2,,fresh,fresh,0.8847464,0.114561826,0.00069176714,fresh,0.8847464,not fresh,0.114561826,0.9993082,0.7701845,0,True,True,True,False,True,False,Borderline Fresh / Early Not Fresh,Consume Immediately / Check carefully,94.782455,Good for Consumption,0,0,True,False
20260423_121229.jpg,2,Pork Shoulder,not fresh,08:10:15,E:\Thesis Code\processed_hsv_lab_threshold_roi_224\sample 2\not fresh\20260423_121229.jpg,pork_shoulder_sample_2,shoulder,cross_rotation,all,meatlens,all,all,all,file_destination,E:\Thesis Code\processed_hsv_lab_threshold_roi_224\sample 2\not fresh\20260423_121229.jpg,False,partner_home,old_phone,,not fresh,not fresh,0.01539137,0.97021633,0.014392185,not fresh,0.97021633,fresh,0.01539137,0.9856077,0.954825,0,True,True,True,False,False,False,Likely Not Fresh,Consume Immediately / Manual inspection recommended,55.044956,Consume Immediately,1,1,True,False
20260517_002827.jpg,8,Pork Loin,spoiled,21:50:21,E:\Thesis Code\processed_hsv_lab_threshold_roi_224\sample 8\spoiled\20260517_002827.jpg,pork_loin_sample_8,loin,cross_rotation,all,meatlens,all,all,all,file_destination,E:\Thesis Code\processed_hsv_lab_threshold_roi_224\sample 8\spoiled\20260517_002827.jpg,False,partner_home,new_phone,,spoiled,spoiled,0.0016937533,0.17257918,0.82572705,spoiled,0.82572705,not fresh,0.17257918,0.9983062,0.6531479,0,True,True,True,False,True,False,Borderline Spoiled / Advanced Not Fresh,Not Suitable / Manual inspection recommended,17.9185,Not Suitable,2,2,True,False
20260516_073926.jpg,8,Pork Loin,fresh,01:03:19,E:\Thesis Code\processed_hsv_lab_threshold_roi_224\sample 8\fresh\20260516_073926.jpg,pork_loin_sample_8,loin,cross_rotation,all,meatlens,all,all,all,file_destination,E:\Thesis Code\processed_hsv_lab_threshold_roi_224\sample 8\fresh\20260516_073926.jpg,False,partner_home,new_phone,,fresh,fresh,0.9946918,0.005261256,4.6933816e-05,fresh,0.9946918,not fresh,0.005261256,0.99995303,0.98943055,0,True,True,True,False,False,False,Likely Fresh,Good for Consumption,99.75902,Good for Consumption,0,0,True,False
20260423_182449.jpg,2,Pork Shoulder,spoiled,14:40:24,E:\Thesis Code\processed_hsv_lab_threshold_roi_224\sample 2\spoiled\20260423_182449.jpg,pork_shoulder_sample_2,shoulder,cross_rotation,all,meatlens,all,all,all,file_destination,E:\Thesis Code\processed_hsv_lab_threshold_roi_224\sample 2\spoiled\20260423_182449.jpg,False,partner_home,old_phone,,spoiled,spoiled,0.007794846,0.1703216,0.82188356,spoiled,0.82188356,not fresh,0.1703216,0.99220514,0.651562,0,True,True,True,False,True,False,Borderline Spoiled / Advanced Not Fresh,Not Suitable / Manual inspection recommended,18.366009,Not Suitable,2,2,True,False
IMG20260423073200.jpg,2,Pork Shoulder,fresh,01:48:33,E:\Thesis Code\processed_hsv_lab_threshold_roi_224\sample 2\fresh\IMG20260423073200.jpg,pork_shoulder_sample_2,shoulder,cross_rotation,all,meatlens,all,all,all,file_destination,E:\Thesis Code\processed_hsv_lab_threshold_roi_224\sample 2\fresh\IMG20260423073200.jpg,False,partner_home,old_phone,,fresh,fresh,0.99139166,0.003020357,0.0055879448,fresh,0.99139166,spoiled,0.0055879448,0.9969796,0.9858037,0,True,True,True,False,False,False,Likely Fresh,Good for Consumption,99.36117,Good for Consumption,0,0,False,False
20260425_192523.jpg,1,Pork Shoulder,spoiled,39:38:17,E:\Thesis Code\processed_hsv_lab_threshold_roi_224\sample 1\spoiled\20260425_192523.jpg,pork_shoulder_sample_1,shoulder,cross_rotation,all,meatlens,all,all,all,file_destination,E:\Thesis Code\processed_hsv_lab_threshold_roi_224\sample 1\spoiled\20260425_192523.jpg,False,researcher_home,old_phone,,spoiled,spoiled,0.0009541799,0.031162722,0.9678831,spoiled,0.9678831,not fresh,0.031162722,0.99904585,0.9367204,0,True,True,True,False,False,False,Likely Spoiled,Not Suitable,11.488199,Not Suitable,2,2,True,False
20260429_192527.jpg,3,Pork Belly,not fresh,15:21:24,E:\Thesis Code\processed_hsv_lab_threshold_roi_224\sample 3\not fresh\20260429_192527.jpg,pork_belly_sample_3,belly,cross_rotation,all,meatlens,all,all,all,file_destination,E:\Thesis Code\processed_hsv_lab_threshold_roi_224\sample 3\not fresh\20260429_192527.jpg,False,researcher_home,old_phone,,not fresh,not fresh,0.0025593613,0.5729651,0.42447552,not fresh,0.5729651,spoiled,0.42447552,0.9974406,0.14848956,0,True,True,True,False,True,True,Borderline Spoiled / Advanced Not Fresh,Not Suitable / Manual inspection recommended,36.01377,Not Suitable,1,1,True,False
IMG20260508080856.jpg,6,Pork Ham,fresh,02:40:24,E:\Thesis Code\processed_hsv_lab_threshold_roi_224\sample 6\fresh\IMG20260508080856.jpg,pork_ham_sample_6,ham,cross_rotation,all,meatlens,all,all,all,file_destination,E:\Thesis Code\processed_hsv_lab_threshold_roi_224\sample 6\fresh\IMG20260508080856.jpg,False,partner_home,new_phone,,fresh,fresh,0.995663,0.0037898105,0.0005472127,fresh,0.995663,not fresh,0.0037898105,0.99945277,0.9918732,0,True,True,True,False,False,False,Likely Fresh,Good for Consumption,99.78021,Good for Consumption,0,0,True,False
20260624_170917.jpg,9,Pork Hind Leg,not fresh,12:00:00,E:\Thesis Code\processed_hsv_lab_threshold_roi_224\sample 9\not fresh\20260624_170917.jpg,pork_hind_leg_sample_9,hind_leg,cross_rotation,all,public_dataset_2,all,all,all,file_destination,E:\Thesis Code\processed_hsv_lab_threshold_roi_224\sample 9\not fresh\20260624_170917.jpg,False,public_dataset_2,public_dataset_2,,not fresh,not fresh,0.18617724,0.7242979,0.08952482,not fresh,0.7242979,fresh,0.18617724,0.91047513,0.5381206,0,True,True,True,False,True,False,Borderline Fresh / Early Not Fresh,Consume Immediately / Check carefully,59.349354,Consume Immediately,1,1,True,False
IMG20260509200345.jpg,6,Pork Ham,spoiled,26:51:52,E:\Thesis Code\processed_hsv_lab_threshold_roi_224\sample 6\spoiled\IMG20260509200345.jpg,pork_ham_sample_6,ham,cross_rotation,all,meatlens,all,all,all,file_destination,E:\Thesis Code\processed_hsv_lab_threshold_roi_224\sample 6\spoiled\IMG20260509200345.jpg,False,partner_home,new_phone,,spoiled,spoiled,1.0435916e-05,0.0066929064,0.9932967,spoiled,0.9932967,not fresh,0.0066929064,0.99998957,0.9866038,0,True,True,True,False,False,False,Likely Spoiled,Not Suitable,10.30212,Not Suitable,2,2,True,False
IMG_20260508_070440.jpg,5,Pork Ham,fresh,02:53:40,E:\Thesis Code\processed_hsv_lab_threshold_roi_224\sample 5\fresh\IMG_20260508_070440.jpg,pork_ham_sample_5,ham,cross_rotation,all,meatlens,all,all,all,file_destination,E:\Thesis Code\processed_hsv_lab_threshold_roi_224\sample 5\fresh\IMG_20260508_070440.jpg,False,researcher_home,new_phone,,fresh,fresh,0.99936986,0.00061609887,1.4017259e-05,fresh,0.99936986,not fresh,0.00061609887,0.99998593,0.9987538,0,True,True,True,False,False,False,Likely Fresh,Good for Consumption,99.97101,Good for Consumption,0,0,True,False
IMG20260508171530.jpg,6,Pork Ham,not fresh,13:15:41,E:\Thesis Code\processed_hsv_lab_threshold_roi_224\sample 6\not fresh\IMG20260508171530.jpg,pork_ham_sample_6,ham,cross_rotation,all,meatlens,all,all,all,file_destination,E:\Thesis Code\processed_hsv_lab_threshold_roi_224\sample 6\not fresh\IMG20260508171530.jpg,False,partner_home,new_phone,,not fresh,not fresh,0.018291088,0.8617101,0.11999878,not fresh,0.8617101,spoiled,0.11999878,0.9817089,0.74171126,0,True,True,True,False,True,False,Borderline Spoiled / Advanced Not Fresh,Not Suitable / Manual inspection recommended,50.42315,Consume Immediately,1,1,True,False
20260624_101409.jpg,9,Pork Hind Leg,fresh,04:00:00,E:\Thesis Code\processed_hsv_lab_threshold_roi_224\sample 9\fresh\20260624_101409.jpg,pork_hind_leg_sample_9,hind_leg,cross_rotation,all,public_dataset_2,all,all,all,file_destination,E:\Thesis Code\processed_hsv_lab_threshold_roi_224\sample 9\fresh\20260624_101409.jpg,False,public_dataset_2,public_dataset_2,,fresh,fresh,0.67716616,0.28799683,0.03483699,fresh,0.67716616,not fresh,0.28799683,0.965163,0.38916934,0,True,True,True,False,True,False,Borderline Fresh / Early Not Fresh,Consume Immediately / Check carefully,83.90481,Good for Consumption,0,0,True,False
IMG_20260517_222335.jpg,7,Pork Loin,spoiled,16:13:16,E:\Thesis Code\processed_hsv_lab_threshold_roi_224\sample 7\spoiled\IMG_20260517_222335.jpg,pork_loin_sample_7,loin,cross_rotation,all,meatlens,all,all,all,file_destination,E:\Thesis Code\processed_hsv_lab_threshold_roi_224\sample 7\spoiled\IMG_20260517_222335.jpg,False,researcher_home,new_phone,,spoiled,spoiled,0.021029584,0.34190512,0.6370653,spoiled,0.6370653,not fresh,0.34190512,0.9789704,0.29516017,0,True,True,True,False,True,False,Borderline Spoiled / Advanced Not Fresh,Not Suitable / Manual inspection recommended,27.278393,Not Suitable,2,2,True,False
IMG_20260518_164125.jpg,7,Pork Loin,spoiled,33:12:22,E:\Thesis Code\processed_hsv_lab_threshold_roi_224\sample 7\spoiled\IMG_20260518_164125.jpg,pork_loin_sample_7,loin,cross_rotation,all,meatlens,all,all,all,file_destination,E:\Thesis Code\processed_hsv_lab_threshold_roi_224\sample 7\spoiled\IMG_20260518_164125.jpg,False,researcher_home,new_phone,,spoiled,spoiled,0.00014021888,0.0005814141,0.9992783,spoiled,0.9992783,not fresh,0.0005814141,0.99985975,0.99869686,0,True,True,True,False,False,False,Likely Spoiled,Not Suitable,10.038783,Not Suitable,2,2,True,False
20260625_150119.jpg,9,Pork Hind Leg,spoiled,24:00:00,E:\Thesis Code\processed_hsv_lab_threshold_roi_224\sample 9\spoiled\20260625_150119.jpg,pork_hind_leg_sample_9,hind_leg,cross_rotation,all,public_dataset_2,all,all,all,file_destination,E:\Thesis Code\processed_hsv_lab_threshold_roi_224\sample 9\spoiled\20260625_150119.jpg,False,public_dataset_2,public_dataset_2,,spoiled,spoiled,0.0036659325,0.0011064106,0.9952277,spoiled,0.9952277,fresh,0.0036659325,0.9988936,0.9915618,0,True,True,True,False,False,False,Likely Spoiled,Not Suitable,10.379723,Not Suitable,2,2,False,False
20260423_151203.jpg,2,Pork Shoulder,not fresh,10:51:15,E:\Thesis Code\processed_hsv_lab_threshold_roi_224\sample 2\not fresh\20260423_151203.jpg,pork_shoulder_sample_2,shoulder,cross_rotation,all,meatlens,all,all,all,file_destination,E:\Thesis Code\processed_hsv_lab_threshold_roi_224\sample 2\not fresh\20260423_151203.jpg,False,partner_home,old_phone,,not fresh,not fresh,0.010687792,0.96240926,0.026902957,not fresh,0.96240926,spoiled,0.026902957,0.98931223,0.9355063,0,True,True,True,False,False,False,Likely Not Fresh,Consume Immediately / Manual inspection recommended,54.270317,Consume Immediately,1,1,True,False
IMG20260508171930.jpg,6,Pork Ham,not fresh,13:19:54,E:\Thesis Code\processed_hsv_lab_threshold_roi_224\sample 6\not fresh\IMG20260508171930.jpg,pork_ham_sample_6,ham,cross_rotation,all,meatlens,all,all,all,file_destination,E:\Thesis Code\processed_hsv_lab_threshold_roi_224\sample 6\not fresh\IMG20260508171930.jpg,False,partner_home,new_phone,,not fresh,not fresh,0.016060675,0.87324756,0.11069182,not fresh,0.87324756,spoiled,0.11069182,0.9839394,0.7625557,0,True,True,True,False,True,False,Borderline Spoiled / Advanced Not Fresh,Not Suitable / Manual inspection recommended,50.7416,Consume Immediately,1,1,True,False
20260429_155123.jpg,3,Pork Belly,not fresh,11:46:44,E:\Thesis Code\processed_hsv_lab_threshold_roi_224\sample 3\not fresh\20260429_155123.jpg,pork_belly_sample_3,belly,cross_rotation,all,meatlens,all,all,all,file_destination,E:\Thesis Code\processed_hsv_lab_threshold_roi_224\sample 3\not fresh\20260429_155123.jpg,False,researcher_home,old_phone,,not fresh,not fresh,0.010376044,0.9844417,0.005182224,not fresh,0.9844417,fresh,0.010376044,0.99481773,0.97406566,0,True,True,True,False,False,False,Likely Not Fresh,Consume Immediately / Manual inspection recommended,55.23372,Consume Immediately,1,1,True,False
IMG20260423083734.jpg,2,Pork Shoulder,fresh,03:31:39,E:\Thesis Code\processed_hsv_lab_threshold_roi_224\sample 2\fresh\IMG20260423083734.jpg,pork_shoulder_sample_2,shoulder,cross_rotation,all,meatlens,all,all,all,file_destination,E:\Thesis Code\processed_hsv_lab_threshold_roi_224\sample 2\fresh\IMG20260423083734.jpg,False,partner_home,old_phone,,fresh,fresh,0.9937854,0.0053340658,0.0008806184,fresh,0.9937854,not fresh,0.0053340658,0.99911946,0.9884513,0,True,True,True,False,False,False,Likely Fresh,Good for Consumption,99.68072,Good for Consumption,0,0,True,False
IMG_20260508_101344.jpg,5,Pork Ham,fresh,06:09:03,E:\Thesis Code\processed_hsv_lab_threshold_roi_224\sample 5\fresh\IMG_20260508_101344.jpg,pork_ham_sample_5,ham,cross_rotation,all,meatlens,all,all,all,file_destination,E:\Thesis Code\processed_hsv_lab_threshold_roi_224\sample 5\fresh\IMG_20260508_101344.jpg,False,researcher_home,new_phone,,fresh,fresh,0.993856,0.0058701495,0.0002737974,fresh,0.993856,not fresh,0.0058701495,0.9997262,0.98798585,0,True,True,True,False,False,False,Likely Fresh,Good for Consumption,99.7112,Good for Consumption,0,0,True,False
20260429_172925.jpg,3,Pork Belly,not fresh,13:25:38,E:\Thesis Code\processed_hsv_lab_threshold_roi_224\sample 3\not fresh\20260429_172925.jpg,pork_belly_sample_3,belly,cross_rotation,all,meatlens,all,all,all,file_destination,E:\Thesis Code\processed_hsv_lab_threshold_roi_224\sample 3\not fresh\20260429_172925.jpg,False,researcher_home,old_phone,,not fresh,not fresh,0.00412768,0.9552788,0.04059361,not fresh,0.9552788,spoiled,0.04059361,0.99587244,0.9146852,0,True,True,True,False,False,False,Likely Not Fresh,Consume Immediately / Manual inspection recommended,53.35904,Consume Immediately,1,1,True,False
IMG20260508173001.jpg,6,Pork Ham,not fresh,13:30:27,E:\Thesis Code\processed_hsv_lab_threshold_roi_224\sample 6\not fresh\IMG20260508173001.jpg,pork_ham_sample_6,ham,cross_rotation,all,meatlens,all,all,all,file_destination,E:\Thesis Code\processed_hsv_lab_threshold_roi_224\sample 6\not fresh\IMG20260508173001.jpg,False,partner_home,new_phone,,not fresh,not fresh,0.010735733,0.80457526,0.184689,not fresh,0.80457526,spoiled,0.184689,0.98926425,0.6198863,0,True,True,True,False,True,False,Borderline Spoiled / Advanced Not Fresh,Not Suitable / Manual inspection recommended,47.172104,Consume Immediately,1,1,True,False
20260424_072837.jpg,1,Pork Shoulder,fresh,01:05:08,E:\Thesis Code\processed_hsv_lab_threshold_roi_224\sample 1\fresh\20260424_072837.jpg,pork_shoulder_sample_1,shoulder,cross_rotation,all,meatlens,all,all,all,file_destination,E:\Thesis Code\processed_hsv_lab_threshold_roi_224\sample 1\fresh\20260424_072837.jpg,False,researcher_home,old_phone,,fresh,fresh,0.9821138,0.017441394,0.00044474384,fresh,0.9821138,not fresh,0.017441394,0.9995552,0.9646724,0,True,True,True,False,False,False,Likely Fresh,Good for Consumption,99.1751,Good for Consumption,0,0,True,False
IMG20260508230652.jpg,6,Pork Ham,spoiled,18:30:09,E:\Thesis Code\processed_hsv_lab_threshold_roi_224\sample 6\spoiled\IMG20260508230652.jpg,pork_ham_sample_6,ham,cross_rotation,all,meatlens,all,all,all,file_destination,E:\Thesis Code\processed_hsv_lab_threshold_roi_224\sample 6\spoiled\IMG20260508230652.jpg,False,partner_home,new_phone,,spoiled,spoiled,0.0009153084,0.12451488,0.87456983,spoiled,0.87456983,not fresh,0.12451488,0.9990847,0.75005496,0,True,True,True,False,True,False,Borderline Spoiled / Advanced Not Fresh,Not Suitable / Manual inspection recommended,15.685548,Not Suitable,2,2,True,False
20260424_111944.jpg,1,Pork Shoulder,fresh,06:57:17,E:\Thesis Code\processed_hsv_lab_threshold_roi_224\sample 1\fresh\20260424_111944.jpg,pork_shoulder_sample_1,shoulder,cross_rotation,all,meatlens,all,all,all,file_destination,E:\Thesis Code\processed_hsv_lab_threshold_roi_224\sample 1\fresh\20260424_111944.jpg,False,researcher_home,old_phone,,fresh,fresh,0.9637948,0.035837844,0.0003673128,fresh,0.9637948,not fresh,0.035837844,0.99963266,0.927957,0,True,True,True,False,False,False,Likely Fresh,Good for Consumption,98.35424,Good for Consumption,0,0,True,False
IMG_20260508_142300.jpg,5,Pork Ham,not fresh,10:19:54,E:\Thesis Code\processed_hsv_lab_threshold_roi_224\sample 5\not fresh\IMG_20260508_142300.jpg,pork_ham_sample_5,ham,cross_rotation,all,meatlens,all,all,all,file_destination,E:\Thesis Code\processed_hsv_lab_threshold_roi_224\sample 5\not fresh\IMG_20260508_142300.jpg,False,researcher_home,new_phone,,not fresh,not fresh,0.16597144,0.8280748,0.005953755,not fresh,0.8280748,fresh,0.16597144,0.9940463,0.66210335,0,True,True,True,False,True,False,Borderline Fresh / Early Not Fresh,Consume Immediately / Check carefully,62.200798,Consume Immediately,1,1,True,False
20260426_034346.jpg,1,Pork Shoulder,spoiled,47:40:42,E:\Thesis Code\processed_hsv_lab_threshold_roi_224\sample 1\spoiled\20260426_034346.jpg,pork_shoulder_sample_1,shoulder,cross_rotation,all,meatlens,all,all,all,file_destination,E:\Thesis Code\processed_hsv_lab_threshold_roi_224\sample 1\spoiled\20260426_034346.jpg,False,researcher_home,old_phone,,spoiled,spoiled,1.7238259e-06,0.002027126,0.9979711,spoiled,0.9979711,not fresh,0.002027126,0.9999983,0.99594396,0,True,True,True,False,False,False,Likely Spoiled,Not Suitable,10.091375,Not Suitable,2,2,True,False
20260430_092736.jpg,3,Pork Belly,spoiled,24:56:41,E:\Thesis Code\processed_hsv_lab_threshold_roi_224\sample 3\spoiled\20260430_092736.jpg,pork_belly_sample_3,belly,cross_rotation,all,meatlens,all,all,all,file_destination,E:\Thesis Code\processed_hsv_lab_threshold_roi_224\sample 3\spoiled\20260430_092736.jpg,False,researcher_home,old_phone,,spoiled,spoiled,0.00067286956,0.0021461162,0.99718106,spoiled,0.99718106,not fresh,0.0021461162,0.9993272,0.99503493,0,True,True,True,False,False,False,Likely Spoiled,Not Suitable,10.157134,Not Suitable,2,2,True,False
IMG_20260508_184124.jpg,5,Pork Ham,not fresh,14:30:45,E:\Thesis Code\processed_hsv_lab_threshold_roi_224\sample 5\not fresh\IMG_20260508_184124.jpg,pork_ham_sample_5,ham,cross_rotation,all,meatlens,all,all,all,file_destination,E:\Thesis Code\processed_hsv_lab_threshold_roi_224\sample 5\not fresh\IMG_20260508_184124.jpg,False,researcher_home,new_phone,,not fresh,not fresh,0.0067465957,0.90911347,0.084140055,not fresh,0.90911347,spoiled,0.084140055,0.9932535,0.8249734,0,True,True,True,False,False,False,Likely Not Fresh,Consume Immediately / Manual inspection recommended,51.5173,Consume Immediately,1,1,True,False
20260424_103342.jpg,1,Pork Shoulder,fresh,05:47:20,E:\Thesis Code\processed_hsv_lab_threshold_roi_224\sample 1\fresh\20260424_103342.jpg,pork_shoulder_sample_1,shoulder,cross_rotation,all,meatlens,all,all,all,file_destination,E:\Thesis Code\processed_hsv_lab_threshold_roi_224\sample 1\fresh\20260424_103342.jpg,False,researcher_home,old_phone,,fresh,fresh,0.9824693,0.016013116,0.0015175706,fresh,0.9824693,not fresh,0.016013116,0.99848247,0.9664562,0,True,True,True,False,False,False,Likely Fresh,Good for Consumption,99.14283,Good for Consumption,0,0,True,False
20260703_070941.jpg,10,Pork Belly,fresh,04:00:00,E:\Thesis Code\processed_hsv_lab_threshold_roi_224\sample 10\fresh\20260703_070941.jpg,pork_belly_sample_10,belly,cross_rotation,all,public_dataset_2,all,all,all,file_destination,E:\Thesis Code\processed_hsv_lab_threshold_roi_224\sample 10\fresh\20260703_070941.jpg,False,public_dataset_2,public_dataset_2,,fresh,fresh,0.95224005,0.04592977,0.0018301795,fresh,0.95224005,not fresh,0.04592977,0.99816984,0.90631026,0,True,True,True,False,False,False,Likely Fresh,Good for Consumption,97.76845,Good for Consumption,0,0,True,False
20260425_114019.jpg,1,Pork Shoulder,spoiled,31:45:32,E:\Thesis Code\processed_hsv_lab_threshold_roi_224\sample 1\spoiled\20260425_114019.jpg,pork_shoulder_sample_1,shoulder,cross_rotation,all,meatlens,all,all,all,file_destination,E:\Thesis Code\processed_hsv_lab_threshold_roi_224\sample 1\spoiled\20260425_114019.jpg,False,researcher_home,old_phone,,spoiled,spoiled,4.751928e-06,0.0049154754,0.99507976,spoiled,0.99507976,not fresh,0.0049154754,0.99999523,0.9901643,0,True,True,True,False,False,False,Likely Spoiled,Not Suitable,10.221623,Not Suitable,2,2,True,False
20260425_071615.jpg,1,Pork Shoulder,spoiled,27:15:23,E:\Thesis Code\processed_hsv_lab_threshold_roi_224\sample 1\spoiled\20260425_071615.jpg,pork_shoulder_sample_1,shoulder,cross_rotation,all,meatlens,all,all,all,file_destination,E:\Thesis Code\processed_hsv_lab_threshold_roi_224\sample 1\spoiled\20260425_071615.jpg,False,researcher_home,old_phone,,spoiled,spoiled,0.013626643,0.116004236,0.87036914,spoiled,0.87036914,not fresh,0.116004236,0.98637336,0.7543649,0,True,True,True,False,True,False,Borderline Spoiled / Advanced Not Fresh,Not Suitable / Manual inspection recommended,16.446589,Not Suitable,2,2,True,False
IMG_20260517_172934.jpg,7,Pork Loin,not fresh,11:47:02,E:\Thesis Code\processed_hsv_lab_threshold_roi_224\sample 7\not fresh\IMG_20260517_172934.jpg,pork_loin_sample_7,loin,cross_rotation,all,meatlens,all,all,all,file_destination,E:\Thesis Code\processed_hsv_lab_threshold_roi_224\sample 7\not fresh\IMG_20260517_172934.jpg,False,researcher_home,new_phone,,not fresh,not fresh,0.006022051,0.921607,0.07237092,not fresh,0.921607,spoiled,0.07237092,0.9939779,0.84923613,0,True,True,True,False,False,False,Likely Not Fresh,Consume Immediately / Manual inspection recommended,52.0143,Consume Immediately,1,1,True,False
20260704_170834.jpg,10,Pork Belly,spoiled,24:00:00,E:\Thesis Code\processed_hsv_lab_threshold_roi_224\sample 10\spoiled\20260704_170834.jpg,pork_belly_sample_10,belly,cross_rotation,all,public_dataset_2,all,all,all,file_destination,E:\Thesis Code\processed_hsv_lab_threshold_roi_224\sample 10\spoiled\20260704_170834.jpg,False,public_dataset_2,public_dataset_2,,spoiled,spoiled,0.009190763,0.014344148,0.97646505,spoiled,0.97646505,not fresh,0.014344148,0.9908092,0.9621209,0,True,True,True,False,False,False,Likely Spoiled,Not Suitable,11.472655,Not Suitable,2,2,True,False
IMG_20260508_184624.jpg,5,Pork Ham,not fresh,14:35:35,E:\Thesis Code\processed_hsv_lab_threshold_roi_224\sample 5\not fresh\IMG_20260508_184624.jpg,pork_ham_sample_5,ham,cross_rotation,all,meatlens,all,all,all,file_destination,E:\Thesis Code\processed_hsv_lab_threshold_roi_224\sample 5\not fresh\IMG_20260508_184624.jpg,False,researcher_home,new_phone,,not fresh,not fresh,0.0049631023,0.94289917,0.05213767,not fresh,0.94289917,spoiled,0.05213767,0.99503684,0.8907615,0,True,True,True,False,False,False,Likely Not Fresh,Consume Immediately / Manual inspection recommended,52.87714,Consume Immediately,1,1,True,False
20260429_072820.jpg,4,Pork Belly,fresh,03:01:12,E:\Thesis Code\processed_hsv_lab_threshold_roi_224\sample 4\fresh\20260429_072820.jpg,pork_belly_sample_4,belly,cross_rotation,all,meatlens,all,all,all,file_destination,E:\Thesis Code\processed_hsv_lab_threshold_roi_224\sample 4\fresh\20260429_072820.jpg,False,partner_home,old_phone,,fresh,fresh,0.99922323,0.0005400856,0.00023664073,fresh,0.99922323,not fresh,0.0005400856,0.9997633,0.99868315,0,True,True,True,False,False,False,Likely Fresh,Good for Consumption,99.95439,Good for Consumption,0,0,True,False
20260430_192843.jpg,4,Pork Belly,spoiled,34:18:42,E:\Thesis Code\processed_hsv_lab_threshold_roi_224\sample 4\spoiled\20260430_192843.jpg,pork_belly_sample_4,belly,cross_rotation,all,meatlens,all,all,all,file_destination,E:\Thesis Code\processed_hsv_lab_threshold_roi_224\sample 4\spoiled\20260430_192843.jpg,False,partner_home,old_phone,,spoiled,spoiled,0.008183991,0.023424864,0.9683912,spoiled,0.9683912,not fresh,0.023424864,0.99181604,0.9449663,0,True,True,True,False,False,False,Likely Spoiled,Not Suitable,11.790678,Not Suitable,2,2,True,False
20260516_104426.jpg,8,Pork Loin,fresh,06:24:07,E:\Thesis Code\processed_hsv_lab_threshold_roi_224\sample 8\fresh\20260516_104426.jpg,pork_loin_sample_8,loin,cross_rotation,all,meatlens,all,all,all,file_destination,E:\Thesis Code\processed_hsv_lab_threshold_roi_224\sample 8\fresh\20260516_104426.jpg,False,partner_home,new_phone,,fresh,fresh,0.6615468,0.33692157,0.0015316509,fresh,0.6615468,not fresh,0.33692157,0.9984684,0.32462525,0,True,True,True,False,True,False,Borderline Fresh / Early Not Fresh,Consume Immediately / Check carefully,84.70068,Good for Consumption,0,0,True,False
20260423_120243.jpg,2,Pork Shoulder,not fresh,07:59:24,E:\Thesis Code\processed_hsv_lab_threshold_roi_224\sample 2\not fresh\20260423_120243.jpg,pork_shoulder_sample_2,shoulder,cross_rotation,all,meatlens,all,all,all,file_destination,E:\Thesis Code\processed_hsv_lab_threshold_roi_224\sample 2\not fresh\20260423_120243.jpg,False,partner_home,old_phone,,not fresh,not fresh,0.015827335,0.9757587,0.008414019,not fresh,0.9757587,fresh,0.015827335,0.991586,0.9599313,0,True,True,True,False,False,False,Likely Not Fresh,Consume Immediately / Manual inspection recommended,55.3336,Consume Immediately,1,1,True,False
20260424_130845.jpg,1,Pork Shoulder,not fresh,09:07:32,E:\Thesis Code\processed_hsv_lab_threshold_roi_224\sample 1\not fresh\20260424_130845.jpg,pork_shoulder_sample_1,shoulder,cross_rotation,all,meatlens,all,all,all,file_destination,E:\Thesis Code\processed_hsv_lab_threshold_roi_224\sample 1\not fresh\20260424_130845.jpg,False,researcher_home,old_phone,,not fresh,not fresh,0.009483455,0.98208874,0.0084278695,not fresh,0.98208874,fresh,0.009483455,0.9915722,0.9726053,0,True,True,True,False,False,False,Likely Not Fresh,Consume Immediately / Manual inspection recommended,55.047504,Consume Immediately,1,1,True,False
20260624_095336.jpg,9,Pork Hind Leg,fresh,04:00:00,E:\Thesis Code\processed_hsv_lab_threshold_roi_224\sample 9\fresh\20260624_095336.jpg,pork_hind_leg_sample_9,hind_leg,cross_rotation,all,public_dataset_2,all,all,all,file_destination,E:\Thesis Code\processed_hsv_lab_threshold_roi_224\sample 9\fresh\20260624_095336.jpg,False,public_dataset_2,public_dataset_2,,fresh,fresh,0.70220995,0.276353,0.021437068,fresh,0.70220995,not fresh,0.276353,0.97856295,0.42585695,0,True,True,True,False,True,False,Borderline Fresh / Early Not Fresh,Consume Immediately / Check carefully,85.63478,Good for Consumption,0,0,True,False
20260429_115047.jpg,3,Pork Belly,fresh,02:31:48,E:\Thesis Code\processed_hsv_lab_threshold_roi_224\sample 3\fresh\20260429_115047.jpg,pork_belly_sample_3,belly,cross_rotation,all,meatlens,all,all,all,file_destination,E:\Thesis Code\processed_hsv_lab_threshold_roi_224\sample 3\fresh\20260429_115047.jpg,False,researcher_home,old_phone,,fresh,fresh,0.7021064,0.28030133,0.0175923,fresh,0.7021064,not fresh,0.28030133,0.98240775,0.42180508,0,True,True,True,False,True,False,Borderline Fresh / Early Not Fresh,Consume Immediately / Check carefully,85.80314,Good for Consumption,0,0,True,False
20260424_141346.jpg,1,Pork Shoulder,not fresh,10:12:40,E:\Thesis Code\processed_hsv_lab_threshold_roi_224\sample 1\not fresh\20260424_141346.jpg,pork_shoulder_sample_1,shoulder,cross_rotation,all,meatlens,all,all,all,file_destination,E:\Thesis Code\processed_hsv_lab_threshold_roi_224\sample 1\not fresh\20260424_141346.jpg,False,researcher_home,old_phone,,not fresh,not fresh,0.010977146,0.983713,0.005309852,not fresh,0.983713,fresh,0.010977146,0.9946901,0.9727358,0,True,True,True,False,False,False,Likely Not Fresh,Consume Immediately / Manual inspection recommended,55.255028,Consume Immediately,1,1,True,False
20260624_120943.jpg,9,Pork Hind Leg,not fresh,12:00:00,E:\Thesis Code\processed_hsv_lab_threshold_roi_224\sample 9\not fresh\20260624_120943.jpg,pork_hind_leg_sample_9,hind_leg,cross_rotation,all,public_dataset_2,all,all,all,file_destination,E:\Thesis Code\processed_hsv_lab_threshold_roi_224\sample 9\not fresh\20260624_120943.jpg,False,public_dataset_2,public_dataset_2,,not fresh,not fresh,0.3200931,0.6120848,0.06782215,not fresh,0.6120848,fresh,0.3200931,0.9321779,0.2919917,0,True,True,True,False,True,False,Borderline Fresh / Early Not Fresh,Consume Immediately / Check carefully,66.352196,Consume Immediately,1,1,True,False
20260624_104800.jpg,9,Pork Hind Leg,fresh,04:00:00,E:\Thesis Code\processed_hsv_lab_threshold_roi_224\sample 9\fresh\20260624_104800.jpg,pork_hind_leg_sample_9,hind_leg,cross_rotation,all,public_dataset_2,all,all,all,file_destination,E:\Thesis Code\processed_hsv_lab_threshold_roi_224\sample 9\fresh\20260624_104800.jpg,False,public_dataset_2,public_dataset_2,,fresh,fresh,0.5102381,0.42404798,0.065713994,fresh,0.5102381,not fresh,0.42404798,0.9342861,0.086190134,0,True,True,True,False,True,True,Borderline Fresh / Early Not Fresh,Consume Immediately / Check carefully,75.00359,Good for Consumption,0,0,True,False
20260424_141146.jpg,1,Pork Shoulder,not fresh,10:10:15,E:\Thesis Code\processed_hsv_lab_threshold_roi_224\sample 1\not fresh\20260424_141146.jpg,pork_shoulder_sample_1,shoulder,cross_rotation,all,meatlens,all,all,all,file_destination,E:\Thesis Code\processed_hsv_lab_threshold_roi_224\sample 1\not fresh\20260424_141146.jpg,False,researcher_home,old_phone,,not fresh,not fresh,0.0098763965,0.98360276,0.006520926,not fresh,0.98360276,fresh,0.0098763965,0.99347913,0.9737264,0,True,True,True,False,False,False,Likely Not Fresh,Consume Immediately / Manual inspection recommended,55.151,Consume Immediately,1,1,True,False
IMG20260508141019.jpg,6,Pork Ham,not fresh,10:09:57,E:\Thesis Code\processed_hsv_lab_threshold_roi_224\sample 6\not fresh\IMG20260508141019.jpg,pork_ham_sample_6,ham,cross_rotation,all,meatlens,all,all,all,file_destination,E:\Thesis Code\processed_hsv_lab_threshold_roi_224\sample 6\not fresh\IMG20260508141019.jpg,False,partner_home,new_phone,,not fresh,not fresh,0.012969426,0.93864065,0.048390016,not fresh,0.93864065,spoiled,0.048390016,0.9870307,0.8902506,0,True,True,True,False,False,False,Likely Not Fresh,Consume Immediately / Manual inspection recommended,53.40608,Consume Immediately,1,1,True,False
08-11-2022 21-51-49_jpg.rf.Ia9MLyf0slBPJr64122B.jpg,11,Various Pork Meat,not fresh,,E:\Thesis Code\processed_hsv_lab_threshold_roi_224\sample 11\half fresh\08-11-2022 21-51-49_jpg.rf.Ia9MLyf0slBPJr64122B.jpg,various_pork_meat_sample_11,various,cross_rotation,all,public_dataset_2,all,all,all,file_destination,E:\Thesis Code\processed_hsv_lab_threshold_roi_224\sample 11\half fresh\08-11-2022 21-51-49_jpg.rf.Ia9MLyf0slBPJr64122B.jpg,False,public_dataset_2,public_dataset_2,,not fresh,not fresh,0.23129077,0.61565673,0.15305246,not fresh,0.61565673,fresh,0.23129077,0.8469475,0.38436598,0,True,True,True,False,True,False,Borderline Fresh / Early Not Fresh,Consume Immediately / Check carefully,58.52072,Consume Immediately,1,1,True,False
20260624_205909.jpg,9,Pork Hind Leg,spoiled,24:00:00,E:\Thesis Code\processed_hsv_lab_threshold_roi_224\sample 9\spoiled\20260624_205909.jpg,pork_hind_leg_sample_9,hind_leg,cross_rotation,all,public_dataset_2,all,all,all,file_destination,E:\Thesis Code\processed_hsv_lab_threshold_roi_224\sample 9\spoiled\20260624_205909.jpg,False,public_dataset_2,public_dataset_2,,spoiled,spoiled,0.15895958,0.42034084,0.42069963,spoiled,0.42069963,not fresh,0.42034084,0.8410405,0.00035879016,0,True,True,True,False,True,True,Borderline Spoiled / Advanced Not Fresh,Not Suitable / Manual inspection recommended,43.2217,Consume Immediately,2,2,True,False
20260516_114035.jpg,8,Pork Loin,not fresh,07:46:26,E:\Thesis Code\processed_hsv_lab_threshold_roi_224\sample 8\not fresh\20260516_114035.jpg,pork_loin_sample_8,loin,cross_rotation,all,meatlens,all,all,all,file_destination,E:\Thesis Code\processed_hsv_lab_threshold_roi_224\sample 8\not fresh\20260516_114035.jpg,False,partner_home,new_phone,,not fresh,fresh,0.55026984,0.44797543,0.0017547007,fresh,0.55026984,not fresh,0.44797543,0.99824524,0.102294415,1,False,True,True,False,True,True,Borderline Fresh / Early Not Fresh,Consume Immediately / Check carefully,79.68318,Good for Consumption,0,1,True,False
20260624_091530.jpg,9,Pork Hind Leg,fresh,04:00:00,E:\Thesis Code\processed_hsv_lab_threshold_roi_224\sample 9\fresh\20260624_091530.jpg,pork_hind_leg_sample_9,hind_leg,cross_rotation,all,public_dataset_2,all,all,all,file_destination,E:\Thesis Code\processed_hsv_lab_threshold_roi_224\sample 9\fresh\20260624_091530.jpg,False,public_dataset_2,public_dataset_2,,fresh,fresh,0.8230298,0.16490696,0.012063174,fresh,0.8230298,not fresh,0.16490696,0.9879368,0.65812284,0,True,True,True,False,True,False,Borderline Fresh / Early Not Fresh,Consume Immediately / Check carefully,91.4935,Good for Consumption,0,0,True,False
SPOILED-222-_JPG.rf.93cf622a565ccb08af4c79407d5f7f23.jpg,12,Various Pork Meat,spoiled,,E:\Thesis Code\processed_hsv_lab_threshold_roi_224\sample 12\spoiled\SPOILED-222-_JPG.rf.93cf622a565ccb08af4c79407d5f7f23.jpg,various_pork_meat_sample_12,various,cross_rotation,all,public_dataset_2,all,all,all,file_destination,E:\Thesis Code\processed_hsv_lab_threshold_roi_224\sample 12\spoiled\SPOILED-222-_JPG.rf.93cf622a565ccb08af4c79407d5f7f23.jpg,False,public_dataset_2,public_dataset_2,,spoiled,spoiled,0.0011464693,0.04679794,0.95205563,spoiled,0.95205563,not fresh,0.04679794,0.99885356,0.9052577,0,True,True,True,False,False,False,Likely Spoiled,Not Suitable,12.20909,Not Suitable,2,2,True,False
09-11-2022 11-47-37_jpg.rf.cN0fzfOhRIKZFAlsw8hV.jpg,11,Various Pork Meat,spoiled,,E:\Thesis Code\processed_hsv_lab_threshold_roi_224\sample 11\spoiled\09-11-2022 11-47-37_jpg.rf.cN0fzfOhRIKZFAlsw8hV.jpg,various_pork_meat_sample_11,various,cross_rotation,all,public_dataset_2,all,all,all,file_destination,E:\Thesis Code\processed_hsv_lab_threshold_roi_224\sample 11\spoiled\09-11-2022 11-47-37_jpg.rf.cN0fzfOhRIKZFAlsw8hV.jpg,False,public_dataset_2,public_dataset_2,,spoiled,not fresh,0.1213262,0.5662144,0.31245944,not fresh,0.5662144,spoiled,0.31245944,0.8786738,0.25375494,1,False,True,True,False,True,True,Borderline Spoiled / Advanced Not Fresh,Not Suitable / Manual inspection recommended,46.399006,Consume Immediately,1,2,True,False
20260703_132309.jpg,10,Pork Belly,not fresh,12:00:00,E:\Thesis Code\processed_hsv_lab_threshold_roi_224\sample 10\not fresh\20260703_132309.jpg,pork_belly_sample_10,belly,cross_rotation,all,public_dataset_2,all,all,all,file_destination,E:\Thesis Code\processed_hsv_lab_threshold_roi_224\sample 10\not fresh\20260703_132309.jpg,False,public_dataset_2,public_dataset_2,,not fresh,not fresh,0.15376331,0.83687824,0.00935847,not fresh,0.83687824,fresh,0.15376331,0.99064153,0.68311495,0,True,True,True,False,True,False,Borderline Fresh / Early Not Fresh,Consume Immediately / Check carefully,61.49822,Consume Immediately,1,1,True,False
20260517_172953.jpg,8,Pork Loin,spoiled,36:20:30,E:\Thesis Code\processed_hsv_lab_threshold_roi_224\sample 8\spoiled\20260517_172953.jpg,pork_loin_sample_8,loin,cross_rotation,all,meatlens,all,all,all,file_destination,E:\Thesis Code\processed_hsv_lab_threshold_roi_224\sample 8\spoiled\20260517_172953.jpg,False,partner_home,new_phone,,spoiled,spoiled,9.610036e-06,0.003051759,0.9969387,spoiled,0.9969387,not fresh,0.003051759,0.99999046,0.99388695,0,True,True,True,False,False,False,Likely Spoiled,Not Suitable,10.138195,Not Suitable,2,2,True,False
20260430_121203.jpg,4,Pork Belly,spoiled,25:01:30,E:\Thesis Code\processed_hsv_lab_threshold_roi_224\sample 4\spoiled\20260430_121203.jpg,pork_belly_sample_4,belly,cross_rotation,all,meatlens,all,all,all,file_destination,E:\Thesis Code\processed_hsv_lab_threshold_roi_224\sample 4\spoiled\20260430_121203.jpg,False,partner_home,old_phone,,spoiled,spoiled,8.95614e-05,0.003963105,0.99594724,spoiled,0.99594724,not fresh,0.003963105,0.99991035,0.9919841,0,True,True,True,False,False,False,Likely Spoiled,Not Suitable,10.186399,Not Suitable,2,2,True,False
IMG20260508142920.jpg,6,Pork Ham,not fresh,10:28:57,E:\Thesis Code\processed_hsv_lab_threshold_roi_224\sample 6\not fresh\IMG20260508142920.jpg,pork_ham_sample_6,ham,cross_rotation,all,meatlens,all,all,all,file_destination,E:\Thesis Code\processed_hsv_lab_threshold_roi_224\sample 6\not fresh\IMG20260508142920.jpg,False,partner_home,new_phone,,not fresh,not fresh,0.018369013,0.9609317,0.020699281,not fresh,0.9609317,spoiled,0.020699281,0.981631,0.94023246,0,True,True,True,False,False,False,Likely Not Fresh,Consume Immediately / Manual inspection recommended,54.895138,Consume Immediately,1,1,True,False
20260703_195929.jpg,10,Pork Belly,spoiled,24:00:00,E:\Thesis Code\processed_hsv_lab_threshold_roi_224\sample 10\spoiled\20260703_195929.jpg,pork_belly_sample_10,belly,cross_rotation,all,public_dataset_2,all,all,all,file_destination,E:\Thesis Code\processed_hsv_lab_threshold_roi_224\sample 10\spoiled\20260703_195929.jpg,False,public_dataset_2,public_dataset_2,,spoiled,spoiled,0.002931962,0.12789579,0.8691722,spoiled,0.8691722,not fresh,0.12789579,0.997068,0.74127644,0,True,True,True,False,True,False,Borderline Spoiled / Advanced Not Fresh,Not Suitable / Manual inspection recommended,16.019186,Not Suitable,2,2,True,False
20260517_164515.jpg,8,Pork Loin,spoiled,35:25:38,E:\Thesis Code\processed_hsv_lab_threshold_roi_224\sample 8\spoiled\20260517_164515.jpg,pork_loin_sample_8,loin,cross_rotation,all,meatlens,all,all,all,file_destination,E:\Thesis Code\processed_hsv_lab_threshold_roi_224\sample 8\spoiled\20260517_164515.jpg,False,partner_home,new_phone,,spoiled,spoiled,7.960633e-06,0.0035624546,0.99642956,spoiled,0.99642956,not fresh,0.0035624546,0.999992,0.9928671,0,True,True,True,False,False,False,Likely Spoiled,Not Suitable,10.161027,Not Suitable,2,2,True,False
20260703_074636.jpg,10,Pork Belly,fresh,04:00:00,E:\Thesis Code\processed_hsv_lab_threshold_roi_224\sample 10\fresh\20260703_074636.jpg,pork_belly_sample_10,belly,cross_rotation,all,public_dataset_2,all,all,all,file_destination,E:\Thesis Code\processed_hsv_lab_threshold_roi_224\sample 10\fresh\20260703_074636.jpg,False,public_dataset_2,public_dataset_2,,fresh,fresh,0.9769844,0.02240627,0.00060934917,fresh,0.9769844,not fresh,0.02240627,0.99939066,0.9545781,0,True,True,True,False,False,False,Likely Fresh,Good for Consumption,98.936874,Good for Consumption,0,0,True,False
20260704_110932.jpg,10,Pork Belly,spoiled,24:00:00,E:\Thesis Code\processed_hsv_lab_threshold_roi_224\sample 10\spoiled\20260704_110932.jpg,pork_belly_sample_10,belly,cross_rotation,all,public_dataset_2,all,all,all,file_destination,E:\Thesis Code\processed_hsv_lab_threshold_roi_224\sample 10\spoiled\20260704_110932.jpg,False,public_dataset_2,public_dataset_2,,spoiled,spoiled,0.004029847,0.0077714557,0.98819864,spoiled,0.98819864,not fresh,0.0077714557,0.9959701,0.9804272,0,True,True,True,False,False,False,Likely Spoiled,Not Suitable,10.712401,Not Suitable,2,2,True,False
IMG_20260509_035826.jpg,5,Pork Ham,spoiled,19:55:11,E:\Thesis Code\processed_hsv_lab_threshold_roi_224\sample 5\spoiled\IMG_20260509_035826.jpg,pork_ham_sample_5,ham,cross_rotation,all,meatlens,all,all,all,file_destination,E:\Thesis Code\processed_hsv_lab_threshold_roi_224\sample 5\spoiled\IMG_20260509_035826.jpg,False,researcher_home,new_phone,,spoiled,spoiled,0.00057595246,0.029433664,0.96999043,spoiled,0.96999043,not fresh,0.029433664,0.9994241,0.94055676,0,True,True,True,False,False,False,Likely Spoiled,Not Suitable,11.376351,Not Suitable,2,2,True,False
20260703_125451.jpg,10,Pork Belly,not fresh,12:00:00,E:\Thesis Code\processed_hsv_lab_threshold_roi_224\sample 10\not fresh\20260703_125451.jpg,pork_belly_sample_10,belly,cross_rotation,all,public_dataset_2,all,all,all,file_destination,E:\Thesis Code\processed_hsv_lab_threshold_roi_224\sample 10\not fresh\20260703_125451.jpg,False,public_dataset_2,public_dataset_2,,not fresh,fresh,0.521412,0.474691,0.0038970741,fresh,0.521412,not fresh,0.474691,0.99610305,0.04672101,1,False,True,True,False,True,True,Borderline Fresh / Early Not Fresh,Consume Immediately / Check carefully,78.28818,Good for Consumption,0,1,True,False
HALF-FRESH-312-_JPG.rf.9b8ef85f71f295bd89ad460f60223143.jpg,12,Various Pork Meat,not fresh,,E:\Thesis Code\processed_hsv_lab_threshold_roi_224\sample 12\not fresh\HALF-FRESH-312-_JPG.rf.9b8ef85f71f295bd89ad460f60223143.jpg,various_pork_meat_sample_12,various,cross_rotation,all,public_dataset_2,all,all,all,file_destination,E:\Thesis Code\processed_hsv_lab_threshold_roi_224\sample 12\not fresh\HALF-FRESH-312-_JPG.rf.9b8ef85f71f295bd89ad460f60223143.jpg,False,public_dataset_2,public_dataset_2,,not fresh,not fresh,0.17001134,0.75217974,0.077808924,not fresh,0.75217974,fresh,0.17001134,0.9221911,0.5821684,0,True,True,True,False,True,False,Borderline Fresh / Early Not Fresh,Consume Immediately / Check carefully,59.14911,Consume Immediately,1,1,True,False
IMG20260508145451.jpg,6,Pork Ham,not fresh,10:54:16,E:\Thesis Code\processed_hsv_lab_threshold_roi_224\sample 6\not fresh\IMG20260508145451.jpg,pork_ham_sample_6,ham,cross_rotation,all,meatlens,all,all,all,file_destination,E:\Thesis Code\processed_hsv_lab_threshold_roi_224\sample 6\not fresh\IMG20260508145451.jpg,False,partner_home,new_phone,,not fresh,not fresh,0.0128051415,0.953958,0.03323696,not fresh,0.953958,spoiled,0.03323696,0.98719496,0.920721,0,True,True,True,False,False,False,Likely Not Fresh,Consume Immediately / Manual inspection recommended,54.080574,Consume Immediately,1,1,True,False
20260424_120044.jpg,1,Pork Shoulder,fresh,08:00:00,E:\Thesis Code\processed_hsv_lab_threshold_roi_224\sample 1\fresh\20260424_120044.jpg,pork_shoulder_sample_1,shoulder,cross_rotation,all,meatlens,all,all,all,file_destination,E:\Thesis Code\processed_hsv_lab_threshold_roi_224\sample 1\fresh\20260424_120044.jpg,False,researcher_home,old_phone,,fresh,fresh,0.7789273,0.21567334,0.005399342,fresh,0.7789273,not fresh,0.21567334,0.99460065,0.563254,0,True,True,True,False,True,False,Borderline Fresh / Early Not Fresh,Consume Immediately / Check carefully,89.80876,Good for Consumption,0,0,True,False
IMG_20260508_133459.jpg,5,Pork Ham,not fresh,09:31:39,E:\Thesis Code\processed_hsv_lab_threshold_roi_224\sample 5\not fresh\IMG_20260508_133459.jpg,pork_ham_sample_5,ham,cross_rotation,all,meatlens,all,all,all,file_destination,E:\Thesis Code\processed_hsv_lab_threshold_roi_224\sample 5\not fresh\IMG_20260508_133459.jpg,False,researcher_home,new_phone,,not fresh,not fresh,0.056824528,0.9360051,0.0071703596,not fresh,0.9360051,fresh,0.056824528,0.9928296,0.8791806,0,True,True,True,False,False,False,Likely Not Fresh,Consume Immediately / Manual inspection recommended,57.234436,Consume Immediately,1,1,True,False
20260703_205317.jpg,10,Pork Belly,spoiled,24:00:00,E:\Thesis Code\processed_hsv_lab_threshold_roi_224\sample 10\spoiled\20260703_205317.jpg,pork_belly_sample_10,belly,cross_rotation,all,public_dataset_2,all,all,all,file_destination,E:\Thesis Code\processed_hsv_lab_threshold_roi_224\sample 10\spoiled\20260703_205317.jpg,False,public_dataset_2,public_dataset_2,,spoiled,spoiled,0.003964402,0.12666586,0.86936975,spoiled,0.86936975,not fresh,0.12666586,0.9960356,0.7427039,0,True,True,True,False,True,False,Borderline Spoiled / Advanced Not Fresh,Not Suitable / Manual inspection recommended,16.05676,Not Suitable,2,2,True,False
20260624_085041.jpg,9,Pork Hind Leg,fresh,04:00:00,E:\Thesis Code\processed_hsv_lab_threshold_roi_224\sample 9\fresh\20260624_085041.jpg,pork_hind_leg_sample_9,hind_leg,cross_rotation,all,public_dataset_2,all,all,all,file_destination,E:\Thesis Code\processed_hsv_lab_threshold_roi_224\sample 9\fresh\20260624_085041.jpg,False,public_dataset_2,public_dataset_2,,fresh,fresh,0.7127701,0.26637197,0.020857852,fresh,0.7127701,not fresh,0.26637197,0.97914207,0.44639814,0,True,True,True,False,True,False,Borderline Fresh / Early Not Fresh,Consume Immediately / Check carefully,86.13605,Good for Consumption,0,0,True,False
FRESH-237-_JPG.rf.0bff5f79e3ddd9686b8d25fa28a716ac.jpg,12,Various Pork Meat,fresh,,E:\Thesis Code\processed_hsv_lab_threshold_roi_224\sample 12\fresh\FRESH-237-_JPG.rf.0bff5f79e3ddd9686b8d25fa28a716ac.jpg,various_pork_meat_sample_12,various,cross_rotation,all,public_dataset_2,all,all,all,file_destination,E:\Thesis Code\processed_hsv_lab_threshold_roi_224\sample 12\fresh\FRESH-237-_JPG.rf.0bff5f79e3ddd9686b8d25fa28a716ac.jpg,False,public_dataset_2,public_dataset_2,,fresh,fresh,0.9056594,0.09232105,0.002019715,fresh,0.9056594,not fresh,0.09232105,0.9979804,0.81333834,0,True,True,True,False,False,False,Likely Fresh,Good for Consumption,95.663795,Good for Consumption,0,0,True,False
20260429_162421.jpg,4,Pork Belly,not fresh,09:28:02,E:\Thesis Code\processed_hsv_lab_threshold_roi_224\sample 4\not fresh\20260429_162421.jpg,pork_belly_sample_4,belly,cross_rotation,all,meatlens,all,all,all,file_destination,E:\Thesis Code\processed_hsv_lab_threshold_roi_224\sample 4\not fresh\20260429_162421.jpg,False,partner_home,old_phone,,not fresh,not fresh,0.00021057813,0.98477006,0.015019399,not fresh,0.98477006,spoiled,0.015019399,0.9997895,0.96975064,0,True,True,True,False,False,False,Likely Not Fresh,Consume Immediately / Manual inspection recommended,54.333607,Consume Immediately,1,1,True,False
IMG20260508205514.jpg,6,Pork Ham,spoiled,16:34:22,E:\Thesis Code\processed_hsv_lab_threshold_roi_224\sample 6\spoiled\IMG20260508205514.jpg,pork_ham_sample_6,ham,cross_rotation,all,meatlens,all,all,all,file_destination,E:\Thesis Code\processed_hsv_lab_threshold_roi_224\sample 6\spoiled\IMG20260508205514.jpg,False,partner_home,new_phone,,spoiled,spoiled,0.0018996276,0.15629402,0.84180635,spoiled,0.84180635,not fresh,0.15629402,0.9981004,0.6855123,0,True,True,True,False,True,False,Borderline Spoiled / Advanced Not Fresh,Not Suitable / Manual inspection recommended,17.204197,Not Suitable,2,2,True,False
20260429_195325.jpg,4,Pork Belly,spoiled,14:24:43,E:\Thesis Code\processed_hsv_lab_threshold_roi_224\sample 4\spoiled\20260429_195325.jpg,pork_belly_sample_4,belly,cross_rotation,all,meatlens,all,all,all,file_destination,E:\Thesis Code\processed_hsv_lab_threshold_roi_224\sample 4\spoiled\20260429_195325.jpg,False,partner_home,old_phone,,spoiled,not fresh,0.08551311,0.4781344,0.43635243,not fresh,0.4781344,spoiled,0.43635243,0.9144868,0.041781962,1,False,True,True,False,True,True,Borderline Spoiled / Advanced Not Fresh,Not Suitable / Manual inspection recommended,39.212227,Not Suitable,1,2,True,False
20260430_175354.jpg,3,Pork Belly,spoiled,29:58:11,E:\Thesis Code\processed_hsv_lab_threshold_roi_224\sample 3\spoiled\20260430_175354.jpg,pork_belly_sample_3,belly,cross_rotation,all,meatlens,all,all,all,file_destination,E:\Thesis Code\processed_hsv_lab_threshold_roi_224\sample 3\spoiled\20260430_175354.jpg,False,researcher_home,old_phone,,spoiled,spoiled,0.00016841893,0.0012082906,0.99862325,spoiled,0.99862325,not fresh,0.0012082906,0.99983156,0.99741495,0,True,True,True,False,False,False,Likely Spoiled,Not Suitable,10.0695305,Not Suitable,2,2,True,False
IMG_20260509_161829.jpg,5,Pork Ham,spoiled,26:07:50,E:\Thesis Code\processed_hsv_lab_threshold_roi_224\sample 5\spoiled\IMG_20260509_161829.jpg,pork_ham_sample_5,ham,cross_rotation,all,meatlens,all,all,all,file_destination,E:\Thesis Code\processed_hsv_lab_threshold_roi_224\sample 5\spoiled\IMG_20260509_161829.jpg,False,researcher_home,new_phone,,spoiled,spoiled,0.00077611365,0.008958693,0.99026525,spoiled,0.99026525,not fresh,0.008958693,0.99922395,0.98130655,0,True,True,True,False,False,False,Likely Spoiled,Not Suitable,10.472992,Not Suitable,2,2,True,False
IMG_20260517_174434.jpg,7,Pork Loin,not fresh,11:59:42,E:\Thesis Code\processed_hsv_lab_threshold_roi_224\sample 7\not fresh\IMG_20260517_174434.jpg,pork_loin_sample_7,loin,cross_rotation,all,meatlens,all,all,all,file_destination,E:\Thesis Code\processed_hsv_lab_threshold_roi_224\sample 7\not fresh\IMG_20260517_174434.jpg,False,researcher_home,new_phone,,not fresh,not fresh,0.0066596814,0.9230806,0.07025969,not fresh,0.9230806,spoiled,0.07025969,0.9933403,0.85282093,0,True,True,True,False,False,False,Likely Not Fresh,Consume Immediately / Manual inspection recommended,52.138,Consume Immediately,1,1,True,False
20260430_120031.jpg,4,Pork Belly,spoiled,24:47:02,E:\Thesis Code\processed_hsv_lab_threshold_roi_224\sample 4\spoiled\20260430_120031.jpg,pork_belly_sample_4,belly,cross_rotation,all,meatlens,all,all,all,file_destination,E:\Thesis Code\processed_hsv_lab_threshold_roi_224\sample 4\spoiled\20260430_120031.jpg,False,partner_home,old_phone,,spoiled,spoiled,0.00013195515,0.0074358154,0.99243224,spoiled,0.99243224,not fresh,0.0074358154,0.99986804,0.98499644,0,True,True,True,False,False,False,Likely Spoiled,Not Suitable,10.346488,Not Suitable,2,2,True,False
20260424_154834.jpg,2,Pork Shoulder,spoiled,36:37:23,E:\Thesis Code\processed_hsv_lab_threshold_roi_224\sample 2\spoiled\20260424_154834.jpg,pork_shoulder_sample_2,shoulder,cross_rotation,all,meatlens,all,all,all,file_destination,E:\Thesis Code\processed_hsv_lab_threshold_roi_224\sample 2\spoiled\20260424_154834.jpg,False,partner_home,old_phone,,spoiled,spoiled,2.4662717e-05,4.3709293e-05,0.9999316,spoiled,0.9999316,not fresh,4.3709293e-05,0.99997526,0.9998879,0,True,True,True,False,False,False,Likely Spoiled,Not Suitable,10.004186,Not Suitable,2,2,True,False
20260703_093559.jpg,10,Pork Belly,fresh,04:00:00,E:\Thesis Code\processed_hsv_lab_threshold_roi_224\sample 10\fresh\20260703_093559.jpg,pork_belly_sample_10,belly,cross_rotation,all,public_dataset_2,all,all,all,file_destination,E:\Thesis Code\processed_hsv_lab_threshold_roi_224\sample 10\fresh\20260703_093559.jpg,False,public_dataset_2,public_dataset_2,,fresh,fresh,0.88726294,0.11087929,0.0018577678,fresh,0.88726294,not fresh,0.11087929,0.99814224,0.77638364,0,True,True,True,False,True,False,Borderline Fresh / Early Not Fresh,Consume Immediately / Check carefully,94.84323,Good for Consumption,0,0,True,False
20260624_081921.jpg,9,Pork Hind Leg,fresh,04:00:00,E:\Thesis Code\processed_hsv_lab_threshold_roi_224\sample 9\fresh\20260624_081921.jpg,pork_hind_leg_sample_9,hind_leg,cross_rotation,all,public_dataset_2,all,all,all,file_destination,E:\Thesis Code\processed_hsv_lab_threshold_roi_224\sample 9\fresh\20260624_081921.jpg,False,public_dataset_2,public_dataset_2,,fresh,fresh,0.69908124,0.22672302,0.074195765,fresh,0.69908124,not fresh,0.22672302,0.92580426,0.47235823,0,True,True,True,False,True,False,Borderline Fresh / Early Not Fresh,Consume Immediately / Check carefully,83.11985,Good for Consumption,0,0,True,False
08-11-2022 15-45-50_jpg.rf.Th1cJ1zR4Q20CT9W6aff.jpg,11,Various Pork Meat,fresh,,E:\Thesis Code\processed_hsv_lab_threshold_roi_224\sample 11\fresh\08-11-2022 15-45-50_jpg.rf.Th1cJ1zR4Q20CT9W6aff.jpg,various_pork_meat_sample_11,various,cross_rotation,all,public_dataset_2,all,all,all,file_destination,E:\Thesis Code\processed_hsv_lab_threshold_roi_224\sample 11\fresh\08-11-2022 15-45-50_jpg.rf.Th1cJ1zR4Q20CT9W6aff.jpg,False,public_dataset_2,public_dataset_2,,fresh,fresh,0.6067409,0.3747927,0.018466448,fresh,0.6067409,not fresh,0.3747927,0.9815336,0.2319482,0,True,True,True,False,True,False,Borderline Fresh / Early Not Fresh,Consume Immediately / Check carefully,81.47235,Good for Consumption,0,0,True,False
20260517_085430.jpg,8,Pork Loin,spoiled,25:45:32,E:\Thesis Code\processed_hsv_lab_threshold_roi_224\sample 8\spoiled\20260517_085430.jpg,pork_loin_sample_8,loin,cross_rotation,all,meatlens,all,all,all,file_destination,E:\Thesis Code\processed_hsv_lab_threshold_roi_224\sample 8\spoiled\20260517_085430.jpg,False,partner_home,new_phone,,spoiled,spoiled,5.8579695e-05,0.009509704,0.9904317,spoiled,0.9904317,not fresh,0.009509704,0.9999414,0.98092204,0,True,True,True,False,False,False,Likely Spoiled,Not Suitable,10.433209,Not Suitable,2,2,True,False
FRESH-594-_JPG.rf.a128b2e2980cc2a0e8ab20c319b687dc.jpg,12,Various Pork Meat,fresh,,E:\Thesis Code\processed_hsv_lab_threshold_roi_224\sample 12\fresh\FRESH-594-_JPG.rf.a128b2e2980cc2a0e8ab20c319b687dc.jpg,various_pork_meat_sample_12,various,cross_rotation,all,public_dataset_2,all,all,all,file_destination,E:\Thesis Code\processed_hsv_lab_threshold_roi_224\sample 12\fresh\FRESH-594-_JPG.rf.a128b2e2980cc2a0e8ab20c319b687dc.jpg,False,public_dataset_2,public_dataset_2,,fresh,fresh,0.9717301,0.027544044,0.0007258967,fresh,0.9717301,not fresh,0.027544044,0.99927413,0.9441861,0,True,True,True,False,False,False,Likely Fresh,Good for Consumption,98.69519,Good for Consumption,0,0,True,False
20260516_085037.jpg,8,Pork Loin,fresh,03:58:30,E:\Thesis Code\processed_hsv_lab_threshold_roi_224\sample 8\fresh\20260516_085037.jpg,pork_loin_sample_8,loin,cross_rotation,all,meatlens,all,all,all,file_destination,E:\Thesis Code\processed_hsv_lab_threshold_roi_224\sample 8\fresh\20260516_085037.jpg,False,partner_home,new_phone,,fresh,fresh,0.97607327,0.023434268,0.0004924449,fresh,0.97607327,not fresh,0.023434268,0.99950755,0.952639,0,True,True,True,False,False,False,Likely Fresh,Good for Consumption,98.90114,Good for Consumption,0,0,True,False
IMG20260509130149.jpg,6,Pork Ham,spoiled,20:40:24,E:\Thesis Code\processed_hsv_lab_threshold_roi_224\sample 6\spoiled\IMG20260509130149.jpg,pork_ham_sample_6,ham,cross_rotation,all,meatlens,all,all,all,file_destination,E:\Thesis Code\processed_hsv_lab_threshold_roi_224\sample 6\spoiled\IMG20260509130149.jpg,False,partner_home,new_phone,,spoiled,spoiled,5.1219344e-05,0.0043164873,0.99563223,spoiled,0.99563223,not fresh,0.0043164873,0.99994874,0.9913157,0,True,True,True,False,False,False,Likely Spoiled,Not Suitable,10.198851,Not Suitable,2,2,True,False
20260624_212944.jpg,9,Pork Hind Leg,spoiled,24:00:00,E:\Thesis Code\processed_hsv_lab_threshold_roi_224\sample 9\spoiled\20260624_212944.jpg,pork_hind_leg_sample_9,hind_leg,cross_rotation,all,public_dataset_2,all,all,all,file_destination,E:\Thesis Code\processed_hsv_lab_threshold_roi_224\sample 9\spoiled\20260624_212944.jpg,False,public_dataset_2,public_dataset_2,,spoiled,spoiled,0.045737218,0.4469813,0.5072815,spoiled,0.5072815,not fresh,0.4469813,0.9542628,0.06030017,0,True,True,True,False,True,True,Borderline Spoiled / Advanced Not Fresh,Not Suitable / Manual inspection recommended,34.230507,Not Suitable,2,2,True,False
20260430_114930.jpg,4,Pork Belly,spoiled,24:32:34,E:\Thesis Code\processed_hsv_lab_threshold_roi_224\sample 4\spoiled\20260430_114930.jpg,pork_belly_sample_4,belly,cross_rotation,all,meatlens,all,all,all,file_destination,E:\Thesis Code\processed_hsv_lab_threshold_roi_224\sample 4\spoiled\20260430_114930.jpg,False,partner_home,old_phone,,spoiled,spoiled,0.00020175526,0.009978665,0.9898196,spoiled,0.9898196,not fresh,0.009978665,0.99979824,0.97984093,0,True,True,True,False,False,False,Likely Spoiled,Not Suitable,10.467198,Not Suitable,2,2,True,False
IMG_20260517_183434.jpg,7,Pork Loin,not fresh,12:44:01,E:\Thesis Code\processed_hsv_lab_threshold_roi_224\sample 7\not fresh\IMG_20260517_183434.jpg,pork_loin_sample_7,loin,cross_rotation,all,meatlens,all,all,all,file_destination,E:\Thesis Code\processed_hsv_lab_threshold_roi_224\sample 7\not fresh\IMG_20260517_183434.jpg,False,researcher_home,new_phone,,not fresh,not fresh,0.0025058333,0.8541937,0.14330044,not fresh,0.8541937,spoiled,0.14330044,0.9974941,0.7108933,0,True,True,True,False,True,False,Borderline Spoiled / Advanced Not Fresh,Not Suitable / Manual inspection recommended,48.66424,Consume Immediately,1,1,True,False
IMG20260508101634.jpg,6,Pork Ham,fresh,05:54:34,E:\Thesis Code\processed_hsv_lab_threshold_roi_224\sample 6\fresh\IMG20260508101634.jpg,pork_ham_sample_6,ham,cross_rotation,all,meatlens,all,all,all,file_destination,E:\Thesis Code\processed_hsv_lab_threshold_roi_224\sample 6\fresh\IMG20260508101634.jpg,False,partner_home,new_phone,,fresh,fresh,0.9066,0.090358235,0.0030417605,fresh,0.9066,not fresh,0.090358235,0.99695826,0.81624174,0,True,True,True,False,False,False,Likely Fresh,Good for Consumption,95.66012,Good for Consumption,0,0,True,False
IMG20260508213346.jpg,6,Pork Ham,spoiled,17:08:08,E:\Thesis Code\processed_hsv_lab_threshold_roi_224\sample 6\spoiled\IMG20260508213346.jpg,pork_ham_sample_6,ham,cross_rotation,all,meatlens,all,all,all,file_destination,E:\Thesis Code\processed_hsv_lab_threshold_roi_224\sample 6\spoiled\IMG20260508213346.jpg,False,partner_home,new_phone,,spoiled,spoiled,0.0010062596,0.12080051,0.8781932,spoiled,0.8781932,not fresh,0.12080051,0.9989937,0.7573927,0,True,True,True,False,True,False,Borderline Spoiled / Advanced Not Fresh,Not Suitable / Manual inspection recommended,15.526586,Not Suitable,2,2,True,False
IMG_20260517_133333.jpg,7,Pork Loin,not fresh,08:20:12,E:\Thesis Code\processed_hsv_lab_threshold_roi_224\sample 7\not fresh\IMG_20260517_133333.jpg,pork_loin_sample_7,loin,cross_rotation,all,meatlens,all,all,all,file_destination,E:\Thesis Code\processed_hsv_lab_threshold_roi_224\sample 7\not fresh\IMG_20260517_133333.jpg,False,researcher_home,new_phone,,not fresh,not fresh,0.012683728,0.96930724,0.018009018,not fresh,0.96930724,spoiled,0.018009018,0.98731625,0.95129824,0,True,True,True,False,False,False,Likely Not Fresh,Consume Immediately / Manual inspection recommended,54.76036,Consume Immediately,1,1,True,False
08-11-2022 14-54-38_jpg.rf.LRMjQ6MiE2bQSMOeGdLy.jpg,11,Various Pork Meat,fresh,,E:\Thesis Code\processed_hsv_lab_threshold_roi_224\sample 11\fresh\08-11-2022 14-54-38_jpg.rf.LRMjQ6MiE2bQSMOeGdLy.jpg,various_pork_meat_sample_11,various,cross_rotation,all,public_dataset_2,all,all,all,file_destination,E:\Thesis Code\processed_hsv_lab_threshold_roi_224\sample 11\fresh\08-11-2022 14-54-38_jpg.rf.LRMjQ6MiE2bQSMOeGdLy.jpg,False,public_dataset_2,public_dataset_2,,fresh,fresh,0.61664295,0.373451,0.009906107,fresh,0.61664295,not fresh,0.373451,0.99009395,0.24319196,0,True,True,True,False,True,False,Borderline Fresh / Early Not Fresh,Consume Immediately / Check carefully,82.30316,Good for Consumption,0,0,True,False
20260624_105947.jpg,9,Pork Hind Leg,fresh,04:00:00,E:\Thesis Code\processed_hsv_lab_threshold_roi_224\sample 9\fresh\20260624_105947.jpg,pork_hind_leg_sample_9,hind_leg,cross_rotation,all,public_dataset_2,all,all,all,file_destination,E:\Thesis Code\processed_hsv_lab_threshold_roi_224\sample 9\fresh\20260624_105947.jpg,False,public_dataset_2,public_dataset_2,,fresh,fresh,0.6687007,0.310121,0.021178285,fresh,0.6687007,not fresh,0.310121,0.9788217,0.3585797,0,True,True,True,False,True,False,Borderline Fresh / Early Not Fresh,Consume Immediately / Check carefully,84.138504,Good for Consumption,0,0,True,False
20260429_042701.jpg,3,Pork Belly,fresh,00:12:18,E:\Thesis Code\processed_hsv_lab_threshold_roi_224\sample 3\fresh\20260429_042701.jpg,pork_belly_sample_3,belly,cross_rotation,all,meatlens,all,all,all,file_destination,E:\Thesis Code\processed_hsv_lab_threshold_roi_224\sample 3\fresh\20260429_042701.jpg,False,researcher_home,old_phone,,fresh,fresh,0.9668719,0.022568798,0.010559242,fresh,0.9668719,not fresh,0.022568798,0.98944074,0.9443031,0,True,True,True,False,False,False,Likely Fresh,Good for Consumption,98.034065,Good for Consumption,0,0,True,False
IMG20260508091130.jpg,6,Pork Ham,fresh,04:15:23,E:\Thesis Code\processed_hsv_lab_threshold_roi_224\sample 6\fresh\IMG20260508091130.jpg,pork_ham_sample_6,ham,cross_rotation,all,meatlens,all,all,all,file_destination,E:\Thesis Code\processed_hsv_lab_threshold_roi_224\sample 6\fresh\IMG20260508091130.jpg,False,partner_home,new_phone,,fresh,fresh,0.9250821,0.07262922,0.0022886929,fresh,0.9250821,not fresh,0.07262922,0.9977113,0.8524529,0,True,True,True,False,False,False,Likely Fresh,Good for Consumption,96.5257,Good for Consumption,0,0,True,False
20260429_174805.jpg,4,Pork Belly,not fresh,11:41:55,E:\Thesis Code\processed_hsv_lab_threshold_roi_224\sample 4\not fresh\20260429_174805.jpg,pork_belly_sample_4,belly,cross_rotation,all,meatlens,all,all,all,file_destination,E:\Thesis Code\processed_hsv_lab_threshold_roi_224\sample 4\not fresh\20260429_174805.jpg,False,partner_home,old_phone,,not fresh,not fresh,0.02638292,0.5277541,0.445863,not fresh,0.5277541,spoiled,0.445863,0.97361714,0.08189112,0,True,True,True,False,True,True,Borderline Spoiled / Advanced Not Fresh,Not Suitable / Manual inspection recommended,36.123398,Not Suitable,1,1,True,False
HALF-FRESH-112-_JPG.rf.3a31b76c1056f01dcb13cd9cdf66cec2.jpg,12,Various Pork Meat,not fresh,,E:\Thesis Code\processed_hsv_lab_threshold_roi_224\sample 12\not fresh\HALF-FRESH-112-_JPG.rf.3a31b76c1056f01dcb13cd9cdf66cec2.jpg,various_pork_meat_sample_12,various,cross_rotation,all,public_dataset_2,all,all,all,file_destination,E:\Thesis Code\processed_hsv_lab_threshold_roi_224\sample 12\not fresh\HALF-FRESH-112-_JPG.rf.3a31b76c1056f01dcb13cd9cdf66cec2.jpg,False,public_dataset_2,public_dataset_2,,not fresh,fresh,0.5344432,0.40129283,0.064264014,fresh,0.5344432,not fresh,0.40129283,0.93573606,0.13315037,1,False,True,True,False,True,True,Borderline Fresh / Early Not Fresh,Consume Immediately / Check carefully,76.158066,Good for Consumption,0,1,True,False
20260430_142441.jpg,3,Pork Belly,spoiled,28:15:41,E:\Thesis Code\processed_hsv_lab_threshold_roi_224\sample 3\spoiled\20260430_142441.jpg,pork_belly_sample_3,belly,cross_rotation,all,meatlens,all,all,all,file_destination,E:\Thesis Code\processed_hsv_lab_threshold_roi_224\sample 3\spoiled\20260430_142441.jpg,False,researcher_home,old_phone,,spoiled,spoiled,0.046488326,0.033094827,0.92041683,spoiled,0.92041683,fresh,0.046488326,0.9669052,0.8739285,0,True,True,True,False,False,False,Likely Spoiled,Not Suitable,15.673217,Not Suitable,2,2,False,False
20260429_061701.jpg,3,Pork Belly,fresh,06:21:32,E:\Thesis Code\processed_hsv_lab_threshold_roi_224\sample 3\fresh\20260429_061701.jpg,pork_belly_sample_3,belly,cross_rotation,all,meatlens,all,all,all,file_destination,E:\Thesis Code\processed_hsv_lab_threshold_roi_224\sample 3\fresh\20260429_061701.jpg,False,researcher_home,old_phone,,fresh,fresh,0.9750553,0.023263272,0.001681448,fresh,0.9750553,not fresh,0.023263272,0.99831855,0.951792,0,True,True,True,False,False,False,Likely Fresh,Good for Consumption,98.80182,Good for Consumption,0,0,True,False
20260703_080929.jpg,10,Pork Belly,fresh,04:00:00,E:\Thesis Code\processed_hsv_lab_threshold_roi_224\sample 10\fresh\20260703_080929.jpg,pork_belly_sample_10,belly,cross_rotation,all,public_dataset_2,all,all,all,file_destination,E:\Thesis Code\processed_hsv_lab_threshold_roi_224\sample 10\fresh\20260703_080929.jpg,False,public_dataset_2,public_dataset_2,,fresh,fresh,0.91943675,0.07637732,0.0041859187,fresh,0.91943675,not fresh,0.07637732,0.9958141,0.8430594,0,True,True,True,False,False,False,Likely Fresh,Good for Consumption,96.18629,Good for Consumption,0,0,True,False
HALF-FRESH-780-_JPG.rf.f47e9c16a47f9fb82b0a08eb7634f0dc.jpg,12,Various Pork Meat,not fresh,,E:\Thesis Code\processed_hsv_lab_threshold_roi_224\sample 12\not fresh\HALF-FRESH-780-_JPG.rf.f47e9c16a47f9fb82b0a08eb7634f0dc.jpg,various_pork_meat_sample_12,various,cross_rotation,all,public_dataset_2,all,all,all,file_destination,E:\Thesis Code\processed_hsv_lab_threshold_roi_224\sample 12\not fresh\HALF-FRESH-780-_JPG.rf.f47e9c16a47f9fb82b0a08eb7634f0dc.jpg,False,public_dataset_2,public_dataset_2,,not fresh,not fresh,0.07110906,0.6586197,0.27027127,not fresh,0.6586197,spoiled,0.27027127,0.92889094,0.38834843,0,True,True,True,False,True,False,Borderline Spoiled / Advanced Not Fresh,Not Suitable / Manual inspection recommended,46.0377,Consume Immediately,1,1,True,False
20260430_203053.jpg,4,Pork Belly,spoiled,35:38:17,E:\Thesis Code\processed_hsv_lab_threshold_roi_224\sample 4\spoiled\20260430_203053.jpg,pork_belly_sample_4,belly,cross_rotation,all,meatlens,all,all,all,file_destination,E:\Thesis Code\processed_hsv_lab_threshold_roi_224\sample 4\spoiled\20260430_203053.jpg,False,partner_home,old_phone,,spoiled,spoiled,0.0009755648,0.015871767,0.98315275,spoiled,0.98315275,not fresh,0.015871767,0.9990245,0.967281,0,True,True,True,False,False,False,Likely Spoiled,Not Suitable,10.8020315,Not Suitable,2,2,True,False
HALF-FRESH-643-_JPG.rf.67f8d21df87bf7bcca030f3a4e6a0321.jpg,12,Various Pork Meat,not fresh,,E:\Thesis Code\processed_hsv_lab_threshold_roi_224\sample 12\not fresh\HALF-FRESH-643-_JPG.rf.67f8d21df87bf7bcca030f3a4e6a0321.jpg,various_pork_meat_sample_12,various,cross_rotation,all,public_dataset_2,all,all,all,file_destination,E:\Thesis Code\processed_hsv_lab_threshold_roi_224\sample 12\not fresh\HALF-FRESH-643-_JPG.rf.67f8d21df87bf7bcca030f3a4e6a0321.jpg,False,public_dataset_2,public_dataset_2,,not fresh,fresh,0.6408239,0.3565112,0.002664892,fresh,0.6408239,not fresh,0.3565112,0.9973351,0.2843127,1,False,True,True,False,True,False,Borderline Fresh / Early Not Fresh,Consume Immediately / Check carefully,83.717155,Good for Consumption,0,1,True,False
20260624_082437.jpg,9,Pork Hind Leg,fresh,04:00:00,E:\Thesis Code\processed_hsv_lab_threshold_roi_224\sample 9\fresh\20260624_082437.jpg,pork_hind_leg_sample_9,hind_leg,cross_rotation,all,public_dataset_2,all,all,all,file_destination,E:\Thesis Code\processed_hsv_lab_threshold_roi_224\sample 9\fresh\20260624_082437.jpg,False,public_dataset_2,public_dataset_2,,fresh,fresh,0.9129953,0.08135882,0.005645809,fresh,0.9129953,not fresh,0.08135882,0.9943541,0.8316364,0,True,True,True,False,False,False,Likely Fresh,Good for Consumption,95.83072,Good for Consumption,0,0,True,False
20260516_162910.jpg,8,Pork Loin,not fresh,12:12:22,E:\Thesis Code\processed_hsv_lab_threshold_roi_224\sample 8\not fresh\20260516_162910.jpg,pork_loin_sample_8,loin,cross_rotation,all,meatlens,all,all,all,file_destination,E:\Thesis Code\processed_hsv_lab_threshold_roi_224\sample 8\not fresh\20260516_162910.jpg,False,partner_home,new_phone,,not fresh,not fresh,0.009780754,0.8258815,0.16433771,not fresh,0.8258815,spoiled,0.16433771,0.9902192,0.6615438,0,True,True,True,False,True,False,Borderline Spoiled / Advanced Not Fresh,Not Suitable / Manual inspection recommended,48.044933,Consume Immediately,1,1,True,False
IMG20260508174702.jpg,6,Pork Ham,not fresh,13:47:20,E:\Thesis Code\processed_hsv_lab_threshold_roi_224\sample 6\not fresh\IMG20260508174702.jpg,pork_ham_sample_6,ham,cross_rotation,all,meatlens,all,all,all,file_destination,E:\Thesis Code\processed_hsv_lab_threshold_roi_224\sample 6\not fresh\IMG20260508174702.jpg,False,partner_home,new_phone,,not fresh,not fresh,0.014361454,0.8147627,0.17087586,not fresh,0.8147627,spoiled,0.17087586,0.98563856,0.64388686,0,True,True,True,False,True,False,Borderline Spoiled / Advanced Not Fresh,Not Suitable / Manual inspection recommended,47.956852,Consume Immediately,1,1,True,False
20260704_152501.jpg,10,Pork Belly,spoiled,24:00:00,E:\Thesis Code\processed_hsv_lab_threshold_roi_224\sample 10\spoiled\20260704_152501.jpg,pork_belly_sample_10,belly,cross_rotation,all,public_dataset_2,all,all,all,file_destination,E:\Thesis Code\processed_hsv_lab_threshold_roi_224\sample 10\spoiled\20260704_152501.jpg,False,public_dataset_2,public_dataset_2,,spoiled,spoiled,0.00051185023,0.002882017,0.9966061,spoiled,0.9966061,not fresh,0.002882017,0.9994881,0.9937241,0,True,True,True,False,False,False,Likely Spoiled,Not Suitable,10.175757,Not Suitable,2,2,True,False
20260424_163856.jpg,1,Pork Shoulder,not fresh,12:37:23,E:\Thesis Code\processed_hsv_lab_threshold_roi_224\sample 1\not fresh\20260424_163856.jpg,pork_shoulder_sample_1,shoulder,cross_rotation,all,meatlens,all,all,all,file_destination,E:\Thesis Code\processed_hsv_lab_threshold_roi_224\sample 1\not fresh\20260424_163856.jpg,False,researcher_home,old_phone,,not fresh,not fresh,0.0024026036,0.9910002,0.0065971636,not fresh,0.9910002,spoiled,0.0065971636,0.99759734,0.984403,0,True,True,True,False,False,False,Likely Not Fresh,Consume Immediately / Manual inspection recommended,54.81124,Consume Immediately,1,1,True,False
20260429_171429.jpg,4,Pork Belly,not fresh,10:47:38,E:\Thesis Code\processed_hsv_lab_threshold_roi_224\sample 4\not fresh\20260429_171429.jpg,pork_belly_sample_4,belly,cross_rotation,all,meatlens,all,all,all,file_destination,E:\Thesis Code\processed_hsv_lab_threshold_roi_224\sample 4\not fresh\20260429_171429.jpg,False,partner_home,old_phone,,not fresh,not fresh,0.010567321,0.7846499,0.2047828,not fresh,0.7846499,spoiled,0.2047828,0.9894327,0.5798671,0,True,True,True,False,True,False,Borderline Spoiled / Advanced Not Fresh,Not Suitable / Manual inspection recommended,46.260303,Consume Immediately,1,1,True,False
20260429_070917.jpg,4,Pork Belly,fresh,01:29:24,E:\Thesis Code\processed_hsv_lab_threshold_roi_224\sample 4\fresh\20260429_070917.jpg,pork_belly_sample_4,belly,cross_rotation,all,meatlens,all,all,all,file_destination,E:\Thesis Code\processed_hsv_lab_threshold_roi_224\sample 4\fresh\20260429_070917.jpg,False,partner_home,old_phone,,fresh,fresh,0.99662644,0.0021704575,0.0012030996,fresh,0.99662644,not fresh,0.0021704575,0.9987969,0.994456,0,True,True,True,False,False,False,Likely Fresh,Good for Consumption,99.79405,Good for Consumption,0,0,True,False
20260429_205828.jpg,3,Pork Belly,spoiled,16:36:11,E:\Thesis Code\processed_hsv_lab_threshold_roi_224\sample 3\spoiled\20260429_205828.jpg,pork_belly_sample_3,belly,cross_rotation,all,meatlens,all,all,all,file_destination,E:\Thesis Code\processed_hsv_lab_threshold_roi_224\sample 3\spoiled\20260429_205828.jpg,False,researcher_home,old_phone,,spoiled,not fresh,0.0021558257,0.5525751,0.44526908,not fresh,0.5525751,spoiled,0.44526908,0.9978442,0.10730603,1,False,True,True,False,True,True,Borderline Spoiled / Advanced Not Fresh,Not Suitable / Manual inspection recommended,35.059906,Not Suitable,1,2,True,False
IMG_20260518_044947.jpg,7,Pork Loin,spoiled,21:58:11,E:\Thesis Code\processed_hsv_lab_threshold_roi_224\sample 7\spoiled\IMG_20260518_044947.jpg,pork_loin_sample_7,loin,cross_rotation,all,meatlens,all,all,all,file_destination,E:\Thesis Code\processed_hsv_lab_threshold_roi_224\sample 7\spoiled\IMG_20260518_044947.jpg,False,researcher_home,new_phone,,spoiled,spoiled,0.00015288524,0.0072894786,0.99255764,spoiled,0.99255764,not fresh,0.0072894786,0.9998471,0.9852682,0,True,True,True,False,False,False,Likely Spoiled,Not Suitable,10.341786,Not Suitable,2,2,True,False
20260516_112202.jpg,8,Pork Loin,not fresh,07:25:20,E:\Thesis Code\processed_hsv_lab_threshold_roi_224\sample 8\not fresh\20260516_112202.jpg,pork_loin_sample_8,loin,cross_rotation,all,meatlens,all,all,all,file_destination,E:\Thesis Code\processed_hsv_lab_threshold_roi_224\sample 8\not fresh\20260516_112202.jpg,False,partner_home,new_phone,,not fresh,not fresh,0.4041016,0.5918567,0.0040416974,not fresh,0.5918567,fresh,0.4041016,0.9959583,0.18775511,0,True,True,True,False,True,True,Borderline Fresh / Early Not Fresh,Consume Immediately / Check carefully,73.0027,Good for Consumption,1,1,True,False
20260703_091418.jpg,10,Pork Belly,fresh,04:00:00,E:\Thesis Code\processed_hsv_lab_threshold_roi_224\sample 10\fresh\20260703_091418.jpg,pork_belly_sample_10,belly,cross_rotation,all,public_dataset_2,all,all,all,file_destination,E:\Thesis Code\processed_hsv_lab_threshold_roi_224\sample 10\fresh\20260703_091418.jpg,False,public_dataset_2,public_dataset_2,,fresh,fresh,0.8734781,0.12408912,0.0024327605,fresh,0.8734781,not fresh,0.12408912,0.99756724,0.749389,0,True,True,True,False,True,False,Borderline Fresh / Early Not Fresh,Consume Immediately / Check carefully,94.197044,Good for Consumption,0,0,True,False
IMG_20260517_105917.jpg,7,Pork Loin,fresh,04:01:39,E:\Thesis Code\processed_hsv_lab_threshold_roi_224\sample 7\fresh\IMG_20260517_105917.jpg,pork_loin_sample_7,loin,cross_rotation,all,meatlens,all,all,all,file_destination,E:\Thesis Code\processed_hsv_lab_threshold_roi_224\sample 7\fresh\IMG_20260517_105917.jpg,False,researcher_home,new_phone,,fresh,fresh,0.95163715,0.040080283,0.008282499,fresh,0.95163715,not fresh,0.040080283,0.99171746,0.91155684,0,True,True,True,False,False,False,Likely Fresh,Good for Consumption,97.45096,Good for Consumption,0,0,True,False
20260429_155947.jpg,4,Pork Belly,not fresh,08:48:14,E:\Thesis Code\processed_hsv_lab_threshold_roi_224\sample 4\not fresh\20260429_155947.jpg,pork_belly_sample_4,belly,cross_rotation,all,meatlens,all,all,all,file_destination,E:\Thesis Code\processed_hsv_lab_threshold_roi_224\sample 4\not fresh\20260429_155947.jpg,False,partner_home,old_phone,,not fresh,not fresh,0.0003331913,0.98959655,0.010070327,not fresh,0.98959655,spoiled,0.010070327,0.99966687,0.9795262,0,True,True,True,False,False,False,Likely Not Fresh,Consume Immediately / Manual inspection recommended,54.561832,Consume Immediately,1,1,True,False
20260424_130712.jpg,2,Pork Shoulder,spoiled,30:17:29,E:\Thesis Code\processed_hsv_lab_threshold_roi_224\sample 2\spoiled\20260424_130712.jpg,pork_shoulder_sample_2,shoulder,cross_rotation,all,meatlens,all,all,all,file_destination,E:\Thesis Code\processed_hsv_lab_threshold_roi_224\sample 2\spoiled\20260424_130712.jpg,False,partner_home,old_phone,,spoiled,spoiled,0.0003517415,0.0013211174,0.9983272,spoiled,0.9983272,not fresh,0.0013211174,0.99964833,0.99700606,0,True,True,True,False,False,False,Likely Spoiled,Not Suitable,10.091107,Not Suitable,2,2,True,False
FRESH-760-_JPG.rf.0fd9243f559cd5da6658025f82091a54.jpg,12,Various Pork Meat,fresh,,E:\Thesis Code\processed_hsv_lab_threshold_roi_224\sample 12\fresh\FRESH-760-_JPG.rf.0fd9243f559cd5da6658025f82091a54.jpg,various_pork_meat_sample_12,various,cross_rotation,all,public_dataset_2,all,all,all,file_destination,E:\Thesis Code\processed_hsv_lab_threshold_roi_224\sample 12\fresh\FRESH-760-_JPG.rf.0fd9243f559cd5da6658025f82091a54.jpg,False,public_dataset_2,public_dataset_2,,fresh,fresh,0.84082025,0.13822743,0.02095237,fresh,0.84082025,not fresh,0.13822743,0.97904766,0.70259285,0,True,True,True,False,True,False,Borderline Fresh / Early Not Fresh,Consume Immediately / Check carefully,91.89406,Good for Consumption,0,0,True,False
20260516_175224.jpg,8,Pork Loin,not fresh,13:51:33,E:\Thesis Code\processed_hsv_lab_threshold_roi_224\sample 8\not fresh\20260516_175224.jpg,pork_loin_sample_8,loin,cross_rotation,all,meatlens,all,all,all,file_destination,E:\Thesis Code\processed_hsv_lab_threshold_roi_224\sample 8\not fresh\20260516_175224.jpg,False,partner_home,new_phone,,not fresh,not fresh,0.004029752,0.5508749,0.44509536,not fresh,0.5508749,spoiled,0.44509536,0.99597025,0.10577953,0,True,True,True,False,True,True,Borderline Spoiled / Advanced Not Fresh,Not Suitable / Manual inspection recommended,35.152046,Not Suitable,1,1,True,False
20260429_152211.jpg,4,Pork Belly,not fresh,07:48:33,E:\Thesis Code\processed_hsv_lab_threshold_roi_224\sample 4\not fresh\20260429_152211.jpg,pork_belly_sample_4,belly,cross_rotation,all,meatlens,all,all,all,file_destination,E:\Thesis Code\processed_hsv_lab_threshold_roi_224\sample 4\not fresh\20260429_152211.jpg,False,partner_home,old_phone,,not fresh,not fresh,0.0028282902,0.94368154,0.053490147,not fresh,0.94368154,spoiled,0.053490147,0.9971717,0.8901914,0,True,True,True,False,False,False,Likely Not Fresh,Consume Immediately / Manual inspection recommended,52.720215,Consume Immediately,1,1,True,False
SPOILED-750-_JPG.rf.85503171e6091a751efe10565ae625e0.jpg,12,Various Pork Meat,spoiled,,E:\Thesis Code\processed_hsv_lab_threshold_roi_224\sample 12\spoiled\SPOILED-750-_JPG.rf.85503171e6091a751efe10565ae625e0.jpg,various_pork_meat_sample_12,various,cross_rotation,all,public_dataset_2,all,all,all,file_destination,E:\Thesis Code\processed_hsv_lab_threshold_roi_224\sample 12\spoiled\SPOILED-750-_JPG.rf.85503171e6091a751efe10565ae625e0.jpg,False,public_dataset_2,public_dataset_2,,spoiled,spoiled,0.00070770417,0.024452457,0.97483987,spoiled,0.97483987,not fresh,0.024452457,0.9992923,0.9503874,0,True,True,True,False,False,False,Likely Spoiled,Not Suitable,11.164054,Not Suitable,2,2,True,False
20260624_202819.jpg,9,Pork Hind Leg,spoiled,24:00:00,E:\Thesis Code\processed_hsv_lab_threshold_roi_224\sample 9\spoiled\20260624_202819.jpg,pork_hind_leg_sample_9,hind_leg,cross_rotation,all,public_dataset_2,all,all,all,file_destination,E:\Thesis Code\processed_hsv_lab_threshold_roi_224\sample 9\spoiled\20260624_202819.jpg,False,public_dataset_2,public_dataset_2,,spoiled,not fresh,0.1949128,0.64314747,0.16193976,not fresh,0.64314747,fresh,0.1949128,0.83806026,0.44823468,1,False,False,True,False,True,False,Borderline Fresh / Early Not Fresh,Consume Immediately / Check carefully,56.483788,Consume Immediately,1,2,True,False
20260430_155239.jpg,4,Pork Belly,spoiled,29:43:43,E:\Thesis Code\processed_hsv_lab_threshold_roi_224\sample 4\spoiled\20260430_155239.jpg,pork_belly_sample_4,belly,cross_rotation,all,meatlens,all,all,all,file_destination,E:\Thesis Code\processed_hsv_lab_threshold_roi_224\sample 4\spoiled\20260430_155239.jpg,False,partner_home,old_phone,,spoiled,spoiled,6.6934444e-05,0.0049053193,0.99502766,spoiled,0.99502766,not fresh,0.0049053193,0.999933,0.9901223,0,True,True,True,False,False,False,Likely Spoiled,Not Suitable,10.226763,Not Suitable,2,2,True,False
20260703_082833.jpg,10,Pork Belly,fresh,04:00:00,E:\Thesis Code\processed_hsv_lab_threshold_roi_224\sample 10\fresh\20260703_082833.jpg,pork_belly_sample_10,belly,cross_rotation,all,public_dataset_2,all,all,all,file_destination,E:\Thesis Code\processed_hsv_lab_threshold_roi_224\sample 10\fresh\20260703_082833.jpg,False,public_dataset_2,public_dataset_2,,fresh,fresh,0.9041419,0.0930362,0.0028217926,fresh,0.9041419,not fresh,0.0930362,0.9971781,0.8111057,0,True,True,True,False,False,False,Likely Fresh,Good for Consumption,95.5594,Good for Consumption,0,0,True,False
IMG_20260508_151333.jpg,5,Pork Ham,not fresh,11:08:08,E:\Thesis Code\processed_hsv_lab_threshold_roi_224\sample 5\not fresh\IMG_20260508_151333.jpg,pork_ham_sample_5,ham,cross_rotation,all,meatlens,all,all,all,file_destination,E:\Thesis Code\processed_hsv_lab_threshold_roi_224\sample 5\not fresh\IMG_20260508_151333.jpg,False,researcher_home,new_phone,,not fresh,not fresh,0.0011080655,0.9841746,0.014717301,not fresh,0.9841746,spoiled,0.014717301,0.9988919,0.9694573,0,True,True,True,False,False,False,Likely Not Fresh,Consume Immediately / Manual inspection recommended,54.387585,Consume Immediately,1,1,True,False
IMG_20260517_190835.jpg,7,Pork Loin,not fresh,13:13:34,E:\Thesis Code\processed_hsv_lab_threshold_roi_224\sample 7\not fresh\IMG_20260517_190835.jpg,pork_loin_sample_7,loin,cross_rotation,all,meatlens,all,all,all,file_destination,E:\Thesis Code\processed_hsv_lab_threshold_roi_224\sample 7\not fresh\IMG_20260517_190835.jpg,False,researcher_home,new_phone,,not fresh,not fresh,0.0035721315,0.7849837,0.21144421,not fresh,0.7849837,spoiled,0.21144421,0.9964279,0.5735395,0,True,True,True,False,True,False,Borderline Spoiled / Advanced Not Fresh,Not Suitable / Manual inspection recommended,45.64576,Consume Immediately,1,1,True,False
20260426_000644.jpg,1,Pork Shoulder,spoiled,43:58:48,E:\Thesis Code\processed_hsv_lab_threshold_roi_224\sample 1\spoiled\20260426_000644.jpg,pork_shoulder_sample_1,shoulder,cross_rotation,all,meatlens,all,all,all,file_destination,E:\Thesis Code\processed_hsv_lab_threshold_roi_224\sample 1\spoiled\20260426_000644.jpg,False,researcher_home,old_phone,,spoiled,spoiled,3.540526e-07,0.0007291352,0.9992705,spoiled,0.9992705,not fresh,0.0007291352,0.99999964,0.99854136,0,True,True,True,False,False,False,Likely Spoiled,Not Suitable,10.032843,Not Suitable,2,2,True,False
20260424_134630.jpg,2,Pork Shoulder,spoiled,31:50:21,E:\Thesis Code\processed_hsv_lab_threshold_roi_224\sample 2\spoiled\20260424_134630.jpg,pork_shoulder_sample_2,shoulder,cross_rotation,all,meatlens,all,all,all,file_destination,E:\Thesis Code\processed_hsv_lab_threshold_roi_224\sample 2\spoiled\20260424_134630.jpg,False,partner_home,old_phone,,spoiled,spoiled,0.00020626465,0.00063757924,0.9991561,spoiled,0.9991561,not fresh,0.00063757924,0.9997937,0.9985185,0,True,True,True,False,False,False,Likely Spoiled,Not Suitable,10.047255,Not Suitable,2,2,True,False
20260516_085438.jpg,8,Pork Loin,fresh,04:06:56,E:\Thesis Code\processed_hsv_lab_threshold_roi_224\sample 8\fresh\20260516_085438.jpg,pork_loin_sample_8,loin,cross_rotation,all,meatlens,all,all,all,file_destination,E:\Thesis Code\processed_hsv_lab_threshold_roi_224\sample 8\fresh\20260516_085438.jpg,False,partner_home,new_phone,,fresh,fresh,0.96189576,0.037052568,0.0010517426,fresh,0.96189576,not fresh,0.037052568,0.99894834,0.9248432,0,True,True,True,False,False,False,Likely Fresh,Good for Consumption,98.23798,Good for Consumption,0,0,True,False
20260516_073455.jpg,8,Pork Loin,fresh,00:52:46,E:\Thesis Code\processed_hsv_lab_threshold_roi_224\sample 8\fresh\20260516_073455.jpg,pork_loin_sample_8,loin,cross_rotation,all,meatlens,all,all,all,file_destination,E:\Thesis Code\processed_hsv_lab_threshold_roi_224\sample 8\fresh\20260516_073455.jpg,False,partner_home,new_phone,,fresh,fresh,0.99609226,0.0038613346,4.641307e-05,fresh,0.99609226,not fresh,0.0038613346,0.99995357,0.99223095,0,True,True,True,False,False,False,Likely Fresh,Good for Consumption,99.82207,Good for Consumption,0,0,True,False
FRESH-54-_JPG.rf.b49d357fcb729bffbedcef5fc0cf3c69.jpg,12,Various Pork Meat,fresh,,E:\Thesis Code\processed_hsv_lab_threshold_roi_224\sample 12\fresh\FRESH-54-_JPG.rf.b49d357fcb729bffbedcef5fc0cf3c69.jpg,various_pork_meat_sample_12,various,cross_rotation,all,public_dataset_2,all,all,all,file_destination,E:\Thesis Code\processed_hsv_lab_threshold_roi_224\sample 12\fresh\FRESH-54-_JPG.rf.b49d357fcb729bffbedcef5fc0cf3c69.jpg,False,public_dataset_2,public_dataset_2,,fresh,fresh,0.9929877,0.0069699124,4.242145e-05,fresh,0.9929877,not fresh,0.0069699124,0.9999576,0.98601776,0,True,True,True,False,False,False,Likely Fresh,Good for Consumption,99.68254,Good for Consumption,0,0,True,False
IMG20260423074201.jpg,2,Pork Shoulder,fresh,02:04:49,E:\Thesis Code\processed_hsv_lab_threshold_roi_224\sample 2\fresh\IMG20260423074201.jpg,pork_shoulder_sample_2,shoulder,cross_rotation,all,meatlens,all,all,all,file_destination,E:\Thesis Code\processed_hsv_lab_threshold_roi_224\sample 2\fresh\IMG20260423074201.jpg,False,partner_home,old_phone,,fresh,fresh,0.98748046,0.0048810393,0.0076385634,fresh,0.98748046,spoiled,0.0076385634,0.99511904,0.9798419,0,True,True,True,False,False,False,Likely Fresh,Good for Consumption,99.09289,Good for Consumption,0,0,False,False
20260703_163023.jpg,10,Pork Belly,not fresh,12:00:00,E:\Thesis Code\processed_hsv_lab_threshold_roi_224\sample 10\not fresh\20260703_163023.jpg,pork_belly_sample_10,belly,cross_rotation,all,public_dataset_2,all,all,all,file_destination,E:\Thesis Code\processed_hsv_lab_threshold_roi_224\sample 10\not fresh\20260703_163023.jpg,False,public_dataset_2,public_dataset_2,,not fresh,not fresh,0.030442849,0.5920854,0.37747175,not fresh,0.5920854,spoiled,0.37747175,0.96955717,0.21461368,0,True,True,True,False,True,True,Borderline Spoiled / Advanced Not Fresh,Not Suitable / Manual inspection recommended,39.3837,Not Suitable,1,1,True,False
20260429_171158.jpg,4,Pork Belly,not fresh,10:44:01,E:\Thesis Code\processed_hsv_lab_threshold_roi_224\sample 4\not fresh\20260429_171158.jpg,pork_belly_sample_4,belly,cross_rotation,all,meatlens,all,all,all,file_destination,E:\Thesis Code\processed_hsv_lab_threshold_roi_224\sample 4\not fresh\20260429_171158.jpg,False,partner_home,old_phone,,not fresh,not fresh,0.04817545,0.5888938,0.36293086,not fresh,0.5888938,spoiled,0.36293086,0.95182467,0.2259629,0,True,True,True,False,True,True,Borderline Spoiled / Advanced Not Fresh,Not Suitable / Manual inspection recommended,40.83601,Consume Immediately,1,1,True,False
IMG20260423070729.jpg,2,Pork Shoulder,fresh,01:10:33,E:\Thesis Code\processed_hsv_lab_threshold_roi_224\sample 2\fresh\IMG20260423070729.jpg,pork_shoulder_sample_2,shoulder,cross_rotation,all,meatlens,all,all,all,file_destination,E:\Thesis Code\processed_hsv_lab_threshold_roi_224\sample 2\fresh\IMG20260423070729.jpg,False,partner_home,old_phone,,fresh,fresh,0.9869936,0.004839085,0.00816726,fresh,0.9869936,spoiled,0.00816726,0.9951609,0.97882634,0,True,True,True,False,False,False,Likely Fresh,Good for Consumption,99.04718,Good for Consumption,0,0,False,False
20260624_102511.jpg,9,Pork Hind Leg,fresh,04:00:00,E:\Thesis Code\processed_hsv_lab_threshold_roi_224\sample 9\fresh\20260624_102511.jpg,pork_hind_leg_sample_9,hind_leg,cross_rotation,all,public_dataset_2,all,all,all,file_destination,E:\Thesis Code\processed_hsv_lab_threshold_roi_224\sample 9\fresh\20260624_102511.jpg,False,public_dataset_2,public_dataset_2,,fresh,fresh,0.6902798,0.28494105,0.024779182,fresh,0.6902798,not fresh,0.28494105,0.9752208,0.40533873,0,True,True,True,False,True,False,Borderline Fresh / Early Not Fresh,Consume Immediately / Check carefully,84.947525,Good for Consumption,0,0,True,False
20260424_225200.jpg,1,Pork Shoulder,spoiled,18:53:40,E:\Thesis Code\processed_hsv_lab_threshold_roi_224\sample 1\spoiled\20260424_225200.jpg,pork_shoulder_sample_1,shoulder,cross_rotation,all,meatlens,all,all,all,file_destination,E:\Thesis Code\processed_hsv_lab_threshold_roi_224\sample 1\spoiled\20260424_225200.jpg,False,researcher_home,old_phone,,spoiled,spoiled,3.83073e-05,0.10816179,0.8917999,spoiled,0.8917999,not fresh,0.10816179,0.99996173,0.7836381,0,True,True,True,False,True,False,Borderline Spoiled / Advanced Not Fresh,Not Suitable / Manual inspection recommended,14.8707285,Not Suitable,2,2,True,False
IMG_20260508_085142.jpg,5,Pork Ham,fresh,04:44:37,E:\Thesis Code\processed_hsv_lab_threshold_roi_224\sample 5\fresh\IMG_20260508_085142.jpg,pork_ham_sample_5,ham,cross_rotation,all,meatlens,all,all,all,file_destination,E:\Thesis Code\processed_hsv_lab_threshold_roi_224\sample 5\fresh\IMG_20260508_085142.jpg,False,researcher_home,new_phone,,fresh,fresh,0.99837935,0.001421315,0.00019938519,fresh,0.99837935,not fresh,0.001421315,0.9998007,0.996958,0,True,True,True,False,False,False,Likely Fresh,Good for Consumption,99.9181,Good for Consumption,0,0,True,False
IMG_20260509_003025.jpg,5,Pork Ham,spoiled,18:10:15,E:\Thesis Code\processed_hsv_lab_threshold_roi_224\sample 5\spoiled\IMG_20260509_003025.jpg,pork_ham_sample_5,ham,cross_rotation,all,meatlens,all,all,all,file_destination,E:\Thesis Code\processed_hsv_lab_threshold_roi_224\sample 5\spoiled\IMG_20260509_003025.jpg,False,researcher_home,new_phone,,spoiled,spoiled,0.0007615051,0.04062154,0.958617,spoiled,0.958617,not fresh,0.04062154,0.9992385,0.91799545,0,True,True,True,False,False,False,Likely Spoiled,Not Suitable,11.896505,Not Suitable,2,2,True,False
20260625_151636.jpg,9,Pork Hind Leg,spoiled,24:00:00,E:\Thesis Code\processed_hsv_lab_threshold_roi_224\sample 9\spoiled\20260625_151636.jpg,pork_hind_leg_sample_9,hind_leg,cross_rotation,all,public_dataset_2,all,all,all,file_destination,E:\Thesis Code\processed_hsv_lab_threshold_roi_224\sample 9\spoiled\20260625_151636.jpg,False,public_dataset_2,public_dataset_2,,spoiled,spoiled,0.0054149157,0.0025218008,0.9920632,spoiled,0.9920632,fresh,0.0054149157,0.9974781,0.9866483,0,True,True,True,False,False,False,Likely Spoiled,Not Suitable,10.600822,Not Suitable,2,2,False,False
IMG_20260517_113233.jpg,7,Pork Loin,fresh,05:36:35,E:\Thesis Code\processed_hsv_lab_threshold_roi_224\sample 7\fresh\IMG_20260517_113233.jpg,pork_loin_sample_7,loin,cross_rotation,all,meatlens,all,all,all,file_destination,E:\Thesis Code\processed_hsv_lab_threshold_roi_224\sample 7\fresh\IMG_20260517_113233.jpg,False,researcher_home,new_phone,,fresh,fresh,0.844708,0.15018618,0.0051057856,fresh,0.844708,not fresh,0.15018618,0.9948942,0.69452184,0,True,True,True,False,True,False,Borderline Fresh / Early Not Fresh,Consume Immediately / Check carefully,92.7821,Good for Consumption,0,0,True,False
FRESH-636-_JPG.rf.abe3d2db7af9eb4e5a299c14cfc6291e.jpg,12,Various Pork Meat,fresh,,E:\Thesis Code\processed_hsv_lab_threshold_roi_224\sample 12\fresh\FRESH-636-_JPG.rf.abe3d2db7af9eb4e5a299c14cfc6291e.jpg,various_pork_meat_sample_12,various,cross_rotation,all,public_dataset_2,all,all,all,file_destination,E:\Thesis Code\processed_hsv_lab_threshold_roi_224\sample 12\fresh\FRESH-636-_JPG.rf.abe3d2db7af9eb4e5a299c14cfc6291e.jpg,False,public_dataset_2,public_dataset_2,,fresh,fresh,0.7652231,0.2346679,0.000109047156,fresh,0.7652231,not fresh,0.2346679,0.999891,0.5305552,0,True,True,True,False,True,False,Borderline Fresh / Early Not Fresh,Consume Immediately / Check carefully,89.43013,Good for Consumption,0,0,True,False
20260516_083405.jpg,8,Pork Loin,fresh,03:18:24,E:\Thesis Code\processed_hsv_lab_threshold_roi_224\sample 8\fresh\20260516_083405.jpg,pork_loin_sample_8,loin,cross_rotation,all,meatlens,all,all,all,file_destination,E:\Thesis Code\processed_hsv_lab_threshold_roi_224\sample 8\fresh\20260516_083405.jpg,False,partner_home,new_phone,,fresh,fresh,0.98295736,0.016659912,0.0003827506,fresh,0.98295736,not fresh,0.016659912,0.9996173,0.96629745,0,True,True,True,False,False,False,Likely Fresh,Good for Consumption,99.21586,Good for Consumption,0,0,True,False
20260430_132545.jpg,4,Pork Belly,spoiled,26:35:35,E:\Thesis Code\processed_hsv_lab_threshold_roi_224\sample 4\spoiled\20260430_132545.jpg,pork_belly_sample_4,belly,cross_rotation,all,meatlens,all,all,all,file_destination,E:\Thesis Code\processed_hsv_lab_threshold_roi_224\sample 4\spoiled\20260430_132545.jpg,False,partner_home,old_phone,,spoiled,spoiled,7.9182515e-05,0.0026228605,0.99729794,spoiled,0.99729794,not fresh,0.0026228605,0.9999208,0.9946751,0,True,True,True,False,False,False,Likely Spoiled,Not Suitable,10.125155,Not Suitable,2,2,True,False
SPOILED-990-_JPG.rf.f7764c972dedd0dca816b525c9415348.jpg,12,Various Pork Meat,spoiled,,E:\Thesis Code\processed_hsv_lab_threshold_roi_224\sample 12\spoiled\SPOILED-990-_JPG.rf.f7764c972dedd0dca816b525c9415348.jpg,various_pork_meat_sample_12,various,cross_rotation,all,public_dataset_2,all,all,all,file_destination,E:\Thesis Code\processed_hsv_lab_threshold_roi_224\sample 12\spoiled\SPOILED-990-_JPG.rf.f7764c972dedd0dca816b525c9415348.jpg,False,public_dataset_2,public_dataset_2,,spoiled,spoiled,0.0004662112,0.005487829,0.994046,spoiled,0.994046,not fresh,0.005487829,0.9995338,0.9885582,0,True,True,True,False,False,False,Likely Spoiled,Not Suitable,10.288912,Not Suitable,2,2,True,False
20260624_151529.jpg,9,Pork Hind Leg,not fresh,12:00:00,E:\Thesis Code\processed_hsv_lab_threshold_roi_224\sample 9\not fresh\20260624_151529.jpg,pork_hind_leg_sample_9,hind_leg,cross_rotation,all,public_dataset_2,all,all,all,file_destination,E:\Thesis Code\processed_hsv_lab_threshold_roi_224\sample 9\not fresh\20260624_151529.jpg,False,public_dataset_2,public_dataset_2,,not fresh,not fresh,0.061797187,0.75648755,0.18171532,not fresh,0.75648755,spoiled,0.18171532,0.93820286,0.57477224,0,True,True,True,False,True,False,Borderline Spoiled / Advanced Not Fresh,Not Suitable / Manual inspection recommended,49.603687,Consume Immediately,1,1,True,False
IMG_20260508_073941.jpg,5,Pork Ham,fresh,03:29:51,E:\Thesis Code\processed_hsv_lab_threshold_roi_224\sample 5\fresh\IMG_20260508_073941.jpg,pork_ham_sample_5,ham,cross_rotation,all,meatlens,all,all,all,file_destination,E:\Thesis Code\processed_hsv_lab_threshold_roi_224\sample 5\fresh\IMG_20260508_073941.jpg,False,researcher_home,new_phone,,fresh,fresh,0.9992723,0.00069934415,2.8310124e-05,fresh,0.9992723,not fresh,0.00069934415,0.9999716,0.99857295,0,True,True,True,False,False,False,Likely Fresh,Good for Consumption,99.96597,Good for Consumption,0,0,True,False
20260423_125949.jpg,2,Pork Shoulder,not fresh,09:00:54,E:\Thesis Code\processed_hsv_lab_threshold_roi_224\sample 2\not fresh\20260423_125949.jpg,pork_shoulder_sample_2,shoulder,cross_rotation,all,meatlens,all,all,all,file_destination,E:\Thesis Code\processed_hsv_lab_threshold_roi_224\sample 2\not fresh\20260423_125949.jpg,False,partner_home,old_phone,,not fresh,not fresh,0.019790854,0.9429154,0.03729374,not fresh,0.9429154,spoiled,0.03729374,0.9802091,0.90562165,0,True,True,True,False,False,False,Likely Not Fresh,Consume Immediately / Manual inspection recommended,54.212368,Consume Immediately,1,1,True,False
IMG_20260508_064140.jpg,5,Pork Ham,fresh,02:29:33,E:\Thesis Code\processed_hsv_lab_threshold_roi_224\sample 5\fresh\IMG_20260508_064140.jpg,pork_ham_sample_5,ham,cross_rotation,all,meatlens,all,all,all,file_destination,E:\Thesis Code\processed_hsv_lab_threshold_roi_224\sample 5\fresh\IMG_20260508_064140.jpg,False,researcher_home,new_phone,,fresh,fresh,0.99763846,0.002263184,9.8326636e-05,fresh,0.99763846,not fresh,0.002263184,0.99990165,0.9953753,0,True,True,True,False,False,False,Likely Fresh,Good for Consumption,99.889305,Good for Consumption,0,0,True,False
20260429_142101.jpg,4,Pork Belly,not fresh,06:10:51,E:\Thesis Code\processed_hsv_lab_threshold_roi_224\sample 4\not fresh\20260429_142101.jpg,pork_belly_sample_4,belly,cross_rotation,all,meatlens,all,all,all,file_destination,E:\Thesis Code\processed_hsv_lab_threshold_roi_224\sample 4\not fresh\20260429_142101.jpg,False,partner_home,old_phone,,not fresh,not fresh,0.067048065,0.70935893,0.22359294,not fresh,0.70935893,spoiled,0.22359294,0.93295187,0.485766,0,True,True,True,False,True,False,Borderline Spoiled / Advanced Not Fresh,Not Suitable / Manual inspection recommended,47.95548,Consume Immediately,1,1,True,False
FRESH-311-_JPG.rf.d1c9e00cb03ff804feaa39d9dc45ddb0.jpg,12,Various Pork Meat,fresh,,E:\Thesis Code\processed_hsv_lab_threshold_roi_224\sample 12\fresh\FRESH-311-_JPG.rf.d1c9e00cb03ff804feaa39d9dc45ddb0.jpg,various_pork_meat_sample_12,various,cross_rotation,all,public_dataset_2,all,all,all,file_destination,E:\Thesis Code\processed_hsv_lab_threshold_roi_224\sample 12\fresh\FRESH-311-_JPG.rf.d1c9e00cb03ff804feaa39d9dc45ddb0.jpg,False,public_dataset_2,public_dataset_2,,fresh,not fresh,0.28809622,0.68624514,0.02565862,not fresh,0.68624514,fresh,0.28809622,0.9743414,0.39814892,1,False,True,True,False,True,False,Borderline Fresh / Early Not Fresh,Consume Immediately / Check carefully,66.80969,Consume Immediately,1,0,True,False
20260426_004445.jpg,1,Pork Shoulder,spoiled,44:37:23,E:\Thesis Code\processed_hsv_lab_threshold_roi_224\sample 1\spoiled\20260426_004445.jpg,pork_shoulder_sample_1,shoulder,cross_rotation,all,meatlens,all,all,all,file_destination,E:\Thesis Code\processed_hsv_lab_threshold_roi_224\sample 1\spoiled\20260426_004445.jpg,False,researcher_home,old_phone,,spoiled,spoiled,1.990387e-06,0.001773908,0.9982241,spoiled,0.9982241,not fresh,0.001773908,0.999998,0.9964502,0,True,True,True,False,False,False,Likely Spoiled,Not Suitable,10.080005,Not Suitable,2,2,True,False
IMG_20260508_063840.jpg,5,Pork Ham,fresh,02:27:08,E:\Thesis Code\processed_hsv_lab_threshold_roi_224\sample 5\fresh\IMG_20260508_063840.jpg,pork_ham_sample_5,ham,cross_rotation,all,meatlens,all,all,all,file_destination,E:\Thesis Code\processed_hsv_lab_threshold_roi_224\sample 5\fresh\IMG_20260508_063840.jpg,False,researcher_home,new_phone,,fresh,fresh,0.99860567,0.0013248401,6.952434e-05,fresh,0.99860567,not fresh,0.0013248401,0.9999305,0.99728084,0,True,True,True,False,False,False,Likely Fresh,Good for Consumption,99.93413,Good for Consumption,0,0,True,False
20260625_110626.jpg,9,Pork Hind Leg,spoiled,24:00:00,E:\Thesis Code\processed_hsv_lab_threshold_roi_224\sample 9\spoiled\20260625_110626.jpg,pork_hind_leg_sample_9,hind_leg,cross_rotation,all,public_dataset_2,all,all,all,file_destination,E:\Thesis Code\processed_hsv_lab_threshold_roi_224\sample 9\spoiled\20260625_110626.jpg,False,public_dataset_2,public_dataset_2,,spoiled,spoiled,0.059705865,0.052581124,0.8877131,spoiled,0.8877131,fresh,0.059705865,0.9474189,0.8280072,0,True,True,True,False,True,False,Uncertain / Non-adjacent Class Conflict,No reliable result / Retake image,17.73968,Not Suitable,2,2,False,True
08-11-2022 21-44-57_jpg.rf.fk7ObVRR4qJg1LtzHJEq.jpg,11,Various Pork Meat,not fresh,,E:\Thesis Code\processed_hsv_lab_threshold_roi_224\sample 11\half fresh\08-11-2022 21-44-57_jpg.rf.fk7ObVRR4qJg1LtzHJEq.jpg,various_pork_meat_sample_11,various,cross_rotation,all,public_dataset_2,all,all,all,file_destination,E:\Thesis Code\processed_hsv_lab_threshold_roi_224\sample 11\half fresh\08-11-2022 21-44-57_jpg.rf.fk7ObVRR4qJg1LtzHJEq.jpg,False,public_dataset_2,public_dataset_2,,not fresh,not fresh,0.017593127,0.92411786,0.058289036,not fresh,0.92411786,spoiled,0.058289036,0.9824069,0.8658288,0,True,True,True,False,False,False,Likely Not Fresh,Consume Immediately / Manual inspection recommended,53.168686,Consume Immediately,1,1,True,False
IMG20260509154629.jpg,6,Pork Ham,spoiled,23:05:08,E:\Thesis Code\processed_hsv_lab_threshold_roi_224\sample 6\spoiled\IMG20260509154629.jpg,pork_ham_sample_6,ham,cross_rotation,all,meatlens,all,all,all,file_destination,E:\Thesis Code\processed_hsv_lab_threshold_roi_224\sample 6\spoiled\IMG20260509154629.jpg,False,partner_home,new_phone,,spoiled,spoiled,1.716681e-05,0.006118278,0.9938645,spoiled,0.9938645,not fresh,0.006118278,0.9999828,0.9877462,0,True,True,True,False,False,False,Likely Spoiled,Not Suitable,10.276867,Not Suitable,2,2,True,False
20260430_194015.jpg,4,Pork Belly,spoiled,34:33:10,E:\Thesis Code\processed_hsv_lab_threshold_roi_224\sample 4\spoiled\20260430_194015.jpg,pork_belly_sample_4,belly,cross_rotation,all,meatlens,all,all,all,file_destination,E:\Thesis Code\processed_hsv_lab_threshold_roi_224\sample 4\spoiled\20260430_194015.jpg,False,partner_home,old_phone,,spoiled,spoiled,0.0017226241,0.044442642,0.9538347,spoiled,0.9538347,not fresh,0.044442642,0.99827737,0.90939206,0,True,True,True,False,False,False,Likely Spoiled,Not Suitable,12.154955,Not Suitable,2,2,True,False
20260423_152019.jpg,2,Pork Shoulder,not fresh,11:00:18,E:\Thesis Code\processed_hsv_lab_threshold_roi_224\sample 2\not fresh\20260423_152019.jpg,pork_shoulder_sample_2,shoulder,cross_rotation,all,meatlens,all,all,all,file_destination,E:\Thesis Code\processed_hsv_lab_threshold_roi_224\sample 2\not fresh\20260423_152019.jpg,False,partner_home,old_phone,,not fresh,not fresh,0.008867449,0.96353257,0.027599918,not fresh,0.96353257,spoiled,0.027599918,0.9911325,0.93593264,0,True,True,True,False,False,False,Likely Not Fresh,Consume Immediately / Manual inspection recommended,54.157036,Consume Immediately,1,1,True,False
20260429_223729.jpg,3,Pork Belly,spoiled,17:42:31,E:\Thesis Code\processed_hsv_lab_threshold_roi_224\sample 3\spoiled\20260429_223729.jpg,pork_belly_sample_3,belly,cross_rotation,all,meatlens,all,all,all,file_destination,E:\Thesis Code\processed_hsv_lab_threshold_roi_224\sample 3\spoiled\20260429_223729.jpg,False,researcher_home,old_phone,,spoiled,spoiled,0.007251085,0.3546931,0.63805586,spoiled,0.63805586,not fresh,0.3546931,0.992749,0.28336275,0,True,True,True,False,True,False,Borderline Spoiled / Advanced Not Fresh,Not Suitable / Manual inspection recommended,26.613789,Not Suitable,2,2,True,False
IMG_20260517_093712.jpg,7,Pork Loin,fresh,00:08:38,E:\Thesis Code\processed_hsv_lab_threshold_roi_224\sample 7\fresh\IMG_20260517_093712.jpg,pork_loin_sample_7,loin,cross_rotation,all,meatlens,all,all,all,file_destination,E:\Thesis Code\processed_hsv_lab_threshold_roi_224\sample 7\fresh\IMG_20260517_093712.jpg,False,researcher_home,new_phone,,fresh,fresh,0.98530453,0.0123574855,0.0023379636,fresh,0.98530453,not fresh,0.0123574855,0.997662,0.97294706,0,True,True,True,False,False,False,Likely Fresh,Good for Consumption,99.2335,Good for Consumption,0,0,True,False
SPOILED-149-_JPG.rf.2e0ce836a3affa5015b97cb7926ccdad.jpg,12,Various Pork Meat,spoiled,,E:\Thesis Code\processed_hsv_lab_threshold_roi_224\sample 12\spoiled\SPOILED-149-_JPG.rf.2e0ce836a3affa5015b97cb7926ccdad.jpg,various_pork_meat_sample_12,various,cross_rotation,all,public_dataset_2,all,all,all,file_destination,E:\Thesis Code\processed_hsv_lab_threshold_roi_224\sample 12\spoiled\SPOILED-149-_JPG.rf.2e0ce836a3affa5015b97cb7926ccdad.jpg,False,public_dataset_2,public_dataset_2,,spoiled,spoiled,0.001103391,0.007976078,0.99092054,spoiled,0.99092054,not fresh,0.007976078,0.9988966,0.9829445,0,True,True,True,False,False,False,Likely Spoiled,Not Suitable,10.458229,Not Suitable,2,2,True,False
20260517_004730.jpg,8,Pork Loin,spoiled,22:13:52,E:\Thesis Code\processed_hsv_lab_threshold_roi_224\sample 8\spoiled\20260517_004730.jpg,pork_loin_sample_8,loin,cross_rotation,all,meatlens,all,all,all,file_destination,E:\Thesis Code\processed_hsv_lab_threshold_roi_224\sample 8\spoiled\20260517_004730.jpg,False,partner_home,new_phone,,spoiled,spoiled,0.002175707,0.22495605,0.7728682,spoiled,0.7728682,not fresh,0.22495605,0.99782425,0.5479122,0,True,True,True,False,True,False,Borderline Spoiled / Advanced Not Fresh,Not Suitable / Manual inspection recommended,20.318836,Not Suitable,2,2,True,False
20260423_153005.jpg,2,Pork Shoulder,not fresh,11:11:09,E:\Thesis Code\processed_hsv_lab_threshold_roi_224\sample 2\not fresh\20260423_153005.jpg,pork_shoulder_sample_2,shoulder,cross_rotation,all,meatlens,all,all,all,file_destination,E:\Thesis Code\processed_hsv_lab_threshold_roi_224\sample 2\not fresh\20260423_153005.jpg,False,partner_home,old_phone,,not fresh,not fresh,0.00384171,0.9790876,0.017070753,not fresh,0.9790876,spoiled,0.017070753,0.99615836,0.9620168,0,True,True,True,False,False,False,Likely Not Fresh,Consume Immediately / Manual inspection recommended,54.404697,Consume Immediately,1,1,True,False
20260424_115158.jpg,2,Pork Shoulder,spoiled,27:20:12,E:\Thesis Code\processed_hsv_lab_threshold_roi_224\sample 2\spoiled\20260424_115158.jpg,pork_shoulder_sample_2,shoulder,cross_rotation,all,meatlens,all,all,all,file_destination,E:\Thesis Code\processed_hsv_lab_threshold_roi_224\sample 2\spoiled\20260424_115158.jpg,False,partner_home,old_phone,,spoiled,spoiled,0.00024328743,0.0010137757,0.99874294,spoiled,0.99874294,not fresh,0.0010137757,0.9997567,0.9977292,0,True,True,True,False,False,False,Likely Spoiled,Not Suitable,10.067515,Not Suitable,2,2,True,False
IMG_20260508_220625.jpg,5,Pork Ham,spoiled,16:57:53,E:\Thesis Code\processed_hsv_lab_threshold_roi_224\sample 5\spoiled\IMG_20260508_220625.jpg,pork_ham_sample_5,ham,cross_rotation,all,meatlens,all,all,all,file_destination,E:\Thesis Code\processed_hsv_lab_threshold_roi_224\sample 5\spoiled\IMG_20260508_220625.jpg,False,researcher_home,new_phone,,spoiled,spoiled,0.01585111,0.22121003,0.76293886,spoiled,0.76293886,not fresh,0.22121003,0.98414886,0.54172885,0,True,True,True,False,True,False,Borderline Spoiled / Advanced Not Fresh,Not Suitable / Manual inspection recommended,21.381052,Not Suitable,2,2,True,False
IMG20260508070352.jpg,6,Pork Ham,fresh,01:01:12,E:\Thesis Code\processed_hsv_lab_threshold_roi_224\sample 6\fresh\IMG20260508070352.jpg,pork_ham_sample_6,ham,cross_rotation,all,meatlens,all,all,all,file_destination,E:\Thesis Code\processed_hsv_lab_threshold_roi_224\sample 6\fresh\IMG20260508070352.jpg,False,partner_home,new_phone,,fresh,fresh,0.99336797,0.005375991,0.0012560332,fresh,0.99336797,not fresh,0.005375991,0.99874395,0.987992,0,True,True,True,False,False,False,Likely Fresh,Good for Consumption,99.645035,Good for Consumption,0,0,True,False
IMG_20260517_131933.jpg,7,Pork Loin,not fresh,08:07:32,E:\Thesis Code\processed_hsv_lab_threshold_roi_224\sample 7\not fresh\IMG_20260517_131933.jpg,pork_loin_sample_7,loin,cross_rotation,all,meatlens,all,all,all,file_destination,E:\Thesis Code\processed_hsv_lab_threshold_roi_224\sample 7\not fresh\IMG_20260517_131933.jpg,False,researcher_home,new_phone,,not fresh,not fresh,0.019086627,0.960903,0.020010384,not fresh,0.960903,spoiled,0.020010384,0.9809134,0.9408926,0,True,True,True,False,False,False,Likely Not Fresh,Consume Immediately / Manual inspection recommended,54.95843,Consume Immediately,1,1,True,False
20260516_124044.jpg,8,Pork Loin,not fresh,08:51:52,E:\Thesis Code\processed_hsv_lab_threshold_roi_224\sample 8\not fresh\20260516_124044.jpg,pork_loin_sample_8,loin,cross_rotation,all,meatlens,all,all,all,file_destination,E:\Thesis Code\processed_hsv_lab_threshold_roi_224\sample 8\not fresh\20260516_124044.jpg,False,partner_home,new_phone,,not fresh,not fresh,0.23275895,0.76408565,0.003155417,not fresh,0.76408565,fresh,0.23275895,0.9968446,0.5313267,0,True,True,True,False,True,False,Borderline Fresh / Early Not Fresh,Consume Immediately / Check carefully,65.33216,Consume Immediately,1,1,True,False
IMG_20260518_060448.jpg,7,Pork Loin,spoiled,23:08:45,E:\Thesis Code\processed_hsv_lab_threshold_roi_224\sample 7\spoiled\IMG_20260518_060448.jpg,pork_loin_sample_7,loin,cross_rotation,all,meatlens,all,all,all,file_destination,E:\Thesis Code\processed_hsv_lab_threshold_roi_224\sample 7\spoiled\IMG_20260518_060448.jpg,False,researcher_home,new_phone,,spoiled,spoiled,0.00035292696,0.031975623,0.9676714,spoiled,0.9676714,not fresh,0.031975623,0.999647,0.93569577,0,True,True,True,False,False,False,Likely Spoiled,Not Suitable,11.470666,Not Suitable,2,2,True,False
20260516_080159.jpg,8,Pork Loin,fresh,01:58:11,E:\Thesis Code\processed_hsv_lab_threshold_roi_224\sample 8\fresh\20260516_080159.jpg,pork_loin_sample_8,loin,cross_rotation,all,meatlens,all,all,all,file_destination,E:\Thesis Code\processed_hsv_lab_threshold_roi_224\sample 8\fresh\20260516_080159.jpg,False,partner_home,new_phone,,fresh,fresh,0.9893764,0.010421296,0.00020227842,fresh,0.9893764,not fresh,0.010421296,0.9997977,0.97895515,0,True,True,True,False,False,False,Likely Fresh,Good for Consumption,99.51284,Good for Consumption,0,0,True,False
IMG20260508145852.jpg,6,Pork Ham,not fresh,10:58:30,E:\Thesis Code\processed_hsv_lab_threshold_roi_224\sample 6\not fresh\IMG20260508145852.jpg,pork_ham_sample_6,ham,cross_rotation,all,meatlens,all,all,all,file_destination,E:\Thesis Code\processed_hsv_lab_threshold_roi_224\sample 6\not fresh\IMG20260508145852.jpg,False,partner_home,new_phone,,not fresh,not fresh,0.013602386,0.93554556,0.05085202,not fresh,0.93554556,spoiled,0.05085202,0.98639756,0.88469356,0,True,True,True,False,False,False,Likely Not Fresh,Consume Immediately / Manual inspection recommended,53.323765,Consume Immediately,1,1,True,False
20260703_084624.jpg,10,Pork Belly,fresh,04:00:00,E:\Thesis Code\processed_hsv_lab_threshold_roi_224\sample 10\fresh\20260703_084624.jpg,pork_belly_sample_10,belly,cross_rotation,all,public_dataset_2,all,all,all,file_destination,E:\Thesis Code\processed_hsv_lab_threshold_roi_224\sample 10\fresh\20260703_084624.jpg,False,public_dataset_2,public_dataset_2,,fresh,fresh,0.94444036,0.05490028,0.00065939577,fresh,0.94444036,not fresh,0.05490028,0.99934065,0.8895401,0,True,True,True,False,False,False,Likely Fresh,Good for Consumption,97.470146,Good for Consumption,0,0,True,False
20260703_161808.jpg,10,Pork Belly,not fresh,12:00:00,E:\Thesis Code\processed_hsv_lab_threshold_roi_224\sample 10\not fresh\20260703_161808.jpg,pork_belly_sample_10,belly,cross_rotation,all,public_dataset_2,all,all,all,file_destination,E:\Thesis Code\processed_hsv_lab_threshold_roi_224\sample 10\not fresh\20260703_161808.jpg,False,public_dataset_2,public_dataset_2,,not fresh,not fresh,0.02908983,0.69855803,0.27235213,not fresh,0.69855803,spoiled,0.27235213,0.9709102,0.4262059,0,True,True,True,False,True,False,Borderline Spoiled / Advanced Not Fresh,Not Suitable / Manual inspection recommended,44.053196,Consume Immediately,1,1,True,False
SPOILED-306-_JPG.rf.c97045698def759193405a29a708152d.jpg,12,Various Pork Meat,spoiled,,E:\Thesis Code\processed_hsv_lab_threshold_roi_224\sample 12\spoiled\SPOILED-306-_JPG.rf.c97045698def759193405a29a708152d.jpg,various_pork_meat_sample_12,various,cross_rotation,all,public_dataset_2,all,all,all,file_destination,E:\Thesis Code\processed_hsv_lab_threshold_roi_224\sample 12\spoiled\SPOILED-306-_JPG.rf.c97045698def759193405a29a708152d.jpg,False,public_dataset_2,public_dataset_2,,spoiled,spoiled,0.063696176,0.20529246,0.73101133,spoiled,0.73101133,not fresh,0.20529246,0.9363038,0.52571887,0,True,True,True,False,True,False,Borderline Spoiled / Advanced Not Fresh,Not Suitable / Manual inspection recommended,24.970816,Not Suitable,2,2,True,False
IMG20260508132346.jpg,6,Pork Ham,not fresh,09:23:31,E:\Thesis Code\processed_hsv_lab_threshold_roi_224\sample 6\not fresh\IMG20260508132346.jpg,pork_ham_sample_6,ham,cross_rotation,all,meatlens,all,all,all,file_destination,E:\Thesis Code\processed_hsv_lab_threshold_roi_224\sample 6\not fresh\IMG20260508132346.jpg,False,partner_home,new_phone,,not fresh,not fresh,0.033552688,0.9325255,0.03392181,not fresh,0.9325255,spoiled,0.03392181,0.96644735,0.8986037,0,True,True,True,False,False,False,Likely Not Fresh,Consume Immediately / Manual inspection recommended,54.98339,Consume Immediately,1,1,True,False
IMG20260509134551.jpg,6,Pork Ham,spoiled,21:19:00,E:\Thesis Code\processed_hsv_lab_threshold_roi_224\sample 6\spoiled\IMG20260509134551.jpg,pork_ham_sample_6,ham,cross_rotation,all,meatlens,all,all,all,file_destination,E:\Thesis Code\processed_hsv_lab_threshold_roi_224\sample 6\spoiled\IMG20260509134551.jpg,False,partner_home,new_phone,,spoiled,spoiled,1.5353822e-05,0.005132955,0.99485165,spoiled,0.99485165,not fresh,0.005132955,0.9999846,0.9897187,0,True,True,True,False,False,False,Likely Spoiled,Not Suitable,10.232365,Not Suitable,2,2,True,False
20260425_042613.jpg,1,Pork Shoulder,spoiled,24:21:43,E:\Thesis Code\processed_hsv_lab_threshold_roi_224\sample 1\spoiled\20260425_042613.jpg,pork_shoulder_sample_1,shoulder,cross_rotation,all,meatlens,all,all,all,file_destination,E:\Thesis Code\processed_hsv_lab_threshold_roi_224\sample 1\spoiled\20260425_042613.jpg,False,researcher_home,old_phone,,spoiled,spoiled,4.9701714e-07,0.0011359933,0.9988636,spoiled,0.9988636,not fresh,0.0011359933,0.9999996,0.9977276,0,True,True,True,False,False,False,Likely Spoiled,Not Suitable,10.051166,Not Suitable,2,2,True,False
IMG_20260508_042534.jpg,5,Pork Ham,fresh,00:09:39,E:\Thesis Code\processed_hsv_lab_threshold_roi_224\sample 5\fresh\IMG_20260508_042534.jpg,pork_ham_sample_5,ham,cross_rotation,all,meatlens,all,all,all,file_destination,E:\Thesis Code\processed_hsv_lab_threshold_roi_224\sample 5\fresh\IMG_20260508_042534.jpg,False,researcher_home,new_phone,,fresh,fresh,0.99079704,0.008667109,0.0005359332,fresh,0.99079704,not fresh,0.008667109,0.99946415,0.98212993,0,True,True,True,False,False,False,Likely Fresh,Good for Consumption,99.56175,Good for Consumption,0,0,True,False
20260424_150348.jpg,1,Pork Shoulder,not fresh,11:03:19,E:\Thesis Code\processed_hsv_lab_threshold_roi_224\sample 1\not fresh\20260424_150348.jpg,pork_shoulder_sample_1,shoulder,cross_rotation,all,meatlens,all,all,all,file_destination,E:\Thesis Code\processed_hsv_lab_threshold_roi_224\sample 1\not fresh\20260424_150348.jpg,False,researcher_home,old_phone,,not fresh,not fresh,0.009125043,0.9522518,0.03862308,not fresh,0.9522518,spoiled,0.03862308,0.9908749,0.9136287,0,True,True,True,False,False,False,Likely Not Fresh,Consume Immediately / Manual inspection recommended,53.672585,Consume Immediately,1,1,True,False
IMG_20260517_192535.jpg,7,Pork Loin,not fresh,13:28:21,E:\Thesis Code\processed_hsv_lab_threshold_roi_224\sample 7\not fresh\IMG_20260517_192535.jpg,pork_loin_sample_7,loin,cross_rotation,all,meatlens,all,all,all,file_destination,E:\Thesis Code\processed_hsv_lab_threshold_roi_224\sample 7\not fresh\IMG_20260517_192535.jpg,False,researcher_home,new_phone,,not fresh,not fresh,0.003716777,0.83366615,0.16261709,not fresh,0.83366615,spoiled,0.16261709,0.99628323,0.67104906,0,True,True,True,False,True,False,Borderline Spoiled / Advanced Not Fresh,Not Suitable / Manual inspection recommended,47.849487,Consume Immediately,1,1,True,False
20260516_210154.jpg,8,Pork Loin,spoiled,17:39:30,E:\Thesis Code\processed_hsv_lab_threshold_roi_224\sample 8\spoiled\20260516_210154.jpg,pork_loin_sample_8,loin,cross_rotation,all,meatlens,all,all,all,file_destination,E:\Thesis Code\processed_hsv_lab_threshold_roi_224\sample 8\spoiled\20260516_210154.jpg,False,partner_home,new_phone,,spoiled,spoiled,0.0037225054,0.4624045,0.53387296,spoiled,0.53387296,not fresh,0.4624045,0.99627745,0.07146847,0,True,True,True,False,True,True,Borderline Spoiled / Advanced Not Fresh,Not Suitable / Manual inspection recommended,31.143227,Not Suitable,2,2,True,False
20260703_110341.jpg,10,Pork Belly,not fresh,12:00:00,E:\Thesis Code\processed_hsv_lab_threshold_roi_224\sample 10\not fresh\20260703_110341.jpg,pork_belly_sample_10,belly,cross_rotation,all,public_dataset_2,all,all,all,file_destination,E:\Thesis Code\processed_hsv_lab_threshold_roi_224\sample 10\not fresh\20260703_110341.jpg,False,public_dataset_2,public_dataset_2,,not fresh,fresh,0.74928784,0.24849264,0.0022195163,fresh,0.74928784,not fresh,0.24849264,0.9977805,0.5007952,1,False,True,True,False,True,False,Borderline Fresh / Early Not Fresh,Consume Immediately / Check carefully,88.61807,Good for Consumption,0,1,True,False
IMG_20260518_051447.jpg,7,Pork Loin,spoiled,22:21:43,E:\Thesis Code\processed_hsv_lab_threshold_roi_224\sample 7\spoiled\IMG_20260518_051447.jpg,pork_loin_sample_7,loin,cross_rotation,all,meatlens,all,all,all,file_destination,E:\Thesis Code\processed_hsv_lab_threshold_roi_224\sample 7\spoiled\IMG_20260518_051447.jpg,False,researcher_home,new_phone,,spoiled,spoiled,0.00014333354,0.008864659,0.99099207,spoiled,0.99099207,not fresh,0.008864659,0.9998567,0.9821274,0,True,True,True,False,False,False,Likely Spoiled,Not Suitable,10.41181,Not Suitable,2,2,True,False
20260624_074801.jpg,9,Pork Hind Leg,fresh,04:00:00,E:\Thesis Code\processed_hsv_lab_threshold_roi_224\sample 9\fresh\20260624_074801.jpg,pork_hind_leg_sample_9,hind_leg,cross_rotation,all,public_dataset_2,all,all,all,file_destination,E:\Thesis Code\processed_hsv_lab_threshold_roi_224\sample 9\fresh\20260624_074801.jpg,False,public_dataset_2,public_dataset_2,,fresh,fresh,0.8180164,0.14440477,0.037578795,fresh,0.8180164,not fresh,0.14440477,0.9624212,0.67361164,0,True,True,True,False,True,False,Borderline Fresh / Early Not Fresh,Consume Immediately / Check carefully,90.11969,Good for Consumption,0,0,True,False
20260424_145848.jpg,1,Pork Shoulder,not fresh,10:58:30,E:\Thesis Code\processed_hsv_lab_threshold_roi_224\sample 1\not fresh\20260424_145848.jpg,pork_shoulder_sample_1,shoulder,cross_rotation,all,meatlens,all,all,all,file_destination,E:\Thesis Code\processed_hsv_lab_threshold_roi_224\sample 1\not fresh\20260424_145848.jpg,False,researcher_home,old_phone,,not fresh,not fresh,0.009123534,0.9616226,0.029253911,not fresh,0.9616226,spoiled,0.029253911,0.9908765,0.9323687,0,True,True,True,False,False,False,Likely Not Fresh,Consume Immediately / Manual inspection recommended,54.094135,Consume Immediately,1,1,True,False
20260424_072657.jpg,2,Pork Shoulder,spoiled,17:03:55,E:\Thesis Code\processed_hsv_lab_threshold_roi_224\sample 2\spoiled\20260424_072657.jpg,pork_shoulder_sample_2,shoulder,cross_rotation,all,meatlens,all,all,all,file_destination,E:\Thesis Code\processed_hsv_lab_threshold_roi_224\sample 2\spoiled\20260424_072657.jpg,False,partner_home,old_phone,,spoiled,spoiled,0.0027661235,0.082884945,0.9143489,spoiled,0.9143489,not fresh,0.082884945,0.99723387,0.83146393,0,True,True,True,False,False,False,Likely Spoiled,Not Suitable,13.978773,Not Suitable,2,2,True,False
20260516_072624.jpg,8,Pork Loin,fresh,00:31:39,E:\Thesis Code\processed_hsv_lab_threshold_roi_224\sample 8\fresh\20260516_072624.jpg,pork_loin_sample_8,loin,cross_rotation,all,meatlens,all,all,all,file_destination,E:\Thesis Code\processed_hsv_lab_threshold_roi_224\sample 8\fresh\20260516_072624.jpg,False,partner_home,new_phone,,fresh,fresh,0.99539405,0.0045626215,4.3370066e-05,fresh,0.99539405,not fresh,0.0045626215,0.99995667,0.99083143,0,True,True,True,False,False,False,Likely Fresh,Good for Consumption,99.79079,Good for Consumption,0,0,True,False
20260703_081206.jpg,10,Pork Belly,fresh,04:00:00,E:\Thesis Code\processed_hsv_lab_threshold_roi_224\sample 10\fresh\20260703_081206.jpg,pork_belly_sample_10,belly,cross_rotation,all,public_dataset_2,all,all,all,file_destination,E:\Thesis Code\processed_hsv_lab_threshold_roi_224\sample 10\fresh\20260703_081206.jpg,False,public_dataset_2,public_dataset_2,,fresh,fresh,0.7473222,0.23406255,0.018615197,fresh,0.7473222,not fresh,0.23406255,0.98138475,0.51325965,0,True,True,True,False,True,False,Borderline Fresh / Early Not Fresh,Consume Immediately / Check carefully,87.79181,Good for Consumption,0,0,True,False
20260424_161724.jpg,2,Pork Shoulder,spoiled,37:44:55,E:\Thesis Code\processed_hsv_lab_threshold_roi_224\sample 2\spoiled\20260424_161724.jpg,pork_shoulder_sample_2,shoulder,cross_rotation,all,meatlens,all,all,all,file_destination,E:\Thesis Code\processed_hsv_lab_threshold_roi_224\sample 2\spoiled\20260424_161724.jpg,False,partner_home,old_phone,,spoiled,spoiled,3.9033228e-05,0.00024586526,0.99971503,spoiled,0.99971503,not fresh,0.00024586526,0.9999609,0.99946916,0,True,True,True,False,False,False,Likely Spoiled,Not Suitable,10.014576,Not Suitable,2,2,True,False
08-11-2022 21-20-27_jpg.rf.f4q1xUXTGMqnrjb1Wd4I.jpg,11,Various Pork Meat,not fresh,,E:\Thesis Code\processed_hsv_lab_threshold_roi_224\sample 11\half fresh\08-11-2022 21-20-27_jpg.rf.f4q1xUXTGMqnrjb1Wd4I.jpg,various_pork_meat_sample_11,various,cross_rotation,all,public_dataset_2,all,all,all,file_destination,E:\Thesis Code\processed_hsv_lab_threshold_roi_224\sample 11\half fresh\08-11-2022 21-20-27_jpg.rf.f4q1xUXTGMqnrjb1Wd4I.jpg,False,public_dataset_2,public_dataset_2,,not fresh,fresh,0.4421651,0.3659477,0.19188718,fresh,0.4421651,not fresh,0.3659477,0.8081128,0.07621741,1,False,True,True,False,True,True,Borderline Fresh / Early Not Fresh,Consume Immediately / Check carefully,66.262505,Consume Immediately,0,1,True,False
20260516_170215.jpg,8,Pork Loin,not fresh,12:52:28,E:\Thesis Code\processed_hsv_lab_threshold_roi_224\sample 8\not fresh\20260516_170215.jpg,pork_loin_sample_8,loin,cross_rotation,all,meatlens,all,all,all,file_destination,E:\Thesis Code\processed_hsv_lab_threshold_roi_224\sample 8\not fresh\20260516_170215.jpg,False,partner_home,new_phone,,not fresh,not fresh,0.0059485454,0.74300504,0.2510464,not fresh,0.74300504,spoiled,0.2510464,0.99405146,0.49195865,0,True,True,True,False,True,False,Borderline Spoiled / Advanced Not Fresh,Not Suitable / Manual inspection recommended,43.970596,Consume Immediately,1,1,True,False
IMG20260508142049.jpg,6,Pork Ham,not fresh,10:20:30,E:\Thesis Code\processed_hsv_lab_threshold_roi_224\sample 6\not fresh\IMG20260508142049.jpg,pork_ham_sample_6,ham,cross_rotation,all,meatlens,all,all,all,file_destination,E:\Thesis Code\processed_hsv_lab_threshold_roi_224\sample 6\not fresh\IMG20260508142049.jpg,False,partner_home,new_phone,,not fresh,not fresh,0.016573815,0.90662915,0.07679695,not fresh,0.90662915,spoiled,0.07679695,0.9834261,0.8298322,0,True,True,True,False,False,False,Likely Not Fresh,Consume Immediately / Manual inspection recommended,52.289955,Consume Immediately,1,1,True,False
IMG_20260517_233736.jpg,7,Pork Loin,spoiled,17:23:49,E:\Thesis Code\processed_hsv_lab_threshold_roi_224\sample 7\spoiled\IMG_20260517_233736.jpg,pork_loin_sample_7,loin,cross_rotation,all,meatlens,all,all,all,file_destination,E:\Thesis Code\processed_hsv_lab_threshold_roi_224\sample 7\spoiled\IMG_20260517_233736.jpg,False,researcher_home,new_phone,,spoiled,spoiled,0.021714693,0.4316326,0.54665273,spoiled,0.54665273,not fresh,0.4316326,0.9782853,0.115020126,0,True,True,True,False,True,True,Borderline Spoiled / Advanced Not Fresh,Not Suitable / Manual inspection recommended,31.37779,Not Suitable,2,2,True,False
20260423_121444.jpg,2,Pork Shoulder,not fresh,08:12:04,E:\Thesis Code\processed_hsv_lab_threshold_roi_224\sample 2\not fresh\20260423_121444.jpg,pork_shoulder_sample_2,shoulder,cross_rotation,all,meatlens,all,all,all,file_destination,E:\Thesis Code\processed_hsv_lab_threshold_roi_224\sample 2\not fresh\20260423_121444.jpg,False,partner_home,old_phone,,not fresh,not fresh,0.014324244,0.97343814,0.012237627,not fresh,0.97343814,fresh,0.014324244,0.9877624,0.9591139,0,True,True,True,False,False,False,Likely Not Fresh,Consume Immediately / Manual inspection recommended,55.0939,Consume Immediately,1,1,True,False
20260429_052100.jpg,3,Pork Belly,fresh,04:26:40,E:\Thesis Code\processed_hsv_lab_threshold_roi_224\sample 3\fresh\20260429_052100.jpg,pork_belly_sample_3,belly,cross_rotation,all,meatlens,all,all,all,file_destination,E:\Thesis Code\processed_hsv_lab_threshold_roi_224\sample 3\fresh\20260429_052100.jpg,False,researcher_home,old_phone,,fresh,fresh,0.9766148,0.02113534,0.0022499927,fresh,0.9766148,not fresh,0.02113534,0.9977501,0.95547944,0,True,True,True,False,False,False,Likely Fresh,Good for Consumption,98.84642,Good for Consumption,0,0,True,False
20260424_083540.jpg,1,Pork Shoulder,fresh,02:48:51,E:\Thesis Code\processed_hsv_lab_threshold_roi_224\sample 1\fresh\20260424_083540.jpg,pork_shoulder_sample_1,shoulder,cross_rotation,all,meatlens,all,all,all,file_destination,E:\Thesis Code\processed_hsv_lab_threshold_roi_224\sample 1\fresh\20260424_083540.jpg,False,researcher_home,old_phone,,fresh,fresh,0.9914157,0.006863663,0.0017206518,fresh,0.9914157,not fresh,0.006863663,0.99827933,0.984552,0,True,True,True,False,False,False,Likely Fresh,Good for Consumption,99.53628,Good for Consumption,0,0,True,False
20260424_123945.jpg,1,Pork Shoulder,not fresh,08:38:36,E:\Thesis Code\processed_hsv_lab_threshold_roi_224\sample 1\not fresh\20260424_123945.jpg,pork_shoulder_sample_1,shoulder,cross_rotation,all,meatlens,all,all,all,file_destination,E:\Thesis Code\processed_hsv_lab_threshold_roi_224\sample 1\not fresh\20260424_123945.jpg,False,researcher_home,old_phone,,not fresh,not fresh,0.06445801,0.930555,0.004986953,not fresh,0.930555,fresh,0.06445801,0.995013,0.866097,0,True,True,True,False,False,False,Likely Not Fresh,Consume Immediately / Manual inspection recommended,57.676193,Consume Immediately,1,1,True,False
IMG_20260508_154034.jpg,5,Pork Ham,not fresh,11:34:40,E:\Thesis Code\processed_hsv_lab_threshold_roi_224\sample 5\not fresh\IMG_20260508_154034.jpg,pork_ham_sample_5,ham,cross_rotation,all,meatlens,all,all,all,file_destination,E:\Thesis Code\processed_hsv_lab_threshold_roi_224\sample 5\not fresh\IMG_20260508_154034.jpg,False,researcher_home,new_phone,,not fresh,not fresh,0.01824145,0.9778129,0.0039456496,not fresh,0.9778129,fresh,0.01824145,0.99605435,0.9595714,0,True,True,True,False,False,False,Likely Not Fresh,Consume Immediately / Manual inspection recommended,55.64331,Consume Immediately,1,1,True,False
IMG20260508125644.jpg,6,Pork Ham,not fresh,08:56:05,E:\Thesis Code\processed_hsv_lab_threshold_roi_224\sample 6\not fresh\IMG20260508125644.jpg,pork_ham_sample_6,ham,cross_rotation,all,meatlens,all,all,all,file_destination,E:\Thesis Code\processed_hsv_lab_threshold_roi_224\sample 6\not fresh\IMG20260508125644.jpg,False,partner_home,new_phone,,not fresh,not fresh,0.066406906,0.91704655,0.016546478,not fresh,0.91704655,fresh,0.066406906,0.98345345,0.85063964,0,True,True,True,False,False,False,Likely Not Fresh,Consume Immediately / Manual inspection recommended,57.243717,Consume Immediately,1,1,True,False
IMG20260423084235.jpg,2,Pork Shoulder,fresh,03:38:54,E:\Thesis Code\processed_hsv_lab_threshold_roi_224\sample 2\fresh\IMG20260423084235.jpg,pork_shoulder_sample_2,shoulder,cross_rotation,all,meatlens,all,all,all,file_destination,E:\Thesis Code\processed_hsv_lab_threshold_roi_224\sample 2\fresh\IMG20260423084235.jpg,False,partner_home,old_phone,,fresh,fresh,0.9940129,0.0050738077,0.0009132956,fresh,0.9940129,not fresh,0.0050738077,0.9990867,0.9889391,0,True,True,True,False,False,False,Likely Fresh,Good for Consumption,99.68948,Good for Consumption,0,0,True,False
20260423_154121.jpg,2,Pork Shoulder,not fresh,11:23:49,E:\Thesis Code\processed_hsv_lab_threshold_roi_224\sample 2\not fresh\20260423_154121.jpg,pork_shoulder_sample_2,shoulder,cross_rotation,all,meatlens,all,all,all,file_destination,E:\Thesis Code\processed_hsv_lab_threshold_roi_224\sample 2\not fresh\20260423_154121.jpg,False,partner_home,old_phone,,not fresh,not fresh,0.024521299,0.9221127,0.05336594,not fresh,0.9221127,spoiled,0.05336594,0.97547865,0.86874676,0,True,True,True,False,False,False,Likely Not Fresh,Consume Immediately / Manual inspection recommended,53.70199,Consume Immediately,1,1,True,False
IMG20260509113943.jpg,6,Pork Ham,spoiled,19:28:02,E:\Thesis Code\processed_hsv_lab_threshold_roi_224\sample 6\spoiled\IMG20260509113943.jpg,pork_ham_sample_6,ham,cross_rotation,all,meatlens,all,all,all,file_destination,E:\Thesis Code\processed_hsv_lab_threshold_roi_224\sample 6\spoiled\IMG20260509113943.jpg,False,partner_home,new_phone,,spoiled,spoiled,4.5501973e-05,0.0016199532,0.9983346,spoiled,0.9983346,not fresh,0.0016199532,0.9999545,0.99671465,0,True,True,True,False,False,False,Likely Spoiled,Not Suitable,10.076994,Not Suitable,2,2,True,False
20260423_104905.jpg,2,Pork Shoulder,not fresh,06:37:59,E:\Thesis Code\processed_hsv_lab_threshold_roi_224\sample 2\not fresh\20260423_104905.jpg,pork_shoulder_sample_2,shoulder,cross_rotation,all,meatlens,all,all,all,file_destination,E:\Thesis Code\processed_hsv_lab_threshold_roi_224\sample 2\not fresh\20260423_104905.jpg,False,partner_home,old_phone,,not fresh,not fresh,0.026628697,0.9574838,0.01588734,not fresh,0.9574838,fresh,0.026628697,0.9841125,0.93085515,0,True,True,True,False,False,False,Likely Not Fresh,Consume Immediately / Manual inspection recommended,55.483353,Consume Immediately,1,1,True,False
09-11-2022 10-30-09_jpg.rf.7KFTciCP2xGksLlsJQqa.jpg,11,Various Pork Meat,spoiled,,E:\Thesis Code\processed_hsv_lab_threshold_roi_224\sample 11\spoiled\09-11-2022 10-30-09_jpg.rf.7KFTciCP2xGksLlsJQqa.jpg,various_pork_meat_sample_11,various,cross_rotation,all,public_dataset_2,all,all,all,file_destination,E:\Thesis Code\processed_hsv_lab_threshold_roi_224\sample 11\spoiled\09-11-2022 10-30-09_jpg.rf.7KFTciCP2xGksLlsJQqa.jpg,False,public_dataset_2,public_dataset_2,,spoiled,spoiled,0.0008967955,0.009295522,0.98980767,spoiled,0.98980767,not fresh,0.009295522,0.9991032,0.98051214,0,True,True,True,False,False,False,Likely Spoiled,Not Suitable,10.49901,Not Suitable,2,2,True,False
20260703_100906.jpg,10,Pork Belly,fresh,04:00:00,E:\Thesis Code\processed_hsv_lab_threshold_roi_224\sample 10\fresh\20260703_100906.jpg,pork_belly_sample_10,belly,cross_rotation,all,public_dataset_2,all,all,all,file_destination,E:\Thesis Code\processed_hsv_lab_threshold_roi_224\sample 10\fresh\20260703_100906.jpg,False,public_dataset_2,public_dataset_2,,fresh,fresh,0.931147,0.06785384,0.0009992318,fresh,0.931147,not fresh,0.06785384,0.9990008,0.8632932,0,True,True,True,False,False,False,Likely Fresh,Good for Consumption,96.85665,Good for Consumption,0,0,True,False
IMG_20260509_014225.jpg,5,Pork Ham,spoiled,18:46:26,E:\Thesis Code\processed_hsv_lab_threshold_roi_224\sample 5\spoiled\IMG_20260509_014225.jpg,pork_ham_sample_5,ham,cross_rotation,all,meatlens,all,all,all,file_destination,E:\Thesis Code\processed_hsv_lab_threshold_roi_224\sample 5\spoiled\IMG_20260509_014225.jpg,False,researcher_home,new_phone,,spoiled,spoiled,0.002681171,0.06361777,0.93370104,spoiled,0.93370104,not fresh,0.06361777,0.9973188,0.8700833,0,True,True,True,False,False,False,Likely Spoiled,Not Suitable,13.104105,Not Suitable,2,2,True,False
20260423_121614.jpg,2,Pork Shoulder,not fresh,08:13:52,E:\Thesis Code\processed_hsv_lab_threshold_roi_224\sample 2\not fresh\20260423_121614.jpg,pork_shoulder_sample_2,shoulder,cross_rotation,all,meatlens,all,all,all,file_destination,E:\Thesis Code\processed_hsv_lab_threshold_roi_224\sample 2\not fresh\20260423_121614.jpg,False,partner_home,old_phone,,not fresh,not fresh,0.0132636195,0.9683419,0.018394485,not fresh,0.9683419,spoiled,0.018394485,0.98673636,0.9499474,0,True,True,True,False,False,False,Likely Not Fresh,Consume Immediately / Manual inspection recommended,54.76911,Consume Immediately,1,1,True,False
20260424_075838.jpg,1,Pork Shoulder,fresh,01:50:57,E:\Thesis Code\processed_hsv_lab_threshold_roi_224\sample 1\fresh\20260424_075838.jpg,pork_shoulder_sample_1,shoulder,cross_rotation,all,meatlens,all,all,all,file_destination,E:\Thesis Code\processed_hsv_lab_threshold_roi_224\sample 1\fresh\20260424_075838.jpg,False,researcher_home,old_phone,,fresh,fresh,0.99364185,0.0052412404,0.0011168927,fresh,0.99364185,not fresh,0.0052412404,0.99888307,0.98840064,0,True,True,True,False,False,False,Likely Fresh,Good for Consumption,99.66362,Good for Consumption,0,0,True,False
20260424_212700.jpg,1,Pork Shoulder,spoiled,17:26:50,E:\Thesis Code\processed_hsv_lab_threshold_roi_224\sample 1\spoiled\20260424_212700.jpg,pork_shoulder_sample_1,shoulder,cross_rotation,all,meatlens,all,all,all,file_destination,E:\Thesis Code\processed_hsv_lab_threshold_roi_224\sample 1\spoiled\20260424_212700.jpg,False,researcher_home,old_phone,,spoiled,spoiled,4.5522258e-05,0.15480675,0.84514767,spoiled,0.84514767,not fresh,0.15480675,0.9999544,0.69034094,0,True,True,True,False,True,False,Borderline Spoiled / Advanced Not Fresh,Not Suitable / Manual inspection recommended,16.9704,Not Suitable,2,2,True,False
20260429_065101.jpg,3,Pork Belly,fresh,07:27:11,E:\Thesis Code\processed_hsv_lab_threshold_roi_224\sample 3\fresh\20260429_065101.jpg,pork_belly_sample_3,belly,cross_rotation,all,meatlens,all,all,all,file_destination,E:\Thesis Code\processed_hsv_lab_threshold_roi_224\sample 3\fresh\20260429_065101.jpg,False,researcher_home,old_phone,,fresh,fresh,0.9888909,0.010479339,0.0006297532,fresh,0.9888909,not fresh,0.010479339,0.9993702,0.97841156,0,True,True,True,False,False,False,Likely Fresh,Good for Consumption,99.47175,Good for Consumption,0,0,True,False
20260517_165817.jpg,8,Pork Loin,spoiled,35:41:18,E:\Thesis Code\processed_hsv_lab_threshold_roi_224\sample 8\spoiled\20260517_165817.jpg,pork_loin_sample_8,loin,cross_rotation,all,meatlens,all,all,all,file_destination,E:\Thesis Code\processed_hsv_lab_threshold_roi_224\sample 8\spoiled\20260517_165817.jpg,False,partner_home,new_phone,,spoiled,spoiled,2.607488e-05,0.006683017,0.9932909,spoiled,0.9932909,not fresh,0.006683017,0.9999739,0.9866079,0,True,True,True,False,False,False,Likely Spoiled,Not Suitable,10.303082,Not Suitable,2,2,True,False
08-11-2022 21-28-29_jpg.rf.nN0KTjWc3MtJCvJCyl0H.jpg,11,Various Pork Meat,not fresh,,E:\Thesis Code\processed_hsv_lab_threshold_roi_224\sample 11\half fresh\08-11-2022 21-28-29_jpg.rf.nN0KTjWc3MtJCvJCyl0H.jpg,various_pork_meat_sample_11,various,cross_rotation,all,public_dataset_2,all,all,all,file_destination,E:\Thesis Code\processed_hsv_lab_threshold_roi_224\sample 11\half fresh\08-11-2022 21-28-29_jpg.rf.nN0KTjWc3MtJCvJCyl0H.jpg,False,public_dataset_2,public_dataset_2,,not fresh,not fresh,0.04692874,0.86206454,0.09100666,not fresh,0.86206454,spoiled,0.09100666,0.9530712,0.7710579,0,True,True,True,False,True,False,Borderline Spoiled / Advanced Not Fresh,Not Suitable / Manual inspection recommended,53.01649,Consume Immediately,1,1,True,False
HALF-FRESH-553-_JPG.rf.ab91e6998dd0120a0e2655b572137d2c.jpg,12,Various Pork Meat,not fresh,,E:\Thesis Code\processed_hsv_lab_threshold_roi_224\sample 12\not fresh\HALF-FRESH-553-_JPG.rf.ab91e6998dd0120a0e2655b572137d2c.jpg,various_pork_meat_sample_12,various,cross_rotation,all,public_dataset_2,all,all,all,file_destination,E:\Thesis Code\processed_hsv_lab_threshold_roi_224\sample 12\not fresh\HALF-FRESH-553-_JPG.rf.ab91e6998dd0120a0e2655b572137d2c.jpg,False,public_dataset_2,public_dataset_2,,not fresh,not fresh,0.032905146,0.49764118,0.46945363,not fresh,0.49764118,spoiled,0.46945363,0.9670948,0.028187543,0,True,True,True,False,True,True,Borderline Spoiled / Advanced Not Fresh,Not Suitable / Manual inspection recommended,35.355316,Not Suitable,1,1,True,False
20260429_174234.jpg,4,Pork Belly,not fresh,11:32:52,E:\Thesis Code\processed_hsv_lab_threshold_roi_224\sample 4\not fresh\20260429_174234.jpg,pork_belly_sample_4,belly,cross_rotation,all,meatlens,all,all,all,file_destination,E:\Thesis Code\processed_hsv_lab_threshold_roi_224\sample 4\not fresh\20260429_174234.jpg,False,partner_home,old_phone,,not fresh,not fresh,0.01631598,0.7369093,0.24677481,not fresh,0.7369093,spoiled,0.24677481,0.98368406,0.49013448,0,True,True,True,False,True,False,Borderline Spoiled / Advanced Not Fresh,Not Suitable / Manual inspection recommended,44.629356,Consume Immediately,1,1,True,False
20260624_224126.jpg,9,Pork Hind Leg,spoiled,24:00:00,E:\Thesis Code\processed_hsv_lab_threshold_roi_224\sample 9\spoiled\20260624_224126.jpg,pork_hind_leg_sample_9,hind_leg,cross_rotation,all,public_dataset_2,all,all,all,file_destination,E:\Thesis Code\processed_hsv_lab_threshold_roi_224\sample 9\spoiled\20260624_224126.jpg,False,public_dataset_2,public_dataset_2,,spoiled,spoiled,0.04499693,0.32879585,0.6262073,spoiled,0.6262073,not fresh,0.32879585,0.95500314,0.29741144,0,True,True,True,False,True,False,Borderline Spoiled / Advanced Not Fresh,Not Suitable / Manual inspection recommended,28.845537,Not Suitable,2,2,True,False
20260501_012457.jpg,3,Pork Belly,spoiled,34:59:42,E:\Thesis Code\processed_hsv_lab_threshold_roi_224\sample 3\spoiled\20260501_012457.jpg,pork_belly_sample_3,belly,cross_rotation,all,meatlens,all,all,all,file_destination,E:\Thesis Code\processed_hsv_lab_threshold_roi_224\sample 3\spoiled\20260501_012457.jpg,False,researcher_home,old_phone,,spoiled,spoiled,0.00017537989,0.009005606,0.9908191,spoiled,0.9908191,not fresh,0.009005606,0.9998247,0.9818135,0,True,True,True,False,False,False,Likely Spoiled,Not Suitable,10.421038,Not Suitable,2,2,True,False
20260516_122642.jpg,8,Pork Loin,not fresh,08:37:05,E:\Thesis Code\processed_hsv_lab_threshold_roi_224\sample 8\not fresh\20260516_122642.jpg,pork_loin_sample_8,loin,cross_rotation,all,meatlens,all,all,all,file_destination,E:\Thesis Code\processed_hsv_lab_threshold_roi_224\sample 8\not fresh\20260516_122642.jpg,False,partner_home,new_phone,,not fresh,not fresh,0.21180329,0.784195,0.004001787,not fresh,0.784195,fresh,0.21180329,0.99599826,0.57239175,0,True,True,True,False,True,False,Borderline Fresh / Early Not Fresh,Consume Immediately / Check carefully,64.351074,Consume Immediately,1,1,True,False
IMG_20260508_195324.jpg,5,Pork Ham,not fresh,15:43:07,E:\Thesis Code\processed_hsv_lab_threshold_roi_224\sample 5\not fresh\IMG_20260508_195324.jpg,pork_ham_sample_5,ham,cross_rotation,all,meatlens,all,all,all,file_destination,E:\Thesis Code\processed_hsv_lab_threshold_roi_224\sample 5\not fresh\IMG_20260508_195324.jpg,False,researcher_home,new_phone,,not fresh,not fresh,0.00022795638,0.7440235,0.25574857,not fresh,0.7440235,spoiled,0.25574857,0.9997721,0.48827493,0,True,True,True,False,True,False,Borderline Spoiled / Advanced Not Fresh,Not Suitable / Manual inspection recommended,43.501575,Consume Immediately,1,1,True,False
20260430_180831.jpg,4,Pork Belly,spoiled,32:37:23,E:\Thesis Code\processed_hsv_lab_threshold_roi_224\sample 4\spoiled\20260430_180831.jpg,pork_belly_sample_4,belly,cross_rotation,all,meatlens,all,all,all,file_destination,E:\Thesis Code\processed_hsv_lab_threshold_roi_224\sample 4\spoiled\20260430_180831.jpg,False,partner_home,old_phone,,spoiled,spoiled,0.0011611299,0.007961761,0.9908771,spoiled,0.9908771,not fresh,0.007961761,0.99883884,0.98291534,0,True,True,True,False,False,False,Likely Spoiled,Not Suitable,10.462781,Not Suitable,2,2,True,False
IMG20260508074825.jpg,6,Pork Ham,fresh,02:08:45,E:\Thesis Code\processed_hsv_lab_threshold_roi_224\sample 6\fresh\IMG20260508074825.jpg,pork_ham_sample_6,ham,cross_rotation,all,meatlens,all,all,all,file_destination,E:\Thesis Code\processed_hsv_lab_threshold_roi_224\sample 6\fresh\IMG20260508074825.jpg,False,partner_home,new_phone,,fresh,fresh,0.9973084,0.0017647229,0.00092690246,fresh,0.9973084,not fresh,0.0017647229,0.9990731,0.99554366,0,True,True,True,False,False,False,Likely Fresh,Good for Consumption,99.837166,Good for Consumption,0,0,True,False
IMG20260508110007.jpg,6,Pork Ham,not fresh,07:00:00,E:\Thesis Code\processed_hsv_lab_threshold_roi_224\sample 6\not fresh\IMG20260508110007.jpg,pork_ham_sample_6,ham,cross_rotation,all,meatlens,all,all,all,file_destination,E:\Thesis Code\processed_hsv_lab_threshold_roi_224\sample 6\not fresh\IMG20260508110007.jpg,False,partner_home,new_phone,,not fresh,fresh,0.7499907,0.2454037,0.004605605,fresh,0.7499907,not fresh,0.2454037,0.9953944,0.504587,1,False,True,True,False,True,False,Borderline Fresh / Early Not Fresh,Consume Immediately / Check carefully,88.54233,Good for Consumption,0,1,True,False
20260429_051100.jpg,3,Pork Belly,fresh,04:06:09,E:\Thesis Code\processed_hsv_lab_threshold_roi_224\sample 3\fresh\20260429_051100.jpg,pork_belly_sample_3,belly,cross_rotation,all,meatlens,all,all,all,file_destination,E:\Thesis Code\processed_hsv_lab_threshold_roi_224\sample 3\fresh\20260429_051100.jpg,False,researcher_home,old_phone,,fresh,fresh,0.9776415,0.019954946,0.0024035745,fresh,0.9776415,not fresh,0.019954946,0.99759644,0.9576866,0,True,True,True,False,False,False,Likely Fresh,Good for Consumption,98.88571,Good for Consumption,0,0,True,False
IMG_20260509_125728.jpg,5,Pork Ham,spoiled,24:26:32,E:\Thesis Code\processed_hsv_lab_threshold_roi_224\sample 5\spoiled\IMG_20260509_125728.jpg,pork_ham_sample_5,ham,cross_rotation,all,meatlens,all,all,all,file_destination,E:\Thesis Code\processed_hsv_lab_threshold_roi_224\sample 5\spoiled\IMG_20260509_125728.jpg,False,researcher_home,new_phone,,spoiled,spoiled,0.0007714922,0.0036426538,0.9955858,spoiled,0.9955858,not fresh,0.0036426538,0.9992285,0.9919431,0,True,True,True,False,False,False,Likely Spoiled,Not Suitable,10.233354,Not Suitable,2,2,True,False
20260424_144248.jpg,1,Pork Shoulder,not fresh,10:41:36,E:\Thesis Code\processed_hsv_lab_threshold_roi_224\sample 1\not fresh\20260424_144248.jpg,pork_shoulder_sample_1,shoulder,cross_rotation,all,meatlens,all,all,all,file_destination,E:\Thesis Code\processed_hsv_lab_threshold_roi_224\sample 1\not fresh\20260424_144248.jpg,False,researcher_home,old_phone,,not fresh,not fresh,0.010964128,0.9657389,0.023296986,not fresh,0.9657389,spoiled,0.023296986,0.9890359,0.9424419,0,True,True,True,False,False,False,Likely Not Fresh,Consume Immediately / Manual inspection recommended,54.445023,Consume Immediately,1,1,True,False
20260624_155951.jpg,9,Pork Hind Leg,not fresh,12:00:00,E:\Thesis Code\processed_hsv_lab_threshold_roi_224\sample 9\not fresh\20260624_155951.jpg,pork_hind_leg_sample_9,hind_leg,cross_rotation,all,public_dataset_2,all,all,all,file_destination,E:\Thesis Code\processed_hsv_lab_threshold_roi_224\sample 9\not fresh\20260624_155951.jpg,False,public_dataset_2,public_dataset_2,,not fresh,not fresh,0.086767174,0.8162942,0.09693866,not fresh,0.8162942,spoiled,0.09693866,0.91323286,0.7193555,0,True,True,True,False,True,False,Borderline Spoiled / Advanced Not Fresh,Not Suitable / Manual inspection recommended,54.542286,Consume Immediately,1,1,True,False
20260430_044734.jpg,3,Pork Belly,spoiled,21:49:45,E:\Thesis Code\processed_hsv_lab_threshold_roi_224\sample 3\spoiled\20260430_044734.jpg,pork_belly_sample_3,belly,cross_rotation,all,meatlens,all,all,all,file_destination,E:\Thesis Code\processed_hsv_lab_threshold_roi_224\sample 3\spoiled\20260430_044734.jpg,False,researcher_home,old_phone,,spoiled,spoiled,0.00025798855,0.004501869,0.9952401,spoiled,0.9952401,not fresh,0.004501869,0.999742,0.9907382,0,True,True,True,False,False,False,Likely Spoiled,Not Suitable,10.225802,Not Suitable,2,2,True,False
20260429_225529.jpg,3,Pork Belly,spoiled,17:54:34,E:\Thesis Code\processed_hsv_lab_threshold_roi_224\sample 3\spoiled\20260429_225529.jpg,pork_belly_sample_3,belly,cross_rotation,all,meatlens,all,all,all,file_destination,E:\Thesis Code\processed_hsv_lab_threshold_roi_224\sample 3\spoiled\20260429_225529.jpg,False,researcher_home,old_phone,,spoiled,spoiled,0.008343947,0.35049236,0.6411637,spoiled,0.6411637,not fresh,0.35049236,0.99165606,0.29067135,0,True,True,True,False,True,False,Borderline Spoiled / Advanced Not Fresh,Not Suitable / Manual inspection recommended,26.523111,Not Suitable,2,2,True,False
08-11-2022 23-27-17_jpg.rf.yBujGnbChRRSpXrmCDEv.jpg,11,Various Pork Meat,not fresh,,E:\Thesis Code\processed_hsv_lab_threshold_roi_224\sample 11\half fresh\08-11-2022 23-27-17_jpg.rf.yBujGnbChRRSpXrmCDEv.jpg,various_pork_meat_sample_11,various,cross_rotation,all,public_dataset_2,all,all,all,file_destination,E:\Thesis Code\processed_hsv_lab_threshold_roi_224\sample 11\half fresh\08-11-2022 23-27-17_jpg.rf.yBujGnbChRRSpXrmCDEv.jpg,False,public_dataset_2,public_dataset_2,,not fresh,not fresh,0.3392833,0.6339011,0.02681562,not fresh,0.6339011,fresh,0.3392833,0.9731844,0.29461783,0,True,True,True,False,True,False,Borderline Fresh / Early Not Fresh,Consume Immediately / Check carefully,69.06104,Consume Immediately,1,1,True,False
20260516_114836.jpg,8,Pork Loin,not fresh,07:54:52,E:\Thesis Code\processed_hsv_lab_threshold_roi_224\sample 8\not fresh\20260516_114836.jpg,pork_loin_sample_8,loin,cross_rotation,all,meatlens,all,all,all,file_destination,E:\Thesis Code\processed_hsv_lab_threshold_roi_224\sample 8\not fresh\20260516_114836.jpg,False,partner_home,new_phone,,not fresh,not fresh,0.31481916,0.68207014,0.0031107257,not fresh,0.68207014,fresh,0.31481916,0.9968893,0.36725098,0,True,True,True,False,True,False,Borderline Fresh / Early Not Fresh,Consume Immediately / Check carefully,69.02688,Consume Immediately,1,1,True,False
20260429_221029.jpg,3,Pork Belly,spoiled,17:24:25,E:\Thesis Code\processed_hsv_lab_threshold_roi_224\sample 3\spoiled\20260429_221029.jpg,pork_belly_sample_3,belly,cross_rotation,all,meatlens,all,all,all,file_destination,E:\Thesis Code\processed_hsv_lab_threshold_roi_224\sample 3\spoiled\20260429_221029.jpg,False,researcher_home,old_phone,,spoiled,spoiled,0.009736705,0.39305085,0.59721243,spoiled,0.59721243,not fresh,0.39305085,0.9902633,0.20416158,0,True,True,True,False,True,True,Borderline Spoiled / Advanced Not Fresh,Not Suitable / Manual inspection recommended,28.563591,Not Suitable,2,2,True,False
20260516_191206.jpg,8,Pork Loin,spoiled,15:26:14,E:\Thesis Code\processed_hsv_lab_threshold_roi_224\sample 8\spoiled\20260516_191206.jpg,pork_loin_sample_8,loin,cross_rotation,all,meatlens,all,all,all,file_destination,E:\Thesis Code\processed_hsv_lab_threshold_roi_224\sample 8\spoiled\20260516_191206.jpg,False,partner_home,new_phone,,spoiled,spoiled,0.00298552,0.46441242,0.5326021,spoiled,0.5326021,not fresh,0.46441242,0.9970145,0.06818965,0,True,True,True,False,True,True,Borderline Spoiled / Advanced Not Fresh,Not Suitable / Manual inspection recommended,31.167255,Not Suitable,2,2,True,False
IMG_20260517_141933.jpg,7,Pork Loin,not fresh,09:00:18,E:\Thesis Code\processed_hsv_lab_threshold_roi_224\sample 7\not fresh\IMG_20260517_141933.jpg,pork_loin_sample_7,loin,cross_rotation,all,meatlens,all,all,all,file_destination,E:\Thesis Code\processed_hsv_lab_threshold_roi_224\sample 7\not fresh\IMG_20260517_141933.jpg,False,researcher_home,new_phone,,not fresh,not fresh,0.01595922,0.97001904,0.014021819,not fresh,0.97001904,fresh,0.01595922,0.98597825,0.95405984,0,True,True,True,False,False,False,Likely Not Fresh,Consume Immediately / Manual inspection recommended,55.08719,Consume Immediately,1,1,True,False
IMG_20260508_164544.jpg,5,Pork Ham,not fresh,12:39:48,E:\Thesis Code\processed_hsv_lab_threshold_roi_224\sample 5\not fresh\IMG_20260508_164544.jpg,pork_ham_sample_5,ham,cross_rotation,all,meatlens,all,all,all,file_destination,E:\Thesis Code\processed_hsv_lab_threshold_roi_224\sample 5\not fresh\IMG_20260508_164544.jpg,False,researcher_home,new_phone,,not fresh,not fresh,0.0007340184,0.990824,0.008442095,not fresh,0.990824,spoiled,0.008442095,0.9992661,0.9823819,0,True,True,True,False,False,False,Likely Not Fresh,Consume Immediately / Manual inspection recommended,54.65314,Consume Immediately,1,1,True,False
20260501_011557.jpg,3,Pork Belly,spoiled,34:53:40,E:\Thesis Code\processed_hsv_lab_threshold_roi_224\sample 3\spoiled\20260501_011557.jpg,pork_belly_sample_3,belly,cross_rotation,all,meatlens,all,all,all,file_destination,E:\Thesis Code\processed_hsv_lab_threshold_roi_224\sample 3\spoiled\20260501_011557.jpg,False,researcher_home,old_phone,,spoiled,spoiled,0.0003444419,0.018458383,0.9811972,spoiled,0.9811972,not fresh,0.018458383,0.99965554,0.9627388,0,True,True,True,False,False,False,Likely Spoiled,Not Suitable,10.861627,Not Suitable,2,2,True,False
20260429_170325.jpg,3,Pork Belly,not fresh,12:59:06,E:\Thesis Code\processed_hsv_lab_threshold_roi_224\sample 3\not fresh\20260429_170325.jpg,pork_belly_sample_3,belly,cross_rotation,all,meatlens,all,all,all,file_destination,E:\Thesis Code\processed_hsv_lab_threshold_roi_224\sample 3\not fresh\20260429_170325.jpg,False,researcher_home,old_phone,,not fresh,not fresh,0.0057503176,0.95231605,0.041933678,not fresh,0.95231605,spoiled,0.041933678,0.9942497,0.9103824,0,True,True,True,False,False,False,Likely Not Fresh,Consume Immediately / Manual inspection recommended,53.37175,Consume Immediately,1,1,True,False
20260624_123918.jpg,9,Pork Hind Leg,not fresh,12:00:00,E:\Thesis Code\processed_hsv_lab_threshold_roi_224\sample 9\not fresh\20260624_123918.jpg,pork_hind_leg_sample_9,hind_leg,cross_rotation,all,public_dataset_2,all,all,all,file_destination,E:\Thesis Code\processed_hsv_lab_threshold_roi_224\sample 9\not fresh\20260624_123918.jpg,False,public_dataset_2,public_dataset_2,,not fresh,not fresh,0.18466379,0.62154835,0.19378784,not fresh,0.62154835,spoiled,0.19378784,0.8153362,0.4277605,0,True,True,True,False,True,False,Borderline Spoiled / Advanced Not Fresh,Not Suitable / Manual inspection recommended,54.589417,Consume Immediately,1,1,True,False
SPOILED-169-_JPG.rf.368f8d90b775082cd8dbc571bad1a633.jpg,12,Various Pork Meat,spoiled,,E:\Thesis Code\processed_hsv_lab_threshold_roi_224\sample 12\spoiled\SPOILED-169-_JPG.rf.368f8d90b775082cd8dbc571bad1a633.jpg,various_pork_meat_sample_12,various,cross_rotation,all,public_dataset_2,all,all,all,file_destination,E:\Thesis Code\processed_hsv_lab_threshold_roi_224\sample 12\spoiled\SPOILED-169-_JPG.rf.368f8d90b775082cd8dbc571bad1a633.jpg,False,public_dataset_2,public_dataset_2,,spoiled,spoiled,0.00035783905,0.0064553297,0.99318683,spoiled,0.99318683,not fresh,0.0064553297,0.99964213,0.9867315,0,True,True,True,False,False,False,Likely Spoiled,Not Suitable,10.322696,Not Suitable,2,2,True,False
20260625_152152.jpg,9,Pork Hind Leg,spoiled,24:00:00,E:\Thesis Code\processed_hsv_lab_threshold_roi_224\sample 9\spoiled\20260625_152152.jpg,pork_hind_leg_sample_9,hind_leg,cross_rotation,all,public_dataset_2,all,all,all,file_destination,E:\Thesis Code\processed_hsv_lab_threshold_roi_224\sample 9\spoiled\20260625_152152.jpg,False,public_dataset_2,public_dataset_2,,spoiled,spoiled,0.005269226,0.0031766398,0.9915541,spoiled,0.9915541,fresh,0.005269226,0.9968233,0.98628485,0,True,True,True,False,False,False,Likely Spoiled,Not Suitable,10.617179,Not Suitable,2,2,False,False
IMG_20260508_061539.jpg,5,Pork Ham,fresh,02:03:01,E:\Thesis Code\processed_hsv_lab_threshold_roi_224\sample 5\fresh\IMG_20260508_061539.jpg,pork_ham_sample_5,ham,cross_rotation,all,meatlens,all,all,all,file_destination,E:\Thesis Code\processed_hsv_lab_threshold_roi_224\sample 5\fresh\IMG_20260508_061539.jpg,False,researcher_home,new_phone,,fresh,fresh,0.9990633,0.0008817432,5.4867047e-05,fresh,0.9990633,not fresh,0.0008817432,0.99994504,0.9981816,0,True,True,True,False,False,False,Likely Fresh,Good for Consumption,99.955376,Good for Consumption,0,0,True,False
08-11-2022 15-40-04_jpg.rf.LmH4pmQ5PqTvNd6jzAKV.jpg,11,Various Pork Meat,fresh,,E:\Thesis Code\processed_hsv_lab_threshold_roi_224\sample 11\fresh\08-11-2022 15-40-04_jpg.rf.LmH4pmQ5PqTvNd6jzAKV.jpg,various_pork_meat_sample_11,various,cross_rotation,all,public_dataset_2,all,all,all,file_destination,E:\Thesis Code\processed_hsv_lab_threshold_roi_224\sample 11\fresh\08-11-2022 15-40-04_jpg.rf.LmH4pmQ5PqTvNd6jzAKV.jpg,False,public_dataset_2,public_dataset_2,,fresh,not fresh,0.46937045,0.52442026,0.0062093018,not fresh,0.52442026,fresh,0.46937045,0.99379075,0.055049807,1,False,True,True,False,True,True,Borderline Fresh / Early Not Fresh,Consume Immediately / Check carefully,75.842255,Good for Consumption,1,0,True,False
20260424_101442.jpg,1,Pork Shoulder,fresh,05:18:24,E:\Thesis Code\processed_hsv_lab_threshold_roi_224\sample 1\fresh\20260424_101442.jpg,pork_shoulder_sample_1,shoulder,cross_rotation,all,meatlens,all,all,all,file_destination,E:\Thesis Code\processed_hsv_lab_threshold_roi_224\sample 1\fresh\20260424_101442.jpg,False,researcher_home,old_phone,,fresh,fresh,0.98707676,0.011322883,0.00160028,fresh,0.98707676,not fresh,0.011322883,0.9983996,0.9757539,0,True,True,True,False,False,False,Likely Fresh,Good for Consumption,99.346436,Good for Consumption,0,0,True,False
IMG_20260517_143833.jpg,7,Pork Loin,not fresh,09:17:11,E:\Thesis Code\processed_hsv_lab_threshold_roi_224\sample 7\not fresh\IMG_20260517_143833.jpg,pork_loin_sample_7,loin,cross_rotation,all,meatlens,all,all,all,file_destination,E:\Thesis Code\processed_hsv_lab_threshold_roi_224\sample 7\not fresh\IMG_20260517_143833.jpg,False,researcher_home,new_phone,,not fresh,not fresh,0.0042338143,0.9670028,0.028763384,not fresh,0.9670028,spoiled,0.028763384,0.99576616,0.93823946,0,True,True,True,False,False,False,Likely Not Fresh,Consume Immediately / Manual inspection recommended,53.89617,Consume Immediately,1,1,True,False
09-11-2022 10-56-22_jpg.rf.L2dq1OJDYnAMQeTwyE0V.jpg,11,Various Pork Meat,spoiled,,E:\Thesis Code\processed_hsv_lab_threshold_roi_224\sample 11\spoiled\09-11-2022 10-56-22_jpg.rf.L2dq1OJDYnAMQeTwyE0V.jpg,various_pork_meat_sample_11,various,cross_rotation,all,public_dataset_2,all,all,all,file_destination,E:\Thesis Code\processed_hsv_lab_threshold_roi_224\sample 11\spoiled\09-11-2022 10-56-22_jpg.rf.L2dq1OJDYnAMQeTwyE0V.jpg,False,public_dataset_2,public_dataset_2,,spoiled,spoiled,0.00073904026,0.045335956,0.9539251,spoiled,0.9539251,not fresh,0.045335956,0.999261,0.9085891,0,True,True,True,False,False,False,Likely Spoiled,Not Suitable,12.106632,Not Suitable,2,2,True,False
20260430_072547.jpg,4,Pork Belly,spoiled,18:59:42,E:\Thesis Code\processed_hsv_lab_threshold_roi_224\sample 4\spoiled\20260430_072547.jpg,pork_belly_sample_4,belly,cross_rotation,all,meatlens,all,all,all,file_destination,E:\Thesis Code\processed_hsv_lab_threshold_roi_224\sample 4\spoiled\20260430_072547.jpg,False,partner_home,old_phone,,spoiled,spoiled,0.0043654637,0.05837052,0.937264,spoiled,0.937264,not fresh,0.05837052,0.99563456,0.8788935,0,True,True,True,False,False,False,Likely Spoiled,Not Suitable,13.019566,Not Suitable,2,2,True,False
20260429_080326.jpg,4,Pork Belly,fresh,05:50:20,E:\Thesis Code\processed_hsv_lab_threshold_roi_224\sample 4\fresh\20260429_080326.jpg,pork_belly_sample_4,belly,cross_rotation,all,meatlens,all,all,all,file_destination,E:\Thesis Code\processed_hsv_lab_threshold_roi_224\sample 4\fresh\20260429_080326.jpg,False,partner_home,old_phone,,fresh,fresh,0.996467,0.0017217634,0.0018112612,fresh,0.996467,spoiled,0.0018112612,0.99827826,0.9946557,0,True,True,True,False,False,False,Likely Fresh,Good for Consumption,99.75951,Good for Consumption,0,0,False,False
IMG_20260517_155834.jpg,7,Pork Loin,not fresh,10:26:50,E:\Thesis Code\processed_hsv_lab_threshold_roi_224\sample 7\not fresh\IMG_20260517_155834.jpg,pork_loin_sample_7,loin,cross_rotation,all,meatlens,all,all,all,file_destination,E:\Thesis Code\processed_hsv_lab_threshold_roi_224\sample 7\not fresh\IMG_20260517_155834.jpg,False,researcher_home,new_phone,,not fresh,not fresh,0.005452723,0.9614725,0.03307477,not fresh,0.9614725,spoiled,0.03307477,0.9945473,0.9283977,0,True,True,True,False,False,False,Likely Not Fresh,Consume Immediately / Manual inspection recommended,53.757008,Consume Immediately,1,1,True,False
20260516_143800.jpg,8,Pork Loin,not fresh,10:37:23,E:\Thesis Code\processed_hsv_lab_threshold_roi_224\sample 8\not fresh\20260516_143800.jpg,pork_loin_sample_8,loin,cross_rotation,all,meatlens,all,all,all,file_destination,E:\Thesis Code\processed_hsv_lab_threshold_roi_224\sample 8\not fresh\20260516_143800.jpg,False,partner_home,new_phone,,not fresh,not fresh,0.023415823,0.9344653,0.042118866,not fresh,0.9344653,spoiled,0.042118866,0.97658414,0.89234644,0,True,True,True,False,False,False,Likely Not Fresh,Consume Immediately / Manual inspection recommended,54.158363,Consume Immediately,1,1,True,False
IMG20260508204944.jpg,6,Pork Ham,spoiled,16:29:33,E:\Thesis Code\processed_hsv_lab_threshold_roi_224\sample 6\spoiled\IMG20260508204944.jpg,pork_ham_sample_6,ham,cross_rotation,all,meatlens,all,all,all,file_destination,E:\Thesis Code\processed_hsv_lab_threshold_roi_224\sample 6\spoiled\IMG20260508204944.jpg,False,partner_home,new_phone,,spoiled,spoiled,0.0031057512,0.28262082,0.71427345,spoiled,0.71427345,not fresh,0.28262082,0.99689424,0.43165264,0,True,True,True,False,True,False,Borderline Spoiled / Advanced Not Fresh,Not Suitable / Manual inspection recommended,22.997454,Not Suitable,2,2,True,False
20260429_062301.jpg,3,Pork Belly,fresh,06:29:45,E:\Thesis Code\processed_hsv_lab_threshold_roi_224\sample 3\fresh\20260429_062301.jpg,pork_belly_sample_3,belly,cross_rotation,all,meatlens,all,all,all,file_destination,E:\Thesis Code\processed_hsv_lab_threshold_roi_224\sample 3\fresh\20260429_062301.jpg,False,researcher_home,old_phone,,fresh,fresh,0.9611463,0.036332574,0.0025211293,fresh,0.9611463,not fresh,0.036332574,0.99747884,0.92481375,0,True,True,True,False,False,False,Likely Fresh,Good for Consumption,98.13813,Good for Consumption,0,0,True,False
20260624_161639.jpg,9,Pork Hind Leg,not fresh,12:00:00,E:\Thesis Code\processed_hsv_lab_threshold_roi_224\sample 9\not fresh\20260624_161639.jpg,pork_hind_leg_sample_9,hind_leg,cross_rotation,all,public_dataset_2,all,all,all,file_destination,E:\Thesis Code\processed_hsv_lab_threshold_roi_224\sample 9\not fresh\20260624_161639.jpg,False,public_dataset_2,public_dataset_2,,not fresh,not fresh,0.059174918,0.6740879,0.26673722,not fresh,0.6740879,spoiled,0.26673722,0.9408251,0.40735066,0,True,True,True,False,True,False,Borderline Spoiled / Advanced Not Fresh,Not Suitable / Manual inspection recommended,45.6597,Consume Immediately,1,1,True,False
IMG_20260508_060139.jpg,5,Pork Ham,fresh,01:48:33,E:\Thesis Code\processed_hsv_lab_threshold_roi_224\sample 5\fresh\IMG_20260508_060139.jpg,pork_ham_sample_5,ham,cross_rotation,all,meatlens,all,all,all,file_destination,E:\Thesis Code\processed_hsv_lab_threshold_roi_224\sample 5\fresh\IMG_20260508_060139.jpg,False,researcher_home,new_phone,,fresh,fresh,0.9952891,0.0043372326,0.00037364036,fresh,0.9952891,not fresh,0.0043372326,0.99962634,0.99095184,0,True,True,True,False,False,False,Likely Fresh,Good for Consumption,99.771194,Good for Consumption,0,0,True,False
20260424_133546.jpg,1,Pork Shoulder,not fresh,09:34:04,E:\Thesis Code\processed_hsv_lab_threshold_roi_224\sample 1\not fresh\20260424_133546.jpg,pork_shoulder_sample_1,shoulder,cross_rotation,all,meatlens,all,all,all,file_destination,E:\Thesis Code\processed_hsv_lab_threshold_roi_224\sample 1\not fresh\20260424_133546.jpg,False,researcher_home,old_phone,,not fresh,not fresh,0.00834749,0.9829024,0.008750067,not fresh,0.9829024,spoiled,0.008750067,0.9916525,0.9741523,0,True,True,True,False,False,False,Likely Not Fresh,Consume Immediately / Manual inspection recommended,54.98188,Consume Immediately,1,1,True,False
20260624_164158.jpg,9,Pork Hind Leg,not fresh,12:00:00,E:\Thesis Code\processed_hsv_lab_threshold_roi_224\sample 9\not fresh\20260624_164158.jpg,pork_hind_leg_sample_9,hind_leg,cross_rotation,all,public_dataset_2,all,all,all,file_destination,E:\Thesis Code\processed_hsv_lab_threshold_roi_224\sample 9\not fresh\20260624_164158.jpg,False,public_dataset_2,public_dataset_2,,not fresh,not fresh,0.16416314,0.7109074,0.124929406,not fresh,0.7109074,fresh,0.16416314,0.8750706,0.5467442,0,True,True,True,False,True,False,Borderline Fresh / Early Not Fresh,Consume Immediately / Check carefully,56.765514,Consume Immediately,1,1,True,False
IMG20260423064027.jpg,2,Pork Shoulder,fresh,00:28:57,E:\Thesis Code\processed_hsv_lab_threshold_roi_224\sample 2\fresh\IMG20260423064027.jpg,pork_shoulder_sample_2,shoulder,cross_rotation,all,meatlens,all,all,all,file_destination,E:\Thesis Code\processed_hsv_lab_threshold_roi_224\sample 2\fresh\IMG20260423064027.jpg,False,partner_home,old_phone,,fresh,fresh,0.9937451,0.0019659668,0.004288847,fresh,0.9937451,spoiled,0.004288847,0.99803394,0.98945624,0,True,True,True,False,False,False,Likely Fresh,Good for Consumption,99.52553,Good for Consumption,0,0,False,False
FRESH-950-_JPG.rf.16ce15dd414c50150ef8de466a00a92c.jpg,12,Various Pork Meat,fresh,,E:\Thesis Code\processed_hsv_lab_threshold_roi_224\sample 12\fresh\FRESH-950-_JPG.rf.16ce15dd414c50150ef8de466a00a92c.jpg,various_pork_meat_sample_12,various,cross_rotation,all,public_dataset_2,all,all,all,file_destination,E:\Thesis Code\processed_hsv_lab_threshold_roi_224\sample 12\fresh\FRESH-950-_JPG.rf.16ce15dd414c50150ef8de466a00a92c.jpg,False,public_dataset_2,public_dataset_2,,fresh,fresh,0.9527144,0.04534935,0.0019362745,fresh,0.9527144,not fresh,0.04534935,0.99806374,0.907365,0,True,True,True,False,False,False,Likely Fresh,Good for Consumption,97.78502,Good for Consumption,0,0,True,False
IMG20260423085606.jpg,2,Pork Shoulder,fresh,04:00:36,E:\Thesis Code\processed_hsv_lab_threshold_roi_224\sample 2\fresh\IMG20260423085606.jpg,pork_shoulder_sample_2,shoulder,cross_rotation,all,meatlens,all,all,all,file_destination,E:\Thesis Code\processed_hsv_lab_threshold_roi_224\sample 2\fresh\IMG20260423085606.jpg,False,partner_home,old_phone,,fresh,fresh,0.994896,0.0042733913,0.0008305362,fresh,0.994896,not fresh,0.0042733913,0.9991694,0.9906226,0,True,True,True,False,False,False,Likely Fresh,Good for Consumption,99.73294,Good for Consumption,0,0,True,False
20260429_161219.jpg,4,Pork Belly,not fresh,09:08:08,E:\Thesis Code\processed_hsv_lab_threshold_roi_224\sample 4\not fresh\20260429_161219.jpg,pork_belly_sample_4,belly,cross_rotation,all,meatlens,all,all,all,file_destination,E:\Thesis Code\processed_hsv_lab_threshold_roi_224\sample 4\not fresh\20260429_161219.jpg,False,partner_home,old_phone,,not fresh,not fresh,0.0003439818,0.9869195,0.012736418,not fresh,0.9869195,spoiled,0.012736418,0.99965596,0.9741831,0,True,True,True,False,False,False,Likely Not Fresh,Consume Immediately / Manual inspection recommended,54.442337,Consume Immediately,1,1,True,False
20260516_104726.jpg,8,Pork Loin,fresh,06:30:27,E:\Thesis Code\processed_hsv_lab_threshold_roi_224\sample 8\fresh\20260516_104726.jpg,pork_loin_sample_8,loin,cross_rotation,all,meatlens,all,all,all,file_destination,E:\Thesis Code\processed_hsv_lab_threshold_roi_224\sample 8\fresh\20260516_104726.jpg,False,partner_home,new_phone,,fresh,fresh,0.77608156,0.22285372,0.0010647723,fresh,0.77608156,not fresh,0.22285372,0.9989353,0.55322784,0,True,True,True,False,True,False,Borderline Fresh / Early Not Fresh,Consume Immediately / Check carefully,89.875755,Good for Consumption,0,0,True,False
IMG_20260517_162234.jpg,7,Pork Loin,not fresh,10:47:56,E:\Thesis Code\processed_hsv_lab_threshold_roi_224\sample 7\not fresh\IMG_20260517_162234.jpg,pork_loin_sample_7,loin,cross_rotation,all,meatlens,all,all,all,file_destination,E:\Thesis Code\processed_hsv_lab_threshold_roi_224\sample 7\not fresh\IMG_20260517_162234.jpg,False,researcher_home,new_phone,,not fresh,not fresh,0.0012461314,0.92970127,0.06905259,not fresh,0.92970127,spoiled,0.06905259,0.99875385,0.8606487,0,True,True,True,False,False,False,Likely Not Fresh,Consume Immediately / Manual inspection recommended,51.948708,Consume Immediately,1,1,True,False
20260430_085136.jpg,3,Pork Belly,spoiled,24:32:34,E:\Thesis Code\processed_hsv_lab_threshold_roi_224\sample 3\spoiled\20260430_085136.jpg,pork_belly_sample_3,belly,cross_rotation,all,meatlens,all,all,all,file_destination,E:\Thesis Code\processed_hsv_lab_threshold_roi_224\sample 3\spoiled\20260430_085136.jpg,False,researcher_home,old_phone,,spoiled,spoiled,0.0029662722,0.0027645351,0.99426913,spoiled,0.99426913,fresh,0.0029662722,0.9972354,0.99130285,0,True,True,True,False,False,False,Likely Spoiled,Not Suitable,10.391368,Not Suitable,2,2,False,False
IMG_20260508_075141.jpg,5,Pork Ham,fresh,03:41:55,E:\Thesis Code\processed_hsv_lab_threshold_roi_224\sample 5\fresh\IMG_20260508_075141.jpg,pork_ham_sample_5,ham,cross_rotation,all,meatlens,all,all,all,file_destination,E:\Thesis Code\processed_hsv_lab_threshold_roi_224\sample 5\fresh\IMG_20260508_075141.jpg,False,researcher_home,new_phone,,fresh,fresh,0.9989636,0.0009959755,4.0358147e-05,fresh,0.9989636,not fresh,0.0009959755,0.9999596,0.9979676,0,True,True,True,False,False,False,Likely Fresh,Good for Consumption,99.95154,Good for Consumption,0,0,True,False
IMG20260508112308.jpg,6,Pork Ham,not fresh,07:23:13,E:\Thesis Code\processed_hsv_lab_threshold_roi_224\sample 6\not fresh\IMG20260508112308.jpg,pork_ham_sample_6,ham,cross_rotation,all,meatlens,all,all,all,file_destination,E:\Thesis Code\processed_hsv_lab_threshold_roi_224\sample 6\not fresh\IMG20260508112308.jpg,False,partner_home,new_phone,,not fresh,fresh,0.59410375,0.39713687,0.00875934,fresh,0.59410375,not fresh,0.39713687,0.9912406,0.19696689,1,False,True,True,False,True,True,Borderline Fresh / Early Not Fresh,Consume Immediately / Check carefully,81.3405,Good for Consumption,0,1,True,False
20260429_214112.jpg,4,Pork Belly,spoiled,16:42:13,E:\Thesis Code\processed_hsv_lab_threshold_roi_224\sample 4\spoiled\20260429_214112.jpg,pork_belly_sample_4,belly,cross_rotation,all,meatlens,all,all,all,file_destination,E:\Thesis Code\processed_hsv_lab_threshold_roi_224\sample 4\spoiled\20260429_214112.jpg,False,partner_home,old_phone,,spoiled,spoiled,0.0001994121,0.015047286,0.98475325,spoiled,0.98475325,not fresh,0.015047286,0.99980056,0.96970594,0,True,True,True,False,False,False,Likely Spoiled,Not Suitable,10.695074,Not Suitable,2,2,True,False
IMG20260508103605.jpg,6,Pork Ham,fresh,06:24:07,E:\Thesis Code\processed_hsv_lab_threshold_roi_224\sample 6\fresh\IMG20260508103605.jpg,pork_ham_sample_6,ham,cross_rotation,all,meatlens,all,all,all,file_destination,E:\Thesis Code\processed_hsv_lab_threshold_roi_224\sample 6\fresh\IMG20260508103605.jpg,False,partner_home,new_phone,,fresh,fresh,0.8103682,0.18419743,0.00543446,fresh,0.8103682,not fresh,0.18419743,0.9945656,0.62617075,0,True,True,True,False,True,False,Borderline Fresh / Early Not Fresh,Consume Immediately / Check carefully,91.22202,Good for Consumption,0,0,True,False
20260423_162156.jpg,2,Pork Shoulder,spoiled,12:08:27,E:\Thesis Code\processed_hsv_lab_threshold_roi_224\sample 2\spoiled\20260423_162156.jpg,pork_shoulder_sample_2,shoulder,cross_rotation,all,meatlens,all,all,all,file_destination,E:\Thesis Code\processed_hsv_lab_threshold_roi_224\sample 2\spoiled\20260423_162156.jpg,False,partner_home,old_phone,,spoiled,not fresh,0.003145207,0.9487265,0.04812836,not fresh,0.9487265,spoiled,0.04812836,0.99685484,0.9005981,1,False,True,True,False,False,False,Likely Not Fresh,Consume Immediately / Manual inspection recommended,52.97576,Consume Immediately,1,2,True,False
IMG_20260517_112432.jpg,7,Pork Loin,fresh,05:13:34,E:\Thesis Code\processed_hsv_lab_threshold_roi_224\sample 7\fresh\IMG_20260517_112432.jpg,pork_loin_sample_7,loin,cross_rotation,all,meatlens,all,all,all,file_destination,E:\Thesis Code\processed_hsv_lab_threshold_roi_224\sample 7\fresh\IMG_20260517_112432.jpg,False,researcher_home,new_phone,,fresh,fresh,0.8684073,0.12566882,0.005923808,fresh,0.8684073,not fresh,0.12566882,0.99407613,0.7427385,0,True,True,True,False,True,False,Borderline Fresh / Early Not Fresh,Consume Immediately / Check carefully,93.81175,Good for Consumption,0,0,True,False
20260429_170527.jpg,4,Pork Belly,not fresh,10:33:10,E:\Thesis Code\processed_hsv_lab_threshold_roi_224\sample 4\not fresh\20260429_170527.jpg,pork_belly_sample_4,belly,cross_rotation,all,meatlens,all,all,all,file_destination,E:\Thesis Code\processed_hsv_lab_threshold_roi_224\sample 4\not fresh\20260429_170527.jpg,False,partner_home,old_phone,,not fresh,not fresh,0.025023935,0.792784,0.18219212,not fresh,0.792784,spoiled,0.18219212,0.97497606,0.6105919,0,True,True,True,False,True,False,Borderline Spoiled / Advanced Not Fresh,Not Suitable / Manual inspection recommended,47.927433,Consume Immediately,1,1,True,False
20260501_000357.jpg,3,Pork Belly,spoiled,34:05:26,E:\Thesis Code\processed_hsv_lab_threshold_roi_224\sample 3\spoiled\20260501_000357.jpg,pork_belly_sample_3,belly,cross_rotation,all,meatlens,all,all,all,file_destination,E:\Thesis Code\processed_hsv_lab_threshold_roi_224\sample 3\spoiled\20260501_000357.jpg,False,researcher_home,old_phone,,spoiled,spoiled,2.5463907e-05,0.0005348606,0.99943966,spoiled,0.99943966,not fresh,0.0005348606,0.9999745,0.9989048,0,True,True,True,False,False,False,Likely Spoiled,Not Suitable,10.0263605,Not Suitable,2,2,True,False
20260516_220204.jpg,8,Pork Loin,spoiled,18:50:03,E:\Thesis Code\processed_hsv_lab_threshold_roi_224\sample 8\spoiled\20260516_220204.jpg,pork_loin_sample_8,loin,cross_rotation,all,meatlens,all,all,all,file_destination,E:\Thesis Code\processed_hsv_lab_threshold_roi_224\sample 8\spoiled\20260516_220204.jpg,False,partner_home,new_phone,,spoiled,spoiled,0.0044655865,0.2270304,0.768504,spoiled,0.768504,not fresh,0.2270304,0.9955344,0.5414736,0,True,True,True,False,True,False,Borderline Spoiled / Advanced Not Fresh,Not Suitable / Manual inspection recommended,20.61827,Not Suitable,2,2,True,False
20260424_121544.jpg,1,Pork Shoulder,not fresh,08:14:28,E:\Thesis Code\processed_hsv_lab_threshold_roi_224\sample 1\not fresh\20260424_121544.jpg,pork_shoulder_sample_1,shoulder,cross_rotation,all,meatlens,all,all,all,file_destination,E:\Thesis Code\processed_hsv_lab_threshold_roi_224\sample 1\not fresh\20260424_121544.jpg,False,researcher_home,old_phone,,not fresh,fresh,0.8163064,0.18158111,0.0021124308,fresh,0.8163064,not fresh,0.18158111,0.9978875,0.63472533,1,False,True,True,False,True,False,Borderline Fresh / Early Not Fresh,Consume Immediately / Check carefully,91.638725,Good for Consumption,0,1,True,False
20260624_095236.jpg,9,Pork Hind Leg,fresh,04:00:00,E:\Thesis Code\processed_hsv_lab_threshold_roi_224\sample 9\fresh\20260624_095236.jpg,pork_hind_leg_sample_9,hind_leg,cross_rotation,all,public_dataset_2,all,all,all,file_destination,E:\Thesis Code\processed_hsv_lab_threshold_roi_224\sample 9\fresh\20260624_095236.jpg,False,public_dataset_2,public_dataset_2,,fresh,fresh,0.832284,0.16015027,0.0075656823,fresh,0.832284,not fresh,0.16015027,0.99243426,0.6721337,0,True,True,True,False,True,False,Borderline Fresh / Early Not Fresh,Consume Immediately / Check carefully,92.11232,Good for Consumption,0,0,True,False
20260424_111744.jpg,1,Pork Shoulder,fresh,06:54:52,E:\Thesis Code\processed_hsv_lab_threshold_roi_224\sample 1\fresh\20260424_111744.jpg,pork_shoulder_sample_1,shoulder,cross_rotation,all,meatlens,all,all,all,file_destination,E:\Thesis Code\processed_hsv_lab_threshold_roi_224\sample 1\fresh\20260424_111744.jpg,False,researcher_home,old_phone,,fresh,fresh,0.9525215,0.04685065,0.0006279455,fresh,0.9525215,not fresh,0.04685065,0.9993721,0.9056709,0,True,True,True,False,False,False,Likely Fresh,Good for Consumption,97.83521,Good for Consumption,0,0,True,False
IMG_20260517_232936.jpg,7,Pork Loin,spoiled,17:15:59,E:\Thesis Code\processed_hsv_lab_threshold_roi_224\sample 7\spoiled\IMG_20260517_232936.jpg,pork_loin_sample_7,loin,cross_rotation,all,meatlens,all,all,all,file_destination,E:\Thesis Code\processed_hsv_lab_threshold_roi_224\sample 7\spoiled\IMG_20260517_232936.jpg,False,researcher_home,new_phone,,spoiled,spoiled,0.011510665,0.27382085,0.7146685,spoiled,0.7146685,not fresh,0.27382085,0.9884894,0.44084767,0,True,True,True,False,True,False,Borderline Spoiled / Advanced Not Fresh,Not Suitable / Manual inspection recommended,23.357899,Not Suitable,2,2,True,False
20260424_172957.jpg,1,Pork Shoulder,not fresh,13:28:02,E:\Thesis Code\processed_hsv_lab_threshold_roi_224\sample 1\not fresh\20260424_172957.jpg,pork_shoulder_sample_1,shoulder,cross_rotation,all,meatlens,all,all,all,file_destination,E:\Thesis Code\processed_hsv_lab_threshold_roi_224\sample 1\not fresh\20260424_172957.jpg,False,researcher_home,old_phone,,not fresh,not fresh,0.0038333838,0.9769082,0.019258425,not fresh,0.9769082,spoiled,0.019258425,0.99616665,0.95764977,0,True,True,True,False,False,False,Likely Not Fresh,Consume Immediately / Manual inspection recommended,54.305874,Consume Immediately,1,1,True,False
IMG_20260518_124950.jpg,7,Pork Loin,spoiled,29:32:52,E:\Thesis Code\processed_hsv_lab_threshold_roi_224\sample 7\spoiled\IMG_20260518_124950.jpg,pork_loin_sample_7,loin,cross_rotation,all,meatlens,all,all,all,file_destination,E:\Thesis Code\processed_hsv_lab_threshold_roi_224\sample 7\spoiled\IMG_20260518_124950.jpg,False,researcher_home,new_phone,,spoiled,spoiled,2.3516128e-05,0.00038411905,0.9995923,spoiled,0.9995923,not fresh,0.00038411905,0.9999764,0.9992082,0,True,True,True,False,False,False,Likely Spoiled,Not Suitable,10.019402,Not Suitable,2,2,True,False
IMG_20260517_100016.jpg,7,Pork Loin,fresh,01:11:55,E:\Thesis Code\processed_hsv_lab_threshold_roi_224\sample 7\fresh\IMG_20260517_100016.jpg,pork_loin_sample_7,loin,cross_rotation,all,meatlens,all,all,all,file_destination,E:\Thesis Code\processed_hsv_lab_threshold_roi_224\sample 7\fresh\IMG_20260517_100016.jpg,False,researcher_home,new_phone,,fresh,fresh,0.99275875,0.006917875,0.00032331463,fresh,0.99275875,not fresh,0.006917875,0.99967664,0.98584086,0,True,True,True,False,False,False,Likely Fresh,Good for Consumption,99.65959,Good for Consumption,0,0,True,False
IMG_20260509_045626.jpg,5,Pork Ham,spoiled,20:24:07,E:\Thesis Code\processed_hsv_lab_threshold_roi_224\sample 5\spoiled\IMG_20260509_045626.jpg,pork_ham_sample_5,ham,cross_rotation,all,meatlens,all,all,all,file_destination,E:\Thesis Code\processed_hsv_lab_threshold_roi_224\sample 5\spoiled\IMG_20260509_045626.jpg,False,researcher_home,new_phone,,spoiled,spoiled,0.00017592123,0.002110408,0.9977137,spoiled,0.9977137,not fresh,0.002110408,0.9998241,0.99560326,0,True,True,True,False,False,False,Likely Spoiled,Not Suitable,10.110802,Not Suitable,2,2,True,False
20260703_162322.jpg,10,Pork Belly,not fresh,12:00:00,E:\Thesis Code\processed_hsv_lab_threshold_roi_224\sample 10\not fresh\20260703_162322.jpg,pork_belly_sample_10,belly,cross_rotation,all,public_dataset_2,all,all,all,file_destination,E:\Thesis Code\processed_hsv_lab_threshold_roi_224\sample 10\not fresh\20260703_162322.jpg,False,public_dataset_2,public_dataset_2,,not fresh,not fresh,0.0319609,0.7423037,0.22573543,not fresh,0.7423037,spoiled,0.22573543,0.96803916,0.5165683,0,True,True,True,False,True,False,Borderline Spoiled / Advanced Not Fresh,Not Suitable / Manual inspection recommended,46.280148,Consume Immediately,1,1,True,False
20260424_132346.jpg,1,Pork Shoulder,not fresh,09:22:01,E:\Thesis Code\processed_hsv_lab_threshold_roi_224\sample 1\not fresh\20260424_132346.jpg,pork_shoulder_sample_1,shoulder,cross_rotation,all,meatlens,all,all,all,file_destination,E:\Thesis Code\processed_hsv_lab_threshold_roi_224\sample 1\not fresh\20260424_132346.jpg,False,researcher_home,old_phone,,not fresh,not fresh,0.0100874,0.9795516,0.010360973,not fresh,0.9795516,spoiled,0.010360973,0.98991257,0.96919066,0,True,True,True,False,False,False,Likely Not Fresh,Consume Immediately / Manual inspection recommended,54.98769,Consume Immediately,1,1,True,False
20260424_130145.jpg,1,Pork Shoulder,not fresh,09:00:18,E:\Thesis Code\processed_hsv_lab_threshold_roi_224\sample 1\not fresh\20260424_130145.jpg,pork_shoulder_sample_1,shoulder,cross_rotation,all,meatlens,all,all,all,file_destination,E:\Thesis Code\processed_hsv_lab_threshold_roi_224\sample 1\not fresh\20260424_130145.jpg,False,researcher_home,old_phone,,not fresh,not fresh,0.008410193,0.9847013,0.0068885162,not fresh,0.9847013,fresh,0.008410193,0.9931115,0.97629106,0,True,True,True,False,False,False,Likely Not Fresh,Consume Immediately / Manual inspection recommended,55.068474,Consume Immediately,1,1,True,False
SPOILED-413-_JPG.rf.4d1f3a3028873140bb53843a6191f1b6.jpg,12,Various Pork Meat,spoiled,,E:\Thesis Code\processed_hsv_lab_threshold_roi_224\sample 12\spoiled\SPOILED-413-_JPG.rf.4d1f3a3028873140bb53843a6191f1b6.jpg,various_pork_meat_sample_12,various,cross_rotation,all,public_dataset_2,all,all,all,file_destination,E:\Thesis Code\processed_hsv_lab_threshold_roi_224\sample 12\spoiled\SPOILED-413-_JPG.rf.4d1f3a3028873140bb53843a6191f1b6.jpg,False,public_dataset_2,public_dataset_2,,spoiled,spoiled,5.533689e-05,0.0012127544,0.9987319,spoiled,0.9987319,not fresh,0.0012127544,0.9999447,0.99751914,0,True,True,True,False,False,False,Likely Spoiled,Not Suitable,10.059554,Not Suitable,2,2,True,False
20260624_103558.jpg,9,Pork Hind Leg,fresh,04:00:00,E:\Thesis Code\processed_hsv_lab_threshold_roi_224\sample 9\fresh\20260624_103558.jpg,pork_hind_leg_sample_9,hind_leg,cross_rotation,all,public_dataset_2,all,all,all,file_destination,E:\Thesis Code\processed_hsv_lab_threshold_roi_224\sample 9\fresh\20260624_103558.jpg,False,public_dataset_2,public_dataset_2,,fresh,fresh,0.5898211,0.3863347,0.02384419,fresh,0.5898211,not fresh,0.3863347,0.97615576,0.20348641,0,True,True,True,False,True,True,Borderline Fresh / Early Not Fresh,Consume Immediately / Check carefully,80.468956,Good for Consumption,0,0,True,False
20260624_100107.jpg,9,Pork Hind Leg,fresh,04:00:00,E:\Thesis Code\processed_hsv_lab_threshold_roi_224\sample 9\fresh\20260624_100107.jpg,pork_hind_leg_sample_9,hind_leg,cross_rotation,all,public_dataset_2,all,all,all,file_destination,E:\Thesis Code\processed_hsv_lab_threshold_roi_224\sample 9\fresh\20260624_100107.jpg,False,public_dataset_2,public_dataset_2,,fresh,fresh,0.7426576,0.24596143,0.0113809835,fresh,0.7426576,not fresh,0.24596143,0.988619,0.49669617,0,True,True,True,False,True,False,Borderline Fresh / Early Not Fresh,Consume Immediately / Check carefully,87.90745,Good for Consumption,0,0,True,False
IMG20260508132816.jpg,6,Pork Ham,not fresh,09:27:44,E:\Thesis Code\processed_hsv_lab_threshold_roi_224\sample 6\not fresh\IMG20260508132816.jpg,pork_ham_sample_6,ham,cross_rotation,all,meatlens,all,all,all,file_destination,E:\Thesis Code\processed_hsv_lab_threshold_roi_224\sample 6\not fresh\IMG20260508132816.jpg,False,partner_home,new_phone,,not fresh,not fresh,0.04211039,0.9449229,0.012966719,not fresh,0.9449229,fresh,0.04211039,0.9870333,0.90281254,0,True,True,True,False,False,False,Likely Not Fresh,Consume Immediately / Manual inspection recommended,56.311466,Consume Immediately,1,1,True,False
IMG_20260508_133959.jpg,5,Pork Ham,not fresh,09:36:29,E:\Thesis Code\processed_hsv_lab_threshold_roi_224\sample 5\not fresh\IMG_20260508_133959.jpg,pork_ham_sample_5,ham,cross_rotation,all,meatlens,all,all,all,file_destination,E:\Thesis Code\processed_hsv_lab_threshold_roi_224\sample 5\not fresh\IMG_20260508_133959.jpg,False,researcher_home,new_phone,,not fresh,not fresh,0.03736302,0.9604165,0.0022204926,not fresh,0.9604165,fresh,0.03736302,0.9977795,0.9230535,0,True,True,True,False,False,False,Likely Not Fresh,Consume Immediately / Manual inspection recommended,56.581413,Consume Immediately,1,1,True,False
FRESH-643-_JPG.rf.b35f72c88d20bea6c800b2590c32002b.jpg,12,Various Pork Meat,fresh,,E:\Thesis Code\processed_hsv_lab_threshold_roi_224\sample 12\fresh\FRESH-643-_JPG.rf.b35f72c88d20bea6c800b2590c32002b.jpg,various_pork_meat_sample_12,various,cross_rotation,all,public_dataset_2,all,all,all,file_destination,E:\Thesis Code\processed_hsv_lab_threshold_roi_224\sample 12\fresh\FRESH-643-_JPG.rf.b35f72c88d20bea6c800b2590c32002b.jpg,False,public_dataset_2,public_dataset_2,,fresh,fresh,0.89091676,0.105422564,0.0036605608,fresh,0.89091676,not fresh,0.105422564,0.9963393,0.7854942,0,True,True,True,False,True,False,Borderline Fresh / Early Not Fresh,Consume Immediately / Check carefully,94.92652,Good for Consumption,0,0,True,False
20260429_114346.jpg,3,Pork Belly,fresh,02:03:05,E:\Thesis Code\processed_hsv_lab_threshold_roi_224\sample 3\fresh\20260429_114346.jpg,pork_belly_sample_3,belly,cross_rotation,all,meatlens,all,all,all,file_destination,E:\Thesis Code\processed_hsv_lab_threshold_roi_224\sample 3\fresh\20260429_114346.jpg,False,researcher_home,old_phone,,fresh,fresh,0.58686274,0.3913823,0.02175496,fresh,0.58686274,not fresh,0.3913823,0.978245,0.19548044,0,True,True,True,False,True,True,Borderline Fresh / Early Not Fresh,Consume Immediately / Check carefully,80.42985,Good for Consumption,0,0,True,False
IMG20260423083104.jpg,2,Pork Shoulder,fresh,03:20:48,E:\Thesis Code\processed_hsv_lab_threshold_roi_224\sample 2\fresh\IMG20260423083104.jpg,pork_shoulder_sample_2,shoulder,cross_rotation,all,meatlens,all,all,all,file_destination,E:\Thesis Code\processed_hsv_lab_threshold_roi_224\sample 2\fresh\IMG20260423083104.jpg,False,partner_home,old_phone,,fresh,fresh,0.9928387,0.0062261084,0.0009352012,fresh,0.9928387,not fresh,0.0062261084,0.9990648,0.98661256,0,True,True,True,False,False,False,Likely Fresh,Good for Consumption,99.63566,Good for Consumption,0,0,True,False
20260424_133217.jpg,2,Pork Shoulder,spoiled,31:16:35,E:\Thesis Code\processed_hsv_lab_threshold_roi_224\sample 2\spoiled\20260424_133217.jpg,pork_shoulder_sample_2,shoulder,cross_rotation,all,meatlens,all,all,all,file_destination,E:\Thesis Code\processed_hsv_lab_threshold_roi_224\sample 2\spoiled\20260424_133217.jpg,False,partner_home,old_phone,,spoiled,spoiled,0.00020778956,0.00036133197,0.99943084,spoiled,0.99943084,not fresh,0.00036133197,0.99979216,0.9990695,0,True,True,True,False,False,False,Likely Spoiled,Not Suitable,10.034961,Not Suitable,2,2,True,False
IMG_20260508_074641.jpg,5,Pork Ham,fresh,03:37:05,E:\Thesis Code\processed_hsv_lab_threshold_roi_224\sample 5\fresh\IMG_20260508_074641.jpg,pork_ham_sample_5,ham,cross_rotation,all,meatlens,all,all,all,file_destination,E:\Thesis Code\processed_hsv_lab_threshold_roi_224\sample 5\fresh\IMG_20260508_074641.jpg,False,researcher_home,new_phone,,fresh,fresh,0.999528,0.00044820592,2.3769386e-05,fresh,0.999528,not fresh,0.00044820592,0.9999762,0.99907976,0,True,True,True,False,False,False,Likely Fresh,Good for Consumption,99.97769,Good for Consumption,0,0,True,False
IMG_20260509_173029.jpg,5,Pork Ham,spoiled,26:44:01,E:\Thesis Code\processed_hsv_lab_threshold_roi_224\sample 5\spoiled\IMG_20260509_173029.jpg,pork_ham_sample_5,ham,cross_rotation,all,meatlens,all,all,all,file_destination,E:\Thesis Code\processed_hsv_lab_threshold_roi_224\sample 5\spoiled\IMG_20260509_173029.jpg,False,researcher_home,new_phone,,spoiled,spoiled,0.00014598569,0.0083440095,0.99151003,spoiled,0.99151003,not fresh,0.0083440095,0.999854,0.98316604,0,True,True,True,False,False,False,Likely Spoiled,Not Suitable,10.388619,Not Suitable,2,2,True,False
20260516_104956.jpg,8,Pork Loin,fresh,06:36:47,E:\Thesis Code\processed_hsv_lab_threshold_roi_224\sample 8\fresh\20260516_104956.jpg,pork_loin_sample_8,loin,cross_rotation,all,meatlens,all,all,all,file_destination,E:\Thesis Code\processed_hsv_lab_threshold_roi_224\sample 8\fresh\20260516_104956.jpg,False,partner_home,new_phone,,fresh,fresh,0.5907972,0.4071608,0.0020420575,fresh,0.5907972,not fresh,0.4071608,0.99795794,0.1836364,0,True,True,True,False,True,True,Borderline Fresh / Early Not Fresh,Consume Immediately / Check carefully,81.49398,Good for Consumption,0,0,True,False
20260624_083739.jpg,9,Pork Hind Leg,fresh,04:00:00,E:\Thesis Code\processed_hsv_lab_threshold_roi_224\sample 9\fresh\20260624_083739.jpg,pork_hind_leg_sample_9,hind_leg,cross_rotation,all,public_dataset_2,all,all,all,file_destination,E:\Thesis Code\processed_hsv_lab_threshold_roi_224\sample 9\fresh\20260624_083739.jpg,False,public_dataset_2,public_dataset_2,,fresh,fresh,0.80170214,0.17745967,0.02083815,fresh,0.80170214,not fresh,0.17745967,0.9791618,0.6242425,0,True,True,True,False,True,False,Borderline Fresh / Early Not Fresh,Consume Immediately / Check carefully,90.13888,Good for Consumption,0,0,True,False
IMG_20260508_092443.jpg,5,Pork Ham,fresh,05:18:24,E:\Thesis Code\processed_hsv_lab_threshold_roi_224\sample 5\fresh\IMG_20260508_092443.jpg,pork_ham_sample_5,ham,cross_rotation,all,meatlens,all,all,all,file_destination,E:\Thesis Code\processed_hsv_lab_threshold_roi_224\sample 5\fresh\IMG_20260508_092443.jpg,False,researcher_home,new_phone,,fresh,fresh,0.9987638,0.001177782,5.8499325e-05,fresh,0.9987638,not fresh,0.001177782,0.9999416,0.997586,0,True,True,True,False,False,False,Likely Fresh,Good for Consumption,99.94174,Good for Consumption,0,0,True,False
20260625_110125.jpg,9,Pork Hind Leg,spoiled,24:00:00,E:\Thesis Code\processed_hsv_lab_threshold_roi_224\sample 9\spoiled\20260625_110125.jpg,pork_hind_leg_sample_9,hind_leg,cross_rotation,all,public_dataset_2,all,all,all,file_destination,E:\Thesis Code\processed_hsv_lab_threshold_roi_224\sample 9\spoiled\20260625_110125.jpg,False,public_dataset_2,public_dataset_2,,spoiled,spoiled,0.08458045,0.03625909,0.87916046,spoiled,0.87916046,fresh,0.08458045,0.96374094,0.79458,0,True,True,True,False,True,False,Uncertain / Non-adjacent Class Conflict,No reliable result / Retake image,19.2439,Not Suitable,2,2,False,True
20260424_061821.jpg,1,Pork Shoulder,fresh,00:16:53,E:\Thesis Code\processed_hsv_lab_threshold_roi_224\sample 1\fresh\20260424_061821.jpg,pork_shoulder_sample_1,shoulder,cross_rotation,all,meatlens,all,all,all,file_destination,E:\Thesis Code\processed_hsv_lab_threshold_roi_224\sample 1\fresh\20260424_061821.jpg,False,researcher_home,old_phone,,fresh,fresh,0.9657262,0.033924326,0.00034937594,fresh,0.9657262,not fresh,0.033924326,0.99965054,0.93180186,0,True,True,True,False,False,False,Likely Fresh,Good for Consumption,98.44195,Good for Consumption,0,0,True,False
20260423_181803.jpg,2,Pork Shoulder,spoiled,14:31:58,E:\Thesis Code\processed_hsv_lab_threshold_roi_224\sample 2\spoiled\20260423_181803.jpg,pork_shoulder_sample_2,shoulder,cross_rotation,all,meatlens,all,all,all,file_destination,E:\Thesis Code\processed_hsv_lab_threshold_roi_224\sample 2\spoiled\20260423_181803.jpg,False,partner_home,old_phone,,spoiled,spoiled,0.005135342,0.09051965,0.904345,spoiled,0.904345,not fresh,0.09051965,0.99486464,0.8138253,0,True,True,True,False,False,False,Likely Spoiled,Not Suitable,14.535564,Not Suitable,2,2,True,False
IMG_20260509_090027.jpg,5,Pork Ham,spoiled,22:27:08,E:\Thesis Code\processed_hsv_lab_threshold_roi_224\sample 5\spoiled\IMG_20260509_090027.jpg,pork_ham_sample_5,ham,cross_rotation,all,meatlens,all,all,all,file_destination,E:\Thesis Code\processed_hsv_lab_threshold_roi_224\sample 5\spoiled\IMG_20260509_090027.jpg,False,researcher_home,new_phone,,spoiled,spoiled,0.00012743639,0.00059026206,0.99928224,spoiled,0.99928224,not fresh,0.00059026206,0.9998725,0.998692,0,True,True,True,False,False,False,Likely Spoiled,Not Suitable,10.038031,Not Suitable,2,2,True,False
IMG_20260508_054739.jpg,5,Pork Ham,fresh,01:34:04,E:\Thesis Code\processed_hsv_lab_threshold_roi_224\sample 5\fresh\IMG_20260508_054739.jpg,pork_ham_sample_5,ham,cross_rotation,all,meatlens,all,all,all,file_destination,E:\Thesis Code\processed_hsv_lab_threshold_roi_224\sample 5\fresh\IMG_20260508_054739.jpg,False,researcher_home,new_phone,,fresh,fresh,0.99607974,0.0036990151,0.00022119652,fresh,0.99607974,not fresh,0.0036990151,0.99977875,0.99238074,0,True,True,True,False,False,False,Likely Fresh,Good for Consumption,99.81363,Good for Consumption,0,0,True,False
IMG20260509155159.jpg,6,Pork Ham,spoiled,23:09:57,E:\Thesis Code\processed_hsv_lab_threshold_roi_224\sample 6\spoiled\IMG20260509155159.jpg,pork_ham_sample_6,ham,cross_rotation,all,meatlens,all,all,all,file_destination,E:\Thesis Code\processed_hsv_lab_threshold_roi_224\sample 6\spoiled\IMG20260509155159.jpg,False,partner_home,new_phone,,spoiled,spoiled,2.3120474e-05,0.00809935,0.99187756,spoiled,0.99187756,not fresh,0.00809935,0.99997693,0.9837782,0,True,True,True,False,False,False,Likely Spoiled,Not Suitable,10.366551,Not Suitable,2,2,True,False
08-11-2022 13-39-19_jpg.rf.CifhPxTa7osh3q0NK1gr.jpg,11,Various Pork Meat,fresh,,E:\Thesis Code\processed_hsv_lab_threshold_roi_224\sample 11\fresh\08-11-2022 13-39-19_jpg.rf.CifhPxTa7osh3q0NK1gr.jpg,various_pork_meat_sample_11,various,cross_rotation,all,public_dataset_2,all,all,all,file_destination,E:\Thesis Code\processed_hsv_lab_threshold_roi_224\sample 11\fresh\08-11-2022 13-39-19_jpg.rf.CifhPxTa7osh3q0NK1gr.jpg,False,public_dataset_2,public_dataset_2,,fresh,not fresh,0.23898602,0.65322125,0.10779274,not fresh,0.65322125,fresh,0.23898602,0.89220726,0.41423523,1,False,True,True,False,True,False,Borderline Fresh / Early Not Fresh,Consume Immediately / Check carefully,60.903698,Consume Immediately,1,0,True,False
20260624_163542.jpg,9,Pork Hind Leg,not fresh,12:00:00,E:\Thesis Code\processed_hsv_lab_threshold_roi_224\sample 9\not fresh\20260624_163542.jpg,pork_hind_leg_sample_9,hind_leg,cross_rotation,all,public_dataset_2,all,all,all,file_destination,E:\Thesis Code\processed_hsv_lab_threshold_roi_224\sample 9\not fresh\20260624_163542.jpg,False,public_dataset_2,public_dataset_2,,not fresh,not fresh,0.15775764,0.75788546,0.08435693,not fresh,0.75788546,fresh,0.15775764,0.9156431,0.6001278,0,True,True,True,False,True,False,Borderline Fresh / Early Not Fresh,Consume Immediately / Check carefully,58.303032,Consume Immediately,1,1,True,False
20260624_081134.jpg,9,Pork Hind Leg,fresh,04:00:00,E:\Thesis Code\processed_hsv_lab_threshold_roi_224\sample 9\fresh\20260624_081134.jpg,pork_hind_leg_sample_9,hind_leg,cross_rotation,all,public_dataset_2,all,all,all,file_destination,E:\Thesis Code\processed_hsv_lab_threshold_roi_224\sample 9\fresh\20260624_081134.jpg,False,public_dataset_2,public_dataset_2,,fresh,fresh,0.6952335,0.2411018,0.06366469,fresh,0.6952335,not fresh,0.2411018,0.9363353,0.45413172,0,True,True,True,False,True,False,Borderline Fresh / Early Not Fresh,Consume Immediately / Check carefully,83.4206,Good for Consumption,0,0,True,False
20260429_160523.jpg,3,Pork Belly,not fresh,12:01:12,E:\Thesis Code\processed_hsv_lab_threshold_roi_224\sample 3\not fresh\20260429_160523.jpg,pork_belly_sample_3,belly,cross_rotation,all,meatlens,all,all,all,file_destination,E:\Thesis Code\processed_hsv_lab_threshold_roi_224\sample 3\not fresh\20260429_160523.jpg,False,researcher_home,old_phone,,not fresh,not fresh,0.007604025,0.98710513,0.0052908794,not fresh,0.98710513,fresh,0.007604025,0.99470913,0.9795011,0,True,True,True,False,False,False,Likely Not Fresh,Consume Immediately / Manual inspection recommended,55.10409,Consume Immediately,1,1,True,False
20260703_082444.jpg,10,Pork Belly,fresh,04:00:00,E:\Thesis Code\processed_hsv_lab_threshold_roi_224\sample 10\fresh\20260703_082444.jpg,pork_belly_sample_10,belly,cross_rotation,all,public_dataset_2,all,all,all,file_destination,E:\Thesis Code\processed_hsv_lab_threshold_roi_224\sample 10\fresh\20260703_082444.jpg,False,public_dataset_2,public_dataset_2,,fresh,fresh,0.82180905,0.17280224,0.0053887116,fresh,0.82180905,not fresh,0.17280224,0.99461126,0.64900684,0,True,True,True,False,True,False,Borderline Fresh / Early Not Fresh,Consume Immediately / Check carefully,91.738914,Good for Consumption,0,0,True,False
20260430_184754.jpg,3,Pork Belly,spoiled,30:34:22,E:\Thesis Code\processed_hsv_lab_threshold_roi_224\sample 3\spoiled\20260430_184754.jpg,pork_belly_sample_3,belly,cross_rotation,all,meatlens,all,all,all,file_destination,E:\Thesis Code\processed_hsv_lab_threshold_roi_224\sample 3\spoiled\20260430_184754.jpg,False,researcher_home,old_phone,,spoiled,spoiled,9.8598575e-06,0.00080458244,0.9991855,spoiled,0.9991855,not fresh,0.00080458244,0.9999901,0.9983809,0,True,True,True,False,False,False,Likely Spoiled,Not Suitable,10.037093,Not Suitable,2,2,True,False
20260516_105227.jpg,8,Pork Loin,fresh,06:41:00,E:\Thesis Code\processed_hsv_lab_threshold_roi_224\sample 8\fresh\20260516_105227.jpg,pork_loin_sample_8,loin,cross_rotation,all,meatlens,all,all,all,file_destination,E:\Thesis Code\processed_hsv_lab_threshold_roi_224\sample 8\fresh\20260516_105227.jpg,False,partner_home,new_phone,,fresh,fresh,0.6616064,0.33693925,0.0014544091,fresh,0.6616064,not fresh,0.33693925,0.99854565,0.32466713,0,True,True,True,False,True,False,Borderline Fresh / Early Not Fresh,Consume Immediately / Check carefully,84.70684,Good for Consumption,0,0,True,False
20260423_105721.jpg,2,Pork Shoulder,not fresh,06:47:02,E:\Thesis Code\processed_hsv_lab_threshold_roi_224\sample 2\not fresh\20260423_105721.jpg,pork_shoulder_sample_2,shoulder,cross_rotation,all,meatlens,all,all,all,file_destination,E:\Thesis Code\processed_hsv_lab_threshold_roi_224\sample 2\not fresh\20260423_105721.jpg,False,partner_home,old_phone,,not fresh,not fresh,0.03398531,0.95068985,0.01532485,not fresh,0.95068985,fresh,0.03398531,0.98467517,0.91670454,0,True,True,True,False,False,False,Likely Not Fresh,Consume Immediately / Manual inspection recommended,55.83972,Consume Immediately,1,1,True,False
20260624_172404.jpg,9,Pork Hind Leg,not fresh,12:00:00,E:\Thesis Code\processed_hsv_lab_threshold_roi_224\sample 9\not fresh\20260624_172404.jpg,pork_hind_leg_sample_9,hind_leg,cross_rotation,all,public_dataset_2,all,all,all,file_destination,E:\Thesis Code\processed_hsv_lab_threshold_roi_224\sample 9\not fresh\20260624_172404.jpg,False,public_dataset_2,public_dataset_2,,not fresh,not fresh,0.11879424,0.7253415,0.15586422,not fresh,0.7253415,spoiled,0.15586422,0.88120574,0.56947726,0,True,True,True,False,True,False,Borderline Spoiled / Advanced Not Fresh,Not Suitable / Manual inspection recommended,53.33185,Consume Immediately,1,1,True,False
20260423_183134.jpg,2,Pork Shoulder,spoiled,14:48:51,E:\Thesis Code\processed_hsv_lab_threshold_roi_224\sample 2\spoiled\20260423_183134.jpg,pork_shoulder_sample_2,shoulder,cross_rotation,all,meatlens,all,all,all,file_destination,E:\Thesis Code\processed_hsv_lab_threshold_roi_224\sample 2\spoiled\20260423_183134.jpg,False,partner_home,old_phone,,spoiled,spoiled,0.007904348,0.1966271,0.7954686,spoiled,0.7954686,not fresh,0.1966271,0.9920957,0.59884155,0,True,True,True,False,True,False,Borderline Spoiled / Advanced Not Fresh,Not Suitable / Manual inspection recommended,19.559612,Not Suitable,2,2,True,False
20260429_140822.jpg,3,Pork Belly,not fresh,10:03:01,E:\Thesis Code\processed_hsv_lab_threshold_roi_224\sample 3\not fresh\20260429_140822.jpg,pork_belly_sample_3,belly,cross_rotation,all,meatlens,all,all,all,file_destination,E:\Thesis Code\processed_hsv_lab_threshold_roi_224\sample 3\not fresh\20260429_140822.jpg,False,researcher_home,old_phone,,not fresh,not fresh,0.013358013,0.98149073,0.0051512904,not fresh,0.98149073,fresh,0.013358013,0.9948487,0.96813273,0,True,True,True,False,False,False,Likely Not Fresh,Consume Immediately / Manual inspection recommended,55.369305,Consume Immediately,1,1,True,False
IMG20260423085836.jpg,2,Pork Shoulder,fresh,04:04:13,E:\Thesis Code\processed_hsv_lab_threshold_roi_224\sample 2\fresh\IMG20260423085836.jpg,pork_shoulder_sample_2,shoulder,cross_rotation,all,meatlens,all,all,all,file_destination,E:\Thesis Code\processed_hsv_lab_threshold_roi_224\sample 2\fresh\IMG20260423085836.jpg,False,partner_home,old_phone,,fresh,fresh,0.99553025,0.0038398574,0.0006297632,fresh,0.99553025,not fresh,0.0038398574,0.9993701,0.9916904,0,True,True,True,False,False,False,Likely Fresh,Good for Consumption,99.770515,Good for Consumption,0,0,True,False
IMG_20260508_211624.jpg,5,Pork Ham,spoiled,16:32:34,E:\Thesis Code\processed_hsv_lab_threshold_roi_224\sample 5\spoiled\IMG_20260508_211624.jpg,pork_ham_sample_5,ham,cross_rotation,all,meatlens,all,all,all,file_destination,E:\Thesis Code\processed_hsv_lab_threshold_roi_224\sample 5\spoiled\IMG_20260508_211624.jpg,False,researcher_home,new_phone,,spoiled,spoiled,0.0018490903,0.13672753,0.8614234,spoiled,0.8614234,not fresh,0.13672753,0.9981509,0.72469586,0,True,True,True,False,True,False,Borderline Spoiled / Advanced Not Fresh,Not Suitable / Manual inspection recommended,16.319157,Not Suitable,2,2,True,False
20260624_164358.jpg,9,Pork Hind Leg,not fresh,12:00:00,E:\Thesis Code\processed_hsv_lab_threshold_roi_224\sample 9\not fresh\20260624_164358.jpg,pork_hind_leg_sample_9,hind_leg,cross_rotation,all,public_dataset_2,all,all,all,file_destination,E:\Thesis Code\processed_hsv_lab_threshold_roi_224\sample 9\not fresh\20260624_164358.jpg,False,public_dataset_2,public_dataset_2,,not fresh,not fresh,0.1040412,0.7463443,0.14961448,not fresh,0.7463443,spoiled,0.14961448,0.8959588,0.5967299,0,True,True,True,False,True,False,Borderline Spoiled / Advanced Not Fresh,Not Suitable / Manual inspection recommended,52.949203,Consume Immediately,1,1,True,False
20260429_065244.jpg,4,Pork Belly,fresh,00:09:40,E:\Thesis Code\processed_hsv_lab_threshold_roi_224\sample 4\fresh\20260429_065244.jpg,pork_belly_sample_4,belly,cross_rotation,all,meatlens,all,all,all,file_destination,E:\Thesis Code\processed_hsv_lab_threshold_roi_224\sample 4\fresh\20260429_065244.jpg,False,partner_home,old_phone,,fresh,fresh,0.99494517,0.00351723,0.0015375518,fresh,0.99494517,not fresh,0.00351723,0.9984624,0.99142796,0,True,True,True,False,False,False,Likely Fresh,Good for Consumption,99.70334,Good for Consumption,0,0,True,False
20260429_065445.jpg,4,Pork Belly,fresh,00:19:20,E:\Thesis Code\processed_hsv_lab_threshold_roi_224\sample 4\fresh\20260429_065445.jpg,pork_belly_sample_4,belly,cross_rotation,all,meatlens,all,all,all,file_destination,E:\Thesis Code\processed_hsv_lab_threshold_roi_224\sample 4\fresh\20260429_065445.jpg,False,partner_home,old_phone,,fresh,fresh,0.9955567,0.0029695872,0.001473665,fresh,0.9955567,not fresh,0.0029695872,0.9985263,0.99258715,0,True,True,True,False,False,False,Likely Fresh,Good for Consumption,99.733734,Good for Consumption,0,0,True,False
20260429_141021.jpg,3,Pork Belly,not fresh,10:05:26,E:\Thesis Code\processed_hsv_lab_threshold_roi_224\sample 3\not fresh\20260429_141021.jpg,pork_belly_sample_3,belly,cross_rotation,all,meatlens,all,all,all,file_destination,E:\Thesis Code\processed_hsv_lab_threshold_roi_224\sample 3\not fresh\20260429_141021.jpg,False,researcher_home,old_phone,,not fresh,not fresh,0.00854848,0.98605734,0.0053941286,not fresh,0.98605734,fresh,0.00854848,0.99460584,0.97750884,0,True,True,True,False,False,False,Likely Not Fresh,Consume Immediately / Manual inspection recommended,55.141945,Consume Immediately,1,1,True,False
20260624_100738.jpg,9,Pork Hind Leg,fresh,04:00:00,E:\Thesis Code\processed_hsv_lab_threshold_roi_224\sample 9\fresh\20260624_100738.jpg,pork_hind_leg_sample_9,hind_leg,cross_rotation,all,public_dataset_2,all,all,all,file_destination,E:\Thesis Code\processed_hsv_lab_threshold_roi_224\sample 9\fresh\20260624_100738.jpg,False,public_dataset_2,public_dataset_2,,fresh,fresh,0.56779194,0.38081917,0.05138894,fresh,0.56779194,not fresh,0.38081917,0.94861114,0.18697277,0,True,True,True,False,True,True,Borderline Fresh / Early Not Fresh,Consume Immediately / Check carefully,78.23814,Good for Consumption,0,0,True,False
08-11-2022 09-47-10_jpg.rf.LZjsqbTFZUygzqCVGe7f.jpg,11,Various Pork Meat,fresh,,E:\Thesis Code\processed_hsv_lab_threshold_roi_224\sample 11\fresh\08-11-2022 09-47-10_jpg.rf.LZjsqbTFZUygzqCVGe7f.jpg,various_pork_meat_sample_11,various,cross_rotation,all,public_dataset_2,all,all,all,file_destination,E:\Thesis Code\processed_hsv_lab_threshold_roi_224\sample 11\fresh\08-11-2022 09-47-10_jpg.rf.LZjsqbTFZUygzqCVGe7f.jpg,False,public_dataset_2,public_dataset_2,,fresh,fresh,0.3933282,0.39245987,0.21421188,fresh,0.3933282,not fresh,0.39245987,0.78578806,0.00086832047,0,True,True,True,False,True,True,Borderline Fresh / Early Not Fresh,Consume Immediately / Check carefully,63.06023,Consume Immediately,0,0,True,False
IMG20260508174232.jpg,6,Pork Ham,not fresh,13:43:07,E:\Thesis Code\processed_hsv_lab_threshold_roi_224\sample 6\not fresh\IMG20260508174232.jpg,pork_ham_sample_6,ham,cross_rotation,all,meatlens,all,all,all,file_destination,E:\Thesis Code\processed_hsv_lab_threshold_roi_224\sample 6\not fresh\IMG20260508174232.jpg,False,partner_home,new_phone,,not fresh,not fresh,0.008513899,0.7118091,0.2796769,not fresh,0.7118091,spoiled,0.2796769,0.991486,0.43213218,0,True,True,True,False,True,False,Borderline Spoiled / Advanced Not Fresh,Not Suitable / Manual inspection recommended,42.79766,Consume Immediately,1,1,True,False
09-11-2022 11-50-51_jpg.rf.LQeBIGlIplMEkdl0mB8V.jpg,11,Various Pork Meat,spoiled,,E:\Thesis Code\processed_hsv_lab_threshold_roi_224\sample 11\spoiled\09-11-2022 11-50-51_jpg.rf.LQeBIGlIplMEkdl0mB8V.jpg,various_pork_meat_sample_11,various,cross_rotation,all,public_dataset_2,all,all,all,file_destination,E:\Thesis Code\processed_hsv_lab_threshold_roi_224\sample 11\spoiled\09-11-2022 11-50-51_jpg.rf.LQeBIGlIplMEkdl0mB8V.jpg,False,public_dataset_2,public_dataset_2,,spoiled,spoiled,0.010024637,0.17887247,0.8111029,spoiled,0.8111029,not fresh,0.17887247,0.9899754,0.63223046,0,True,True,True,False,True,False,Borderline Spoiled / Advanced Not Fresh,Not Suitable / Manual inspection recommended,18.951479,Not Suitable,2,2,True,False
20260429_050300.jpg,3,Pork Belly,fresh,03:49:45,E:\Thesis Code\processed_hsv_lab_threshold_roi_224\sample 3\fresh\20260429_050300.jpg,pork_belly_sample_3,belly,cross_rotation,all,meatlens,all,all,all,file_destination,E:\Thesis Code\processed_hsv_lab_threshold_roi_224\sample 3\fresh\20260429_050300.jpg,False,researcher_home,old_phone,,fresh,fresh,0.98352844,0.014778821,0.0016928505,fresh,0.98352844,not fresh,0.014778821,0.9983072,0.96874964,0,True,True,True,False,False,False,Likely Fresh,Good for Consumption,99.18261,Good for Consumption,0,0,True,False
20260426_031546.jpg,1,Pork Shoulder,spoiled,47:11:46,E:\Thesis Code\processed_hsv_lab_threshold_roi_224\sample 1\spoiled\20260426_031546.jpg,pork_shoulder_sample_1,shoulder,cross_rotation,all,meatlens,all,all,all,file_destination,E:\Thesis Code\processed_hsv_lab_threshold_roi_224\sample 1\spoiled\20260426_031546.jpg,False,researcher_home,old_phone,,spoiled,spoiled,2.3492457e-06,0.002370224,0.99762744,spoiled,0.99762744,not fresh,0.002370224,0.9999977,0.9952572,0,True,True,True,False,False,False,Likely Spoiled,Not Suitable,10.106872,Not Suitable,2,2,True,False
20260424_083240.jpg,1,Pork Shoulder,fresh,02:44:01,E:\Thesis Code\processed_hsv_lab_threshold_roi_224\sample 1\fresh\20260424_083240.jpg,pork_shoulder_sample_1,shoulder,cross_rotation,all,meatlens,all,all,all,file_destination,E:\Thesis Code\processed_hsv_lab_threshold_roi_224\sample 1\fresh\20260424_083240.jpg,False,researcher_home,old_phone,,fresh,fresh,0.97039425,0.02744333,0.0021624032,fresh,0.97039425,not fresh,0.02744333,0.9978376,0.9429509,0,True,True,True,False,False,False,Likely Fresh,Good for Consumption,98.570435,Good for Consumption,0,0,True,False
20260429_114446.jpg,3,Pork Belly,fresh,02:07:11,E:\Thesis Code\processed_hsv_lab_threshold_roi_224\sample 3\fresh\20260429_114446.jpg,pork_belly_sample_3,belly,cross_rotation,all,meatlens,all,all,all,file_destination,E:\Thesis Code\processed_hsv_lab_threshold_roi_224\sample 3\fresh\20260429_114446.jpg,False,researcher_home,old_phone,,fresh,not fresh,0.45534253,0.5163253,0.028332181,not fresh,0.5163253,fresh,0.45534253,0.9716678,0.060982764,1,False,True,True,False,True,True,Borderline Fresh / Early Not Fresh,Consume Immediately / Check carefully,74.21547,Good for Consumption,1,0,True,False
20260424_084532.jpg,2,Pork Shoulder,spoiled,20:01:12,E:\Thesis Code\processed_hsv_lab_threshold_roi_224\sample 2\spoiled\20260424_084532.jpg,pork_shoulder_sample_2,shoulder,cross_rotation,all,meatlens,all,all,all,file_destination,E:\Thesis Code\processed_hsv_lab_threshold_roi_224\sample 2\spoiled\20260424_084532.jpg,False,partner_home,old_phone,,spoiled,spoiled,0.0007534275,0.0073606973,0.9918859,spoiled,0.9918859,not fresh,0.0073606973,0.9992466,0.9845252,0,True,True,True,False,False,False,Likely Spoiled,Not Suitable,10.39904,Not Suitable,2,2,True,False
SPOILED-499-_JPG.rf.2c1da1d8067f91d96e4471b564ad3f6d.jpg,12,Various Pork Meat,spoiled,,E:\Thesis Code\processed_hsv_lab_threshold_roi_224\sample 12\spoiled\SPOILED-499-_JPG.rf.2c1da1d8067f91d96e4471b564ad3f6d.jpg,various_pork_meat_sample_12,various,cross_rotation,all,public_dataset_2,all,all,all,file_destination,E:\Thesis Code\processed_hsv_lab_threshold_roi_224\sample 12\spoiled\SPOILED-499-_JPG.rf.2c1da1d8067f91d96e4471b564ad3f6d.jpg,False,public_dataset_2,public_dataset_2,,spoiled,spoiled,0.0008746433,0.012030081,0.98709524,spoiled,0.98709524,not fresh,0.012030081,0.9991253,0.9750652,0,True,True,True,False,False,False,Likely Spoiled,Not Suitable,10.620071,Not Suitable,2,2,True,False
IMG20260509074128.jpg,6,Pork Ham,spoiled,18:54:16,E:\Thesis Code\processed_hsv_lab_threshold_roi_224\sample 6\spoiled\IMG20260509074128.jpg,pork_ham_sample_6,ham,cross_rotation,all,meatlens,all,all,all,file_destination,E:\Thesis Code\processed_hsv_lab_threshold_roi_224\sample 6\spoiled\IMG20260509074128.jpg,False,partner_home,new_phone,,spoiled,spoiled,2.1097685e-05,0.004191474,0.99578744,spoiled,0.99578744,not fresh,0.004191474,0.9999789,0.991596,0,True,True,True,False,False,False,Likely Spoiled,Not Suitable,10.1905155,Not Suitable,2,2,True,False
IMG_20260508_045837.jpg,5,Pork Ham,fresh,00:43:25,E:\Thesis Code\processed_hsv_lab_threshold_roi_224\sample 5\fresh\IMG_20260508_045837.jpg,pork_ham_sample_5,ham,cross_rotation,all,meatlens,all,all,all,file_destination,E:\Thesis Code\processed_hsv_lab_threshold_roi_224\sample 5\fresh\IMG_20260508_045837.jpg,False,researcher_home,new_phone,,fresh,fresh,0.9954529,0.004186304,0.0003607398,fresh,0.9954529,not fresh,0.004186304,0.9996392,0.99126655,0,True,True,True,False,False,False,Likely Fresh,Good for Consumption,99.779144,Good for Consumption,0,0,True,False
20260424_061421.jpg,1,Pork Shoulder,fresh,00:14:28,E:\Thesis Code\processed_hsv_lab_threshold_roi_224\sample 1\fresh\20260424_061421.jpg,pork_shoulder_sample_1,shoulder,cross_rotation,all,meatlens,all,all,all,file_destination,E:\Thesis Code\processed_hsv_lab_threshold_roi_224\sample 1\fresh\20260424_061421.jpg,False,researcher_home,old_phone,,fresh,fresh,0.9296303,0.06879103,0.0015787779,fresh,0.9296303,not fresh,0.06879103,0.9984213,0.86083925,0,True,True,True,False,False,False,Likely Fresh,Good for Consumption,96.76232,Good for Consumption,0,0,True,False
IMG20260509082501.jpg,6,Pork Ham,spoiled,28:18:42,E:\Thesis Code\processed_hsv_lab_threshold_roi_224\sample 6\spoiled\IMG20260509082501.jpg,pork_ham_sample_6,ham,cross_rotation,all,meatlens,all,all,all,file_destination,E:\Thesis Code\processed_hsv_lab_threshold_roi_224\sample 6\spoiled\IMG20260509082501.jpg,False,partner_home,new_phone,,spoiled,spoiled,0.00012983155,0.014982048,0.9848881,spoiled,0.9848881,not fresh,0.014982048,0.9998701,0.96990603,0,True,True,True,False,False,False,Likely Spoiled,Not Suitable,10.685877,Not Suitable,2,2,True,False
HALF-FRESH-916-_JPG.rf.ee1387707e110d35dd6261958e498389.jpg,12,Various Pork Meat,not fresh,,E:\Thesis Code\processed_hsv_lab_threshold_roi_224\sample 12\not fresh\HALF-FRESH-916-_JPG.rf.ee1387707e110d35dd6261958e498389.jpg,various_pork_meat_sample_12,various,cross_rotation,all,public_dataset_2,all,all,all,file_destination,E:\Thesis Code\processed_hsv_lab_threshold_roi_224\sample 12\not fresh\HALF-FRESH-916-_JPG.rf.ee1387707e110d35dd6261958e498389.jpg,False,public_dataset_2,public_dataset_2,,not fresh,not fresh,0.11382248,0.8572058,0.02897176,not fresh,0.8572058,fresh,0.11382248,0.97102827,0.74338335,0,True,True,True,False,True,False,Borderline Fresh / Early Not Fresh,Consume Immediately / Check carefully,58.818287,Consume Immediately,1,1,True,False
20260429_150708.jpg,4,Pork Belly,not fresh,07:25:02,E:\Thesis Code\processed_hsv_lab_threshold_roi_224\sample 4\not fresh\20260429_150708.jpg,pork_belly_sample_4,belly,cross_rotation,all,meatlens,all,all,all,file_destination,E:\Thesis Code\processed_hsv_lab_threshold_roi_224\sample 4\not fresh\20260429_150708.jpg,False,partner_home,old_phone,,not fresh,not fresh,0.0014384534,0.9767453,0.02181624,not fresh,0.9767453,spoiled,0.02181624,0.99856156,0.95492905,0,True,True,True,False,False,False,Likely Not Fresh,Consume Immediately / Manual inspection recommended,54.083,Consume Immediately,1,1,True,False
20260516_084306.jpg,8,Pork Loin,fresh,03:39:30,E:\Thesis Code\processed_hsv_lab_threshold_roi_224\sample 8\fresh\20260516_084306.jpg,pork_loin_sample_8,loin,cross_rotation,all,meatlens,all,all,all,file_destination,E:\Thesis Code\processed_hsv_lab_threshold_roi_224\sample 8\fresh\20260516_084306.jpg,False,partner_home,new_phone,,fresh,fresh,0.98196,0.017730057,0.00031001525,fresh,0.98196,not fresh,0.017730057,0.99969006,0.96422994,0,True,True,True,False,False,False,Likely Fresh,Good for Consumption,99.174255,Good for Consumption,0,0,True,False
20260516_080931.jpg,8,Pork Loin,fresh,02:17:11,E:\Thesis Code\processed_hsv_lab_threshold_roi_224\sample 8\fresh\20260516_080931.jpg,pork_loin_sample_8,loin,cross_rotation,all,meatlens,all,all,all,file_destination,E:\Thesis Code\processed_hsv_lab_threshold_roi_224\sample 8\fresh\20260516_080931.jpg,False,partner_home,new_phone,,fresh,fresh,0.98525304,0.014474205,0.0002727697,fresh,0.98525304,not fresh,0.014474205,0.99972725,0.9707788,0,True,True,True,False,False,False,Likely Fresh,Good for Consumption,99.32411,Good for Consumption,0,0,True,False
20260516_183931.jpg,8,Pork Loin,spoiled,14:47:02,E:\Thesis Code\processed_hsv_lab_threshold_roi_224\sample 8\spoiled\20260516_183931.jpg,pork_loin_sample_8,loin,cross_rotation,all,meatlens,all,all,all,file_destination,E:\Thesis Code\processed_hsv_lab_threshold_roi_224\sample 8\spoiled\20260516_183931.jpg,False,partner_home,new_phone,,spoiled,not fresh,0.0017637736,0.5067453,0.4914909,not fresh,0.5067453,spoiled,0.4914909,0.9982362,0.015254378,1,False,True,True,False,True,True,Borderline Spoiled / Advanced Not Fresh,Not Suitable / Manual inspection recommended,32.962276,Not Suitable,1,2,True,False
20260429_070947.jpg,4,Pork Belly,fresh,01:31:49,E:\Thesis Code\processed_hsv_lab_threshold_roi_224\sample 4\fresh\20260429_070947.jpg,pork_belly_sample_4,belly,cross_rotation,all,meatlens,all,all,all,file_destination,E:\Thesis Code\processed_hsv_lab_threshold_roi_224\sample 4\fresh\20260429_070947.jpg,False,partner_home,old_phone,,fresh,fresh,0.99245894,0.004715292,0.002825848,fresh,0.99245894,not fresh,0.004715292,0.9971742,0.9877437,0,True,True,True,False,False,False,Likely Fresh,Good for Consumption,99.53349,Good for Consumption,0,0,True,False
20260424_192758.jpg,1,Pork Shoulder,not fresh,15:26:14,E:\Thesis Code\processed_hsv_lab_threshold_roi_224\sample 1\not fresh\20260424_192758.jpg,pork_shoulder_sample_1,shoulder,cross_rotation,all,meatlens,all,all,all,file_destination,E:\Thesis Code\processed_hsv_lab_threshold_roi_224\sample 1\not fresh\20260424_192758.jpg,False,researcher_home,old_phone,,not fresh,not fresh,0.0032846222,0.8771424,0.1195729,not fresh,0.8771424,spoiled,0.1195729,0.9967153,0.75756955,0,True,True,True,False,True,False,Borderline Spoiled / Advanced Not Fresh,Not Suitable / Manual inspection recommended,49.767025,Consume Immediately,1,1,True,False
20260703_065702.jpg,10,Pork Belly,fresh,04:00:00,E:\Thesis Code\processed_hsv_lab_threshold_roi_224\sample 10\fresh\20260703_065702.jpg,pork_belly_sample_10,belly,cross_rotation,all,public_dataset_2,all,all,all,file_destination,E:\Thesis Code\processed_hsv_lab_threshold_roi_224\sample 10\fresh\20260703_065702.jpg,False,public_dataset_2,public_dataset_2,,fresh,fresh,0.96118397,0.03758969,0.0012263493,fresh,0.96118397,not fresh,0.03758969,0.99877363,0.9235943,0,True,True,True,False,False,False,Likely Fresh,Good for Consumption,98.19809,Good for Consumption,0,0,True,False
20260425_084116.jpg,1,Pork Shoulder,spoiled,28:42:13,E:\Thesis Code\processed_hsv_lab_threshold_roi_224\sample 1\spoiled\20260425_084116.jpg,pork_shoulder_sample_1,shoulder,cross_rotation,all,meatlens,all,all,all,file_destination,E:\Thesis Code\processed_hsv_lab_threshold_roi_224\sample 1\spoiled\20260425_084116.jpg,False,researcher_home,old_phone,,spoiled,spoiled,0.00091636216,0.028846625,0.970237,spoiled,0.970237,not fresh,0.028846625,0.99908364,0.9413904,0,True,True,True,False,False,False,Likely Spoiled,Not Suitable,11.38057,Not Suitable,2,2,True,False
09-11-2022 12-39-27_jpg.rf.KNjpcIhwZtGiFKOGYf5Y.jpg,11,Various Pork Meat,spoiled,,E:\Thesis Code\processed_hsv_lab_threshold_roi_224\sample 11\spoiled\09-11-2022 12-39-27_jpg.rf.KNjpcIhwZtGiFKOGYf5Y.jpg,various_pork_meat_sample_11,various,cross_rotation,all,public_dataset_2,all,all,all,file_destination,E:\Thesis Code\processed_hsv_lab_threshold_roi_224\sample 11\spoiled\09-11-2022 12-39-27_jpg.rf.KNjpcIhwZtGiFKOGYf5Y.jpg,False,public_dataset_2,public_dataset_2,,spoiled,spoiled,0.021279326,0.19726954,0.78145117,spoiled,0.78145117,not fresh,0.19726954,0.9787207,0.5841816,0,True,True,True,False,True,False,Borderline Spoiled / Advanced Not Fresh,Not Suitable / Manual inspection recommended,20.792269,Not Suitable,2,2,True,False
20260624_113753.jpg,9,Pork Hind Leg,not fresh,12:00:00,E:\Thesis Code\processed_hsv_lab_threshold_roi_224\sample 9\not fresh\20260624_113753.jpg,pork_hind_leg_sample_9,hind_leg,cross_rotation,all,public_dataset_2,all,all,all,file_destination,E:\Thesis Code\processed_hsv_lab_threshold_roi_224\sample 9\not fresh\20260624_113753.jpg,False,public_dataset_2,public_dataset_2,,not fresh,fresh,0.5171701,0.46207616,0.020753754,fresh,0.5171701,not fresh,0.46207616,0.97924626,0.055093914,1,False,True,True,False,True,True,Borderline Fresh / Early Not Fresh,Consume Immediately / Check carefully,77.33873,Good for Consumption,0,1,True,False
IMG_20260518_055548.jpg,7,Pork Loin,spoiled,23:00:54,E:\Thesis Code\processed_hsv_lab_threshold_roi_224\sample 7\spoiled\IMG_20260518_055548.jpg,pork_loin_sample_7,loin,cross_rotation,all,meatlens,all,all,all,file_destination,E:\Thesis Code\processed_hsv_lab_threshold_roi_224\sample 7\spoiled\IMG_20260518_055548.jpg,False,researcher_home,new_phone,,spoiled,spoiled,0.00017186195,0.02477333,0.9750548,spoiled,0.9750548,not fresh,0.02477333,0.9998281,0.9502815,0,True,True,True,False,False,False,Likely Spoiled,Not Suitable,11.130267,Not Suitable,2,2,True,False
20260429_173926.jpg,3,Pork Belly,not fresh,13:35:17,E:\Thesis Code\processed_hsv_lab_threshold_roi_224\sample 3\not fresh\20260429_173926.jpg,pork_belly_sample_3,belly,cross_rotation,all,meatlens,all,all,all,file_destination,E:\Thesis Code\processed_hsv_lab_threshold_roi_224\sample 3\not fresh\20260429_173926.jpg,False,researcher_home,old_phone,,not fresh,not fresh,0.003423829,0.9491488,0.04742738,not fresh,0.9491488,spoiled,0.04742738,0.99657613,0.9017214,0,True,True,True,False,False,False,Likely Not Fresh,Consume Immediately / Manual inspection recommended,53.01984,Consume Immediately,1,1,True,False
IMG_20260517_200235.jpg,7,Pork Loin,spoiled,14:00:00,E:\Thesis Code\processed_hsv_lab_threshold_roi_224\sample 7\spoiled\IMG_20260517_200235.jpg,pork_loin_sample_7,loin,cross_rotation,all,meatlens,all,all,all,file_destination,E:\Thesis Code\processed_hsv_lab_threshold_roi_224\sample 7\spoiled\IMG_20260517_200235.jpg,False,researcher_home,new_phone,,spoiled,not fresh,0.0040359576,0.80502135,0.19094273,not fresh,0.80502135,spoiled,0.19094273,0.99596405,0.61407864,1,False,True,True,False,True,False,Borderline Spoiled / Advanced Not Fresh,Not Suitable / Manual inspection recommended,46.589195,Consume Immediately,1,2,True,False
20260703_095339.jpg,10,Pork Belly,fresh,04:00:00,E:\Thesis Code\processed_hsv_lab_threshold_roi_224\sample 10\fresh\20260703_095339.jpg,pork_belly_sample_10,belly,cross_rotation,all,public_dataset_2,all,all,all,file_destination,E:\Thesis Code\processed_hsv_lab_threshold_roi_224\sample 10\fresh\20260703_095339.jpg,False,public_dataset_2,public_dataset_2,,fresh,fresh,0.8348361,0.16322087,0.0019430611,fresh,0.8348361,not fresh,0.16322087,0.998057,0.67161524,0,True,True,True,False,True,False,Borderline Fresh / Early Not Fresh,Consume Immediately / Check carefully,92.480194,Good for Consumption,0,0,True,False
HALF-FRESH-630-_JPG.rf.30af0eb6e75b22f08bb6cfceaa31fdb7.jpg,12,Various Pork Meat,not fresh,,E:\Thesis Code\processed_hsv_lab_threshold_roi_224\sample 12\not fresh\HALF-FRESH-630-_JPG.rf.30af0eb6e75b22f08bb6cfceaa31fdb7.jpg,various_pork_meat_sample_12,various,cross_rotation,all,public_dataset_2,all,all,all,file_destination,E:\Thesis Code\processed_hsv_lab_threshold_roi_224\sample 12\not fresh\HALF-FRESH-630-_JPG.rf.30af0eb6e75b22f08bb6cfceaa31fdb7.jpg,False,public_dataset_2,public_dataset_2,,not fresh,not fresh,0.23335116,0.6933071,0.07334178,not fresh,0.6933071,fresh,0.23335116,0.9266583,0.45995593,0,True,True,True,False,True,False,Borderline Fresh / Early Not Fresh,Consume Immediately / Check carefully,62.200424,Consume Immediately,1,1,True,False
20260703_204851.jpg,10,Pork Belly,spoiled,24:00:00,E:\Thesis Code\processed_hsv_lab_threshold_roi_224\sample 10\spoiled\20260703_204851.jpg,pork_belly_sample_10,belly,cross_rotation,all,public_dataset_2,all,all,all,file_destination,E:\Thesis Code\processed_hsv_lab_threshold_roi_224\sample 10\spoiled\20260703_204851.jpg,False,public_dataset_2,public_dataset_2,,spoiled,spoiled,0.0022253986,0.10692827,0.8908463,spoiled,0.8908463,not fresh,0.10692827,0.9977746,0.783918,0,True,True,True,False,True,False,Borderline Spoiled / Advanced Not Fresh,Not Suitable / Manual inspection recommended,15.012057,Not Suitable,2,2,True,False
20260516_175053.jpg,8,Pork Loin,not fresh,13:49:27,E:\Thesis Code\processed_hsv_lab_threshold_roi_224\sample 8\not fresh\20260516_175053.jpg,pork_loin_sample_8,loin,cross_rotation,all,meatlens,all,all,all,file_destination,E:\Thesis Code\processed_hsv_lab_threshold_roi_224\sample 8\not fresh\20260516_175053.jpg,False,partner_home,new_phone,,not fresh,not fresh,0.0034209932,0.6098816,0.38669738,not fresh,0.6098816,spoiled,0.38669738,0.99657893,0.2231842,0,True,True,True,False,True,False,Borderline Spoiled / Advanced Not Fresh,Not Suitable / Manual inspection recommended,37.75256,Not Suitable,1,1,True,False
20260429_214328.jpg,3,Pork Belly,spoiled,17:06:20,E:\Thesis Code\processed_hsv_lab_threshold_roi_224\sample 3\spoiled\20260429_214328.jpg,pork_belly_sample_3,belly,cross_rotation,all,meatlens,all,all,all,file_destination,E:\Thesis Code\processed_hsv_lab_threshold_roi_224\sample 3\spoiled\20260429_214328.jpg,False,researcher_home,old_phone,,spoiled,spoiled,0.0017318027,0.2855253,0.7127429,spoiled,0.7127429,not fresh,0.2855253,0.99826825,0.42721763,0,True,True,True,False,True,False,Borderline Spoiled / Advanced Not Fresh,Not Suitable / Manual inspection recommended,23.004501,Not Suitable,2,2,True,False
20260429_171025.jpg,3,Pork Belly,not fresh,13:06:20,E:\Thesis Code\processed_hsv_lab_threshold_roi_224\sample 3\not fresh\20260429_171025.jpg,pork_belly_sample_3,belly,cross_rotation,all,meatlens,all,all,all,file_destination,E:\Thesis Code\processed_hsv_lab_threshold_roi_224\sample 3\not fresh\20260429_171025.jpg,False,researcher_home,old_phone,,not fresh,not fresh,0.0039966977,0.85449994,0.14150338,not fresh,0.85449994,spoiled,0.14150338,0.9960033,0.71299654,0,True,True,True,False,True,False,Borderline Spoiled / Advanced Not Fresh,Not Suitable / Manual inspection recommended,48.8122,Consume Immediately,1,1,True,False
20260516_113704.jpg,8,Pork Loin,not fresh,07:42:13,E:\Thesis Code\processed_hsv_lab_threshold_roi_224\sample 8\not fresh\20260516_113704.jpg,pork_loin_sample_8,loin,cross_rotation,all,meatlens,all,all,all,file_destination,E:\Thesis Code\processed_hsv_lab_threshold_roi_224\sample 8\not fresh\20260516_113704.jpg,False,partner_home,new_phone,,not fresh,fresh,0.5460951,0.45133522,0.0025697404,fresh,0.5460951,not fresh,0.45133522,0.9974303,0.09475985,1,False,True,True,False,True,True,Borderline Fresh / Early Not Fresh,Consume Immediately / Check carefully,79.45864,Good for Consumption,0,1,True,False
20260423_131235.jpg,2,Pork Shoulder,not fresh,09:15:23,E:\Thesis Code\processed_hsv_lab_threshold_roi_224\sample 2\not fresh\20260423_131235.jpg,pork_shoulder_sample_2,shoulder,cross_rotation,all,meatlens,all,all,all,file_destination,E:\Thesis Code\processed_hsv_lab_threshold_roi_224\sample 2\not fresh\20260423_131235.jpg,False,partner_home,old_phone,,not fresh,not fresh,0.027714413,0.9464765,0.025809094,not fresh,0.9464765,fresh,0.027714413,0.97419095,0.9187621,0,True,True,True,False,False,False,Likely Not Fresh,Consume Immediately / Manual inspection recommended,55.08574,Consume Immediately,1,1,True,False
20260429_072350.jpg,4,Pork Belly,fresh,02:39:28,E:\Thesis Code\processed_hsv_lab_threshold_roi_224\sample 4\fresh\20260429_072350.jpg,pork_belly_sample_4,belly,cross_rotation,all,meatlens,all,all,all,file_destination,E:\Thesis Code\processed_hsv_lab_threshold_roi_224\sample 4\fresh\20260429_072350.jpg,False,partner_home,old_phone,,fresh,fresh,0.998665,0.0010010564,0.00033390668,fresh,0.998665,not fresh,0.0010010564,0.99966604,0.9976639,0,True,True,True,False,False,False,Likely Fresh,Good for Consumption,99.9249,Good for Consumption,0,0,True,False
08-11-2022 21-58-46_jpg.rf.VBRsiL5ufM0su8cj7ta8.jpg,11,Various Pork Meat,not fresh,,E:\Thesis Code\processed_hsv_lab_threshold_roi_224\sample 11\half fresh\08-11-2022 21-58-46_jpg.rf.VBRsiL5ufM0su8cj7ta8.jpg,various_pork_meat_sample_11,various,cross_rotation,all,public_dataset_2,all,all,all,file_destination,E:\Thesis Code\processed_hsv_lab_threshold_roi_224\sample 11\half fresh\08-11-2022 21-58-46_jpg.rf.VBRsiL5ufM0su8cj7ta8.jpg,False,public_dataset_2,public_dataset_2,,not fresh,fresh,0.513538,0.3870473,0.099414766,fresh,0.513538,not fresh,0.3870473,0.9005853,0.12649071,1,False,True,True,False,True,True,Borderline Fresh / Early Not Fresh,Consume Immediately / Check carefully,73.63555,Good for Consumption,0,1,True,False
IMG_20260508_195124.jpg,5,Pork Ham,not fresh,15:40:42,E:\Thesis Code\processed_hsv_lab_threshold_roi_224\sample 5\not fresh\IMG_20260508_195124.jpg,pork_ham_sample_5,ham,cross_rotation,all,meatlens,all,all,all,file_destination,E:\Thesis Code\processed_hsv_lab_threshold_roi_224\sample 5\not fresh\IMG_20260508_195124.jpg,False,researcher_home,new_phone,,not fresh,spoiled,0.007502346,0.44444704,0.54805064,spoiled,0.54805064,not fresh,0.44444704,0.9924977,0.1036036,1,False,True,True,False,True,True,Borderline Spoiled / Advanced Not Fresh,Not Suitable / Manual inspection recommended,30.675327,Not Suitable,2,1,True,False
IMG20260509195244.jpg,6,Pork Ham,spoiled,26:42:13,E:\Thesis Code\processed_hsv_lab_threshold_roi_224\sample 6\spoiled\IMG20260509195244.jpg,pork_ham_sample_6,ham,cross_rotation,all,meatlens,all,all,all,file_destination,E:\Thesis Code\processed_hsv_lab_threshold_roi_224\sample 6\spoiled\IMG20260509195244.jpg,False,partner_home,new_phone,,spoiled,spoiled,2.3836039e-05,0.00416953,0.9958066,spoiled,0.9958066,not fresh,0.00416953,0.9999761,0.99163705,0,True,True,True,False,False,False,Likely Spoiled,Not Suitable,10.189774,Not Suitable,2,2,True,False
IMG20260508115240.jpg,6,Pork Ham,not fresh,07:52:46,E:\Thesis Code\processed_hsv_lab_threshold_roi_224\sample 6\not fresh\IMG20260508115240.jpg,pork_ham_sample_6,ham,cross_rotation,all,meatlens,all,all,all,file_destination,E:\Thesis Code\processed_hsv_lab_threshold_roi_224\sample 6\not fresh\IMG20260508115240.jpg,False,partner_home,new_phone,,not fresh,not fresh,0.46306962,0.52672905,0.010201354,not fresh,0.52672905,fresh,0.46306962,0.98979867,0.06365943,0,True,True,True,False,True,True,Borderline Fresh / Early Not Fresh,Consume Immediately / Check carefully,75.379074,Good for Consumption,1,1,True,False
SPOILED-1000-_JPG.rf.a2604327a078b85c939c65b75396f9bc.jpg,12,Various Pork Meat,spoiled,,E:\Thesis Code\processed_hsv_lab_threshold_roi_224\sample 12\spoiled\SPOILED-1000-_JPG.rf.a2604327a078b85c939c65b75396f9bc.jpg,various_pork_meat_sample_12,various,cross_rotation,all,public_dataset_2,all,all,all,file_destination,E:\Thesis Code\processed_hsv_lab_threshold_roi_224\sample 12\spoiled\SPOILED-1000-_JPG.rf.a2604327a078b85c939c65b75396f9bc.jpg,False,public_dataset_2,public_dataset_2,,spoiled,spoiled,0.059377316,0.3104187,0.6302039,spoiled,0.6302039,not fresh,0.3104187,0.94062257,0.3197852,0,True,True,True,False,True,False,Borderline Spoiled / Advanced Not Fresh,Not Suitable / Manual inspection recommended,29.3128,Not Suitable,2,2,True,False
IMG20260509180838.jpg,6,Pork Ham,spoiled,25:10:33,E:\Thesis Code\processed_hsv_lab_threshold_roi_224\sample 6\spoiled\IMG20260509180838.jpg,pork_ham_sample_6,ham,cross_rotation,all,meatlens,all,all,all,file_destination,E:\Thesis Code\processed_hsv_lab_threshold_roi_224\sample 6\spoiled\IMG20260509180838.jpg,False,partner_home,new_phone,,spoiled,spoiled,1.3618574e-05,0.0038620254,0.9961243,spoiled,0.9961243,not fresh,0.0038620254,0.99998635,0.9922623,0,True,True,True,False,False,False,Likely Spoiled,Not Suitable,10.175016,Not Suitable,2,2,True,False
HALF-FRESH-47-_JPG.rf.80a421b9f8dfab37019449291166a5e4.jpg,12,Various Pork Meat,not fresh,,E:\Thesis Code\processed_hsv_lab_threshold_roi_224\sample 12\not fresh\HALF-FRESH-47-_JPG.rf.80a421b9f8dfab37019449291166a5e4.jpg,various_pork_meat_sample_12,various,cross_rotation,all,public_dataset_2,all,all,all,file_destination,E:\Thesis Code\processed_hsv_lab_threshold_roi_224\sample 12\not fresh\HALF-FRESH-47-_JPG.rf.80a421b9f8dfab37019449291166a5e4.jpg,False,public_dataset_2,public_dataset_2,,not fresh,fresh,0.5692173,0.42203012,0.008752613,fresh,0.5692173,not fresh,0.42203012,0.9912474,0.1471872,1,False,True,True,False,True,True,Borderline Fresh / Early Not Fresh,Consume Immediately / Check carefully,80.22092,Good for Consumption,0,1,True,False
20260430_134248.jpg,4,Pork Belly,spoiled,26:57:17,E:\Thesis Code\processed_hsv_lab_threshold_roi_224\sample 4\spoiled\20260430_134248.jpg,pork_belly_sample_4,belly,cross_rotation,all,meatlens,all,all,all,file_destination,E:\Thesis Code\processed_hsv_lab_threshold_roi_224\sample 4\spoiled\20260430_134248.jpg,False,partner_home,old_phone,,spoiled,spoiled,2.349471e-05,0.0022553615,0.99772114,spoiled,0.99772114,not fresh,0.0022553615,0.9999765,0.99546576,0,True,True,True,False,False,False,Likely Spoiled,Not Suitable,10.103605,Not Suitable,2,2,True,False
20260429_115547.jpg,3,Pork Belly,fresh,02:52:18,E:\Thesis Code\processed_hsv_lab_threshold_roi_224\sample 3\fresh\20260429_115547.jpg,pork_belly_sample_3,belly,cross_rotation,all,meatlens,all,all,all,file_destination,E:\Thesis Code\processed_hsv_lab_threshold_roi_224\sample 3\fresh\20260429_115547.jpg,False,researcher_home,old_phone,,fresh,fresh,0.559948,0.42008024,0.019971801,fresh,0.559948,not fresh,0.42008024,0.9800283,0.13986778,0,True,True,True,False,True,True,Borderline Fresh / Early Not Fresh,Consume Immediately / Check carefully,79.298935,Good for Consumption,0,0,True,False
20260430_035332.jpg,3,Pork Belly,spoiled,21:13:34,E:\Thesis Code\processed_hsv_lab_threshold_roi_224\sample 3\spoiled\20260430_035332.jpg,pork_belly_sample_3,belly,cross_rotation,all,meatlens,all,all,all,file_destination,E:\Thesis Code\processed_hsv_lab_threshold_roi_224\sample 3\spoiled\20260430_035332.jpg,False,researcher_home,old_phone,,spoiled,spoiled,0.00048342234,0.007706254,0.9918104,spoiled,0.9918104,not fresh,0.007706254,0.9995166,0.98410416,0,True,True,True,False,False,False,Likely Spoiled,Not Suitable,10.39029,Not Suitable,2,2,True,False
20260517_094538.jpg,8,Pork Loin,spoiled,26:48:14,E:\Thesis Code\processed_hsv_lab_threshold_roi_224\sample 8\spoiled\20260517_094538.jpg,pork_loin_sample_8,loin,cross_rotation,all,meatlens,all,all,all,file_destination,E:\Thesis Code\processed_hsv_lab_threshold_roi_224\sample 8\spoiled\20260517_094538.jpg,False,partner_home,new_phone,,spoiled,spoiled,6.062084e-05,0.008967095,0.9909723,spoiled,0.9909723,not fresh,0.008967095,0.9999394,0.9820052,0,True,True,True,False,False,False,Likely Spoiled,Not Suitable,10.408975,Not Suitable,2,2,True,False
SPOILED-338-_JPG.rf.53cc04a731e47cbb934f17835f15058f.jpg,12,Various Pork Meat,spoiled,,E:\Thesis Code\processed_hsv_lab_threshold_roi_224\sample 12\spoiled\SPOILED-338-_JPG.rf.53cc04a731e47cbb934f17835f15058f.jpg,various_pork_meat_sample_12,various,cross_rotation,all,public_dataset_2,all,all,all,file_destination,E:\Thesis Code\processed_hsv_lab_threshold_roi_224\sample 12\spoiled\SPOILED-338-_JPG.rf.53cc04a731e47cbb934f17835f15058f.jpg,False,public_dataset_2,public_dataset_2,,spoiled,fresh,0.58376336,0.2436601,0.17257658,fresh,0.58376336,not fresh,0.2436601,0.82742345,0.34010327,2,False,False,False,True,True,True,Borderline Fresh / Early Not Fresh,Consume Immediately / Check carefully,73.50341,Good for Consumption,0,2,True,False
20260429_145122.jpg,3,Pork Belly,not fresh,10:46:26,E:\Thesis Code\processed_hsv_lab_threshold_roi_224\sample 3\not fresh\20260429_145122.jpg,pork_belly_sample_3,belly,cross_rotation,all,meatlens,all,all,all,file_destination,E:\Thesis Code\processed_hsv_lab_threshold_roi_224\sample 3\not fresh\20260429_145122.jpg,False,researcher_home,old_phone,,not fresh,not fresh,0.024090866,0.9648881,0.011020997,not fresh,0.9648881,fresh,0.024090866,0.988979,0.9407972,0,True,True,True,False,False,False,Likely Not Fresh,Consume Immediately / Manual inspection recommended,55.588142,Consume Immediately,1,1,True,False
20260429_161319.jpg,4,Pork Belly,not fresh,09:09:57,E:\Thesis Code\processed_hsv_lab_threshold_roi_224\sample 4\not fresh\20260429_161319.jpg,pork_belly_sample_4,belly,cross_rotation,all,meatlens,all,all,all,file_destination,E:\Thesis Code\processed_hsv_lab_threshold_roi_224\sample 4\not fresh\20260429_161319.jpg,False,partner_home,old_phone,,not fresh,not fresh,0.00016724417,0.98415554,0.015677158,not fresh,0.98415554,spoiled,0.015677158,0.9998327,0.9684784,0,True,True,True,False,False,False,Likely Not Fresh,Consume Immediately / Manual inspection recommended,54.30205,Consume Immediately,1,1,True,False
IMG20260508104436.jpg,6,Pork Ham,fresh,06:36:47,E:\Thesis Code\processed_hsv_lab_threshold_roi_224\sample 6\fresh\IMG20260508104436.jpg,pork_ham_sample_6,ham,cross_rotation,all,meatlens,all,all,all,file_destination,E:\Thesis Code\processed_hsv_lab_threshold_roi_224\sample 6\fresh\IMG20260508104436.jpg,False,partner_home,new_phone,,fresh,fresh,0.7452354,0.24879652,0.0059681376,fresh,0.7452354,not fresh,0.24879652,0.9940319,0.49643886,0,True,True,True,False,True,False,Borderline Fresh / Early Not Fresh,Consume Immediately / Check carefully,88.26703,Good for Consumption,0,0,True,False
IMG_20260508_113745.jpg,5,Pork Ham,fresh,07:35:53,E:\Thesis Code\processed_hsv_lab_threshold_roi_224\sample 5\fresh\IMG_20260508_113745.jpg,pork_ham_sample_5,ham,cross_rotation,all,meatlens,all,all,all,file_destination,E:\Thesis Code\processed_hsv_lab_threshold_roi_224\sample 5\fresh\IMG_20260508_113745.jpg,False,researcher_home,new_phone,,fresh,not fresh,0.49038166,0.50098574,0.008632555,not fresh,0.50098574,fresh,0.49038166,0.9913674,0.010604084,1,False,True,True,False,True,True,Borderline Fresh / Early Not Fresh,Consume Immediately / Check carefully,76.67871,Good for Consumption,1,0,True,False
20260703_164951.jpg,10,Pork Belly,not fresh,12:00:00,E:\Thesis Code\processed_hsv_lab_threshold_roi_224\sample 10\not fresh\20260703_164951.jpg,pork_belly_sample_10,belly,cross_rotation,all,public_dataset_2,all,all,all,file_destination,E:\Thesis Code\processed_hsv_lab_threshold_roi_224\sample 10\not fresh\20260703_164951.jpg,False,public_dataset_2,public_dataset_2,,not fresh,not fresh,0.01770145,0.5016809,0.48061758,not fresh,0.5016809,spoiled,0.48061758,0.9822985,0.021063328,0,True,True,True,False,True,True,Borderline Spoiled / Advanced Not Fresh,Not Suitable / Manual inspection recommended,34.16877,Not Suitable,1,1,True,False
20260624_130237.jpg,9,Pork Hind Leg,not fresh,12:00:00,E:\Thesis Code\processed_hsv_lab_threshold_roi_224\sample 9\not fresh\20260624_130237.jpg,pork_hind_leg_sample_9,hind_leg,cross_rotation,all,public_dataset_2,all,all,all,file_destination,E:\Thesis Code\processed_hsv_lab_threshold_roi_224\sample 9\not fresh\20260624_130237.jpg,False,public_dataset_2,public_dataset_2,,not fresh,not fresh,0.33301464,0.5713069,0.09567843,not fresh,0.5713069,fresh,0.33301464,0.90432155,0.23829225,0,True,True,True,False,True,True,Borderline Fresh / Early Not Fresh,Consume Immediately / Check carefully,65.68013,Consume Immediately,1,1,True,False
IMG_20260509_154929.jpg,5,Pork Ham,spoiled,25:53:22,E:\Thesis Code\processed_hsv_lab_threshold_roi_224\sample 5\spoiled\IMG_20260509_154929.jpg,pork_ham_sample_5,ham,cross_rotation,all,meatlens,all,all,all,file_destination,E:\Thesis Code\processed_hsv_lab_threshold_roi_224\sample 5\spoiled\IMG_20260509_154929.jpg,False,researcher_home,new_phone,,spoiled,spoiled,0.001513063,0.006247762,0.9922391,spoiled,0.9922391,not fresh,0.006247762,0.9984869,0.98599136,0,True,True,True,False,False,False,Likely Spoiled,Not Suitable,10.417324,Not Suitable,2,2,True,False
IMG_20260508_145200.jpg,5,Pork Ham,not fresh,10:48:51,E:\Thesis Code\processed_hsv_lab_threshold_roi_224\sample 5\not fresh\IMG_20260508_145200.jpg,pork_ham_sample_5,ham,cross_rotation,all,meatlens,all,all,all,file_destination,E:\Thesis Code\processed_hsv_lab_threshold_roi_224\sample 5\not fresh\IMG_20260508_145200.jpg,False,researcher_home,new_phone,,not fresh,not fresh,0.017084898,0.9799686,0.0029464595,not fresh,0.9799686,fresh,0.017084898,0.9970535,0.9628837,0,True,True,True,False,False,False,Likely Not Fresh,Consume Immediately / Manual inspection recommended,55.636227,Consume Immediately,1,1,True,False
20260516_143430.jpg,8,Pork Loin,not fresh,10:33:10,E:\Thesis Code\processed_hsv_lab_threshold_roi_224\sample 8\not fresh\20260516_143430.jpg,pork_loin_sample_8,loin,cross_rotation,all,meatlens,all,all,all,file_destination,E:\Thesis Code\processed_hsv_lab_threshold_roi_224\sample 8\not fresh\20260516_143430.jpg,False,partner_home,new_phone,,not fresh,not fresh,0.02886968,0.92813873,0.042991582,not fresh,0.92813873,spoiled,0.042991582,0.9711303,0.88514715,0,True,True,True,False,False,False,Likely Not Fresh,Consume Immediately / Manual inspection recommended,54.364513,Consume Immediately,1,1,True,False
20260429_065415.jpg,4,Pork Belly,fresh,00:16:55,E:\Thesis Code\processed_hsv_lab_threshold_roi_224\sample 4\fresh\20260429_065415.jpg,pork_belly_sample_4,belly,cross_rotation,all,meatlens,all,all,all,file_destination,E:\Thesis Code\processed_hsv_lab_threshold_roi_224\sample 4\fresh\20260429_065415.jpg,False,partner_home,old_phone,,fresh,fresh,0.99291044,0.0037878498,0.0033016268,fresh,0.99291044,not fresh,0.0037878498,0.9966983,0.98912257,0,True,True,True,False,False,False,Likely Fresh,Good for Consumption,99.532394,Good for Consumption,0,0,True,False
20260426_010345.jpg,1,Pork Shoulder,spoiled,44:56:41,E:\Thesis Code\processed_hsv_lab_threshold_roi_224\sample 1\spoiled\20260426_010345.jpg,pork_shoulder_sample_1,shoulder,cross_rotation,all,meatlens,all,all,all,file_destination,E:\Thesis Code\processed_hsv_lab_threshold_roi_224\sample 1\spoiled\20260426_010345.jpg,False,researcher_home,old_phone,,spoiled,spoiled,4.239709e-07,0.002293713,0.9977058,spoiled,0.9977058,not fresh,0.002293713,0.9999995,0.9954121,0,True,True,True,False,False,False,Likely Spoiled,Not Suitable,10.103254,Not Suitable,2,2,True,False
IMG20260509111212.jpg,6,Pork Ham,spoiled,28:47:38,E:\Thesis Code\processed_hsv_lab_threshold_roi_224\sample 6\spoiled\IMG20260509111212.jpg,pork_ham_sample_6,ham,cross_rotation,all,meatlens,all,all,all,file_destination,E:\Thesis Code\processed_hsv_lab_threshold_roi_224\sample 6\spoiled\IMG20260509111212.jpg,False,partner_home,new_phone,,spoiled,spoiled,8.600888e-05,0.0015832221,0.9983308,spoiled,0.9983308,not fresh,0.0015832221,0.999914,0.99674755,0,True,True,True,False,False,False,Likely Spoiled,Not Suitable,10.078986,Not Suitable,2,2,True,False
20260429_115147.jpg,3,Pork Belly,fresh,02:35:54,E:\Thesis Code\processed_hsv_lab_threshold_roi_224\sample 3\fresh\20260429_115147.jpg,pork_belly_sample_3,belly,cross_rotation,all,meatlens,all,all,all,file_destination,E:\Thesis Code\processed_hsv_lab_threshold_roi_224\sample 3\fresh\20260429_115147.jpg,False,researcher_home,old_phone,,fresh,fresh,0.6376419,0.33883482,0.02352331,fresh,0.6376419,not fresh,0.33883482,0.9764767,0.29880708,0,True,True,True,False,True,False,Borderline Fresh / Early Not Fresh,Consume Immediately / Check carefully,82.63534,Good for Consumption,0,0,True,False
IMG_20260509_083827.jpg,5,Pork Ham,spoiled,22:16:17,E:\Thesis Code\processed_hsv_lab_threshold_roi_224\sample 5\spoiled\IMG_20260509_083827.jpg,pork_ham_sample_5,ham,cross_rotation,all,meatlens,all,all,all,file_destination,E:\Thesis Code\processed_hsv_lab_threshold_roi_224\sample 5\spoiled\IMG_20260509_083827.jpg,False,researcher_home,new_phone,,spoiled,spoiled,0.00029248936,0.0026927234,0.99701476,spoiled,0.99701476,not fresh,0.0026927234,0.99970746,0.99432206,0,True,True,True,False,False,False,Likely Spoiled,Not Suitable,10.147496,Not Suitable,2,2,True,False
IMG_20260518_112750.jpg,7,Pork Loin,spoiled,28:14:28,E:\Thesis Code\processed_hsv_lab_threshold_roi_224\sample 7\spoiled\IMG_20260518_112750.jpg,pork_loin_sample_7,loin,cross_rotation,all,meatlens,all,all,all,file_destination,E:\Thesis Code\processed_hsv_lab_threshold_roi_224\sample 7\spoiled\IMG_20260518_112750.jpg,False,researcher_home,new_phone,,spoiled,spoiled,2.3854382e-05,0.0007732118,0.9992029,spoiled,0.9992029,not fresh,0.0007732118,0.9999761,0.9984297,0,True,True,True,False,False,False,Likely Spoiled,Not Suitable,10.036942,Not Suitable,2,2,True,False
20260423_152704.jpg,2,Pork Shoulder,not fresh,11:07:32,E:\Thesis Code\processed_hsv_lab_threshold_roi_224\sample 2\not fresh\20260423_152704.jpg,pork_shoulder_sample_2,shoulder,cross_rotation,all,meatlens,all,all,all,file_destination,E:\Thesis Code\processed_hsv_lab_threshold_roi_224\sample 2\not fresh\20260423_152704.jpg,False,partner_home,old_phone,,not fresh,not fresh,0.006082472,0.97112715,0.022790419,not fresh,0.97112715,spoiled,0.022790419,0.9939176,0.9483367,0,True,True,True,False,False,False,Likely Not Fresh,Consume Immediately / Manual inspection recommended,54.248146,Consume Immediately,1,1,True,False
IMG_20260508_171144.jpg,5,Pork Ham,not fresh,13:06:20,E:\Thesis Code\processed_hsv_lab_threshold_roi_224\sample 5\not fresh\IMG_20260508_171144.jpg,pork_ham_sample_5,ham,cross_rotation,all,meatlens,all,all,all,file_destination,E:\Thesis Code\processed_hsv_lab_threshold_roi_224\sample 5\not fresh\IMG_20260508_171144.jpg,False,researcher_home,new_phone,,not fresh,not fresh,0.016009374,0.98138434,0.0026063053,not fresh,0.98138434,fresh,0.016009374,0.9973937,0.96537495,0,True,True,True,False,False,False,Likely Not Fresh,Consume Immediately / Manual inspection recommended,55.603138,Consume Immediately,1,1,True,False
20260429_060301.jpg,3,Pork Belly,fresh,05:52:49,E:\Thesis Code\processed_hsv_lab_threshold_roi_224\sample 3\fresh\20260429_060301.jpg,pork_belly_sample_3,belly,cross_rotation,all,meatlens,all,all,all,file_destination,E:\Thesis Code\processed_hsv_lab_threshold_roi_224\sample 3\fresh\20260429_060301.jpg,False,researcher_home,old_phone,,fresh,fresh,0.9915999,0.008113357,0.00028679628,fresh,0.9915999,not fresh,0.008113357,0.9997133,0.98348653,0,True,True,True,False,False,False,Likely Fresh,Good for Consumption,99.60909,Good for Consumption,0,0,True,False
SPOILED-1-_JPG.rf.db85609c4302c4a3528ae889690aeafe.jpg,12,Various Pork Meat,spoiled,,E:\Thesis Code\processed_hsv_lab_threshold_roi_224\sample 12\spoiled\SPOILED-1-_JPG.rf.db85609c4302c4a3528ae889690aeafe.jpg,various_pork_meat_sample_12,various,cross_rotation,all,public_dataset_2,all,all,all,file_destination,E:\Thesis Code\processed_hsv_lab_threshold_roi_224\sample 12\spoiled\SPOILED-1-_JPG.rf.db85609c4302c4a3528ae889690aeafe.jpg,False,public_dataset_2,public_dataset_2,,spoiled,spoiled,0.007667013,0.052387245,0.93994576,spoiled,0.93994576,not fresh,0.052387245,0.992333,0.8875585,0,True,True,True,False,False,False,Likely Spoiled,Not Suitable,13.047458,Not Suitable,2,2,True,False
20260516_144631.jpg,8,Pork Loin,not fresh,10:47:56,E:\Thesis Code\processed_hsv_lab_threshold_roi_224\sample 8\not fresh\20260516_144631.jpg,pork_loin_sample_8,loin,cross_rotation,all,meatlens,all,all,all,file_destination,E:\Thesis Code\processed_hsv_lab_threshold_roi_224\sample 8\not fresh\20260516_144631.jpg,False,partner_home,new_phone,,not fresh,not fresh,0.028822828,0.91309357,0.058083612,not fresh,0.91309357,spoiled,0.058083612,0.97117716,0.85501,0,True,True,True,False,False,False,Likely Not Fresh,Consume Immediately / Manual inspection recommended,53.683266,Consume Immediately,1,1,True,False
IMG_20260508_143500.jpg,5,Pork Ham,not fresh,10:31:58,E:\Thesis Code\processed_hsv_lab_threshold_roi_224\sample 5\not fresh\IMG_20260508_143500.jpg,pork_ham_sample_5,ham,cross_rotation,all,meatlens,all,all,all,file_destination,E:\Thesis Code\processed_hsv_lab_threshold_roi_224\sample 5\not fresh\IMG_20260508_143500.jpg,False,researcher_home,new_phone,,not fresh,not fresh,0.19920926,0.79741865,0.0033721323,not fresh,0.79741865,fresh,0.19920926,0.9966279,0.5982094,0,True,True,True,False,True,False,Borderline Fresh / Early Not Fresh,Consume Immediately / Check carefully,63.81267,Consume Immediately,1,1,True,False
20260424_140646.jpg,1,Pork Shoulder,not fresh,10:05:26,E:\Thesis Code\processed_hsv_lab_threshold_roi_224\sample 1\not fresh\20260424_140646.jpg,pork_shoulder_sample_1,shoulder,cross_rotation,all,meatlens,all,all,all,file_destination,E:\Thesis Code\processed_hsv_lab_threshold_roi_224\sample 1\not fresh\20260424_140646.jpg,False,researcher_home,old_phone,,not fresh,not fresh,0.008687924,0.9750181,0.016294006,not fresh,0.9750181,spoiled,0.016294006,0.9913121,0.9587241,0,True,True,True,False,False,False,Likely Not Fresh,Consume Immediately / Manual inspection recommended,54.657726,Consume Immediately,1,1,True,False
20260703_220932.jpg,10,Pork Belly,spoiled,24:00:00,E:\Thesis Code\processed_hsv_lab_threshold_roi_224\sample 10\spoiled\20260703_220932.jpg,pork_belly_sample_10,belly,cross_rotation,all,public_dataset_2,all,all,all,file_destination,E:\Thesis Code\processed_hsv_lab_threshold_roi_224\sample 10\spoiled\20260703_220932.jpg,False,public_dataset_2,public_dataset_2,,spoiled,spoiled,0.004543395,0.13511005,0.86034656,spoiled,0.86034656,not fresh,0.13511005,0.9954566,0.72523654,0,True,True,True,False,True,False,Borderline Spoiled / Advanced Not Fresh,Not Suitable / Manual inspection recommended,16.488857,Not Suitable,2,2,True,False
IMG20260508091300.jpg,6,Pork Ham,fresh,04:17:29,E:\Thesis Code\processed_hsv_lab_threshold_roi_224\sample 6\fresh\IMG20260508091300.jpg,pork_ham_sample_6,ham,cross_rotation,all,meatlens,all,all,all,file_destination,E:\Thesis Code\processed_hsv_lab_threshold_roi_224\sample 6\fresh\IMG20260508091300.jpg,False,partner_home,new_phone,,fresh,fresh,0.9190474,0.07838829,0.0025643504,fresh,0.9190474,not fresh,0.07838829,0.9974357,0.84065914,0,True,True,True,False,False,False,Likely Fresh,Good for Consumption,96.24174,Good for Consumption,0,0,True,False
20260423_130420.jpg,2,Pork Shoulder,not fresh,09:06:20,E:\Thesis Code\processed_hsv_lab_threshold_roi_224\sample 2\not fresh\20260423_130420.jpg,pork_shoulder_sample_2,shoulder,cross_rotation,all,meatlens,all,all,all,file_destination,E:\Thesis Code\processed_hsv_lab_threshold_roi_224\sample 2\not fresh\20260423_130420.jpg,False,partner_home,old_phone,,not fresh,not fresh,0.029023502,0.9427684,0.028208038,not fresh,0.9427684,fresh,0.029023502,0.9717919,0.91374487,0,True,True,True,False,False,False,Likely Not Fresh,Consume Immediately / Manual inspection recommended,55.036694,Consume Immediately,1,1,True,False
IMG_20260517_160034.jpg,7,Pork Loin,not fresh,10:28:57,E:\Thesis Code\processed_hsv_lab_threshold_roi_224\sample 7\not fresh\IMG_20260517_160034.jpg,pork_loin_sample_7,loin,cross_rotation,all,meatlens,all,all,all,file_destination,E:\Thesis Code\processed_hsv_lab_threshold_roi_224\sample 7\not fresh\IMG_20260517_160034.jpg,False,researcher_home,new_phone,,not fresh,not fresh,0.010628506,0.9549539,0.034417663,not fresh,0.9549539,spoiled,0.034417663,0.9893716,0.9205362,0,True,True,True,False,False,False,Likely Not Fresh,Consume Immediately / Manual inspection recommended,53.929493,Consume Immediately,1,1,True,False
20260430_231856.jpg,3,Pork Belly,spoiled,33:35:17,E:\Thesis Code\processed_hsv_lab_threshold_roi_224\sample 3\spoiled\20260430_231856.jpg,pork_belly_sample_3,belly,cross_rotation,all,meatlens,all,all,all,file_destination,E:\Thesis Code\processed_hsv_lab_threshold_roi_224\sample 3\spoiled\20260430_231856.jpg,False,researcher_home,old_phone,,spoiled,spoiled,1.1343645e-05,0.0004332737,0.9995554,spoiled,0.9995554,not fresh,0.0004332737,0.9999887,0.99912214,0,True,True,True,False,False,False,Likely Spoiled,Not Suitable,10.020518,Not Suitable,2,2,True,False
20260517_163915.jpg,8,Pork Loin,spoiled,35:17:47,E:\Thesis Code\processed_hsv_lab_threshold_roi_224\sample 8\spoiled\20260517_163915.jpg,pork_loin_sample_8,loin,cross_rotation,all,meatlens,all,all,all,file_destination,E:\Thesis Code\processed_hsv_lab_threshold_roi_224\sample 8\spoiled\20260517_163915.jpg,False,partner_home,new_phone,,spoiled,spoiled,9.996575e-06,0.005348874,0.99464107,spoiled,0.99464107,not fresh,0.005348874,0.9999899,0.9892922,0,True,True,True,False,False,False,Likely Spoiled,Not Suitable,10.241598,Not Suitable,2,2,True,False
20260703_091530.jpg,10,Pork Belly,fresh,04:00:00,E:\Thesis Code\processed_hsv_lab_threshold_roi_224\sample 10\fresh\20260703_091530.jpg,pork_belly_sample_10,belly,cross_rotation,all,public_dataset_2,all,all,all,file_destination,E:\Thesis Code\processed_hsv_lab_threshold_roi_224\sample 10\fresh\20260703_091530.jpg,False,public_dataset_2,public_dataset_2,,fresh,fresh,0.9483096,0.050610278,0.0010801834,fresh,0.9483096,not fresh,0.050610278,0.9989199,0.8976993,0,True,True,True,False,False,False,Likely Fresh,Good for Consumption,97.62533,Good for Consumption,0,0,True,False
20260424_060221.jpg,1,Pork Shoulder,fresh,00:04:49,E:\Thesis Code\processed_hsv_lab_threshold_roi_224\sample 1\fresh\20260424_060221.jpg,pork_shoulder_sample_1,shoulder,cross_rotation,all,meatlens,all,all,all,file_destination,E:\Thesis Code\processed_hsv_lab_threshold_roi_224\sample 1\fresh\20260424_060221.jpg,False,researcher_home,old_phone,,fresh,fresh,0.9040703,0.094582126,0.0013475497,fresh,0.9040703,not fresh,0.094582126,0.99865246,0.8094882,0,True,True,True,False,False,False,Likely Fresh,Good for Consumption,95.62252,Good for Consumption,0,0,True,False
20260625_160229.jpg,9,Pork Hind Leg,spoiled,24:00:00,E:\Thesis Code\processed_hsv_lab_threshold_roi_224\sample 9\spoiled\20260625_160229.jpg,pork_hind_leg_sample_9,hind_leg,cross_rotation,all,public_dataset_2,all,all,all,file_destination,E:\Thesis Code\processed_hsv_lab_threshold_roi_224\sample 9\spoiled\20260625_160229.jpg,False,public_dataset_2,public_dataset_2,,spoiled,spoiled,0.009953411,0.0036960926,0.9863505,spoiled,0.9863505,fresh,0.009953411,0.9963039,0.97639704,0,True,True,True,False,False,False,Likely Spoiled,Not Suitable,11.062131,Not Suitable,2,2,False,False
20260516_083635.jpg,8,Pork Loin,fresh,03:24:43,E:\Thesis Code\processed_hsv_lab_threshold_roi_224\sample 8\fresh\20260516_083635.jpg,pork_loin_sample_8,loin,cross_rotation,all,meatlens,all,all,all,file_destination,E:\Thesis Code\processed_hsv_lab_threshold_roi_224\sample 8\fresh\20260516_083635.jpg,False,partner_home,new_phone,,fresh,fresh,0.9823622,0.017160939,0.00047689534,fresh,0.9823622,not fresh,0.017160939,0.99952316,0.96520126,0,True,True,True,False,False,False,Likely Fresh,Good for Consumption,99.184845,Good for Consumption,0,0,True,False
20260516_072323.jpg,8,Pork Loin,fresh,00:23:13,E:\Thesis Code\processed_hsv_lab_threshold_roi_224\sample 8\fresh\20260516_072323.jpg,pork_loin_sample_8,loin,cross_rotation,all,meatlens,all,all,all,file_destination,E:\Thesis Code\processed_hsv_lab_threshold_roi_224\sample 8\fresh\20260516_072323.jpg,False,partner_home,new_phone,,fresh,fresh,0.98479384,0.014509945,0.0006961561,fresh,0.98479384,not fresh,0.014509945,0.99930376,0.9702839,0,True,True,True,False,False,False,Likely Fresh,Good for Consumption,99.28439,Good for Consumption,0,0,True,False
20260429_143904.jpg,4,Pork Belly,not fresh,06:39:48,E:\Thesis Code\processed_hsv_lab_threshold_roi_224\sample 4\not fresh\20260429_143904.jpg,pork_belly_sample_4,belly,cross_rotation,all,meatlens,all,all,all,file_destination,E:\Thesis Code\processed_hsv_lab_threshold_roi_224\sample 4\not fresh\20260429_143904.jpg,False,partner_home,old_phone,,not fresh,not fresh,0.00026494046,0.98531795,0.014417007,not fresh,0.98531795,spoiled,0.014417007,0.99973494,0.97090095,0,True,True,True,False,False,False,Likely Not Fresh,Consume Immediately / Manual inspection recommended,54.36315,Consume Immediately,1,1,True,False
20260703_135127.jpg,10,Pork Belly,not fresh,12:00:00,E:\Thesis Code\processed_hsv_lab_threshold_roi_224\sample 10\not fresh\20260703_135127.jpg,pork_belly_sample_10,belly,cross_rotation,all,public_dataset_2,all,all,all,file_destination,E:\Thesis Code\processed_hsv_lab_threshold_roi_224\sample 10\not fresh\20260703_135127.jpg,False,public_dataset_2,public_dataset_2,,not fresh,not fresh,0.08564221,0.8911194,0.023238432,not fresh,0.8911194,fresh,0.08564221,0.97676164,0.8054772,0,True,True,True,False,True,False,Borderline Fresh / Early Not Fresh,Consume Immediately / Check carefully,57.808174,Consume Immediately,1,1,True,False
20260625_111126.jpg,9,Pork Hind Leg,spoiled,24:00:00,E:\Thesis Code\processed_hsv_lab_threshold_roi_224\sample 9\spoiled\20260625_111126.jpg,pork_hind_leg_sample_9,hind_leg,cross_rotation,all,public_dataset_2,all,all,all,file_destination,E:\Thesis Code\processed_hsv_lab_threshold_roi_224\sample 9\spoiled\20260625_111126.jpg,False,public_dataset_2,public_dataset_2,,spoiled,spoiled,0.046755146,0.021894202,0.93135065,spoiled,0.93135065,fresh,0.046755146,0.9781058,0.8845955,0,True,True,True,False,False,False,Likely Spoiled,Not Suitable,15.193202,Not Suitable,2,2,False,False
09-11-2022 11-58-22_jpg.rf.03Zizz9i5Ox5ma0XhAZC.jpg,11,Various Pork Meat,spoiled,,E:\Thesis Code\processed_hsv_lab_threshold_roi_224\sample 11\spoiled\09-11-2022 11-58-22_jpg.rf.03Zizz9i5Ox5ma0XhAZC.jpg,various_pork_meat_sample_11,various,cross_rotation,all,public_dataset_2,all,all,all,file_destination,E:\Thesis Code\processed_hsv_lab_threshold_roi_224\sample 11\spoiled\09-11-2022 11-58-22_jpg.rf.03Zizz9i5Ox5ma0XhAZC.jpg,False,public_dataset_2,public_dataset_2,,spoiled,spoiled,0.09285031,0.11987631,0.78727335,spoiled,0.78727335,not fresh,0.11987631,0.9071497,0.667397,0,True,True,True,False,True,False,Borderline Spoiled / Advanced Not Fresh,Not Suitable / Manual inspection recommended,23.750961,Not Suitable,2,2,True,False
IMG20260508150922.jpg,6,Pork Ham,not fresh,11:09:03,E:\Thesis Code\processed_hsv_lab_threshold_roi_224\sample 6\not fresh\IMG20260508150922.jpg,pork_ham_sample_6,ham,cross_rotation,all,meatlens,all,all,all,file_destination,E:\Thesis Code\processed_hsv_lab_threshold_roi_224\sample 6\not fresh\IMG20260508150922.jpg,False,partner_home,new_phone,,not fresh,not fresh,0.0082011325,0.9662339,0.025565036,not fresh,0.9662339,spoiled,0.025565036,0.99179894,0.9406689,0,True,True,True,False,False,False,Likely Not Fresh,Consume Immediately / Manual inspection recommended,54.218628,Consume Immediately,1,1,True,False
20260429_225053.jpg,4,Pork Belly,spoiled,18:09:03,E:\Thesis Code\processed_hsv_lab_threshold_roi_224\sample 4\spoiled\20260429_225053.jpg,pork_belly_sample_4,belly,cross_rotation,all,meatlens,all,all,all,file_destination,E:\Thesis Code\processed_hsv_lab_threshold_roi_224\sample 4\spoiled\20260429_225053.jpg,False,partner_home,old_phone,,spoiled,spoiled,0.00037967603,0.038628746,0.9609916,spoiled,0.9609916,not fresh,0.038628746,0.9996204,0.92236286,0,True,True,True,False,False,False,Likely Spoiled,Not Suitable,11.772465,Not Suitable,2,2,True,False
20260516_123544.jpg,8,Pork Loin,not fresh,08:45:32,E:\Thesis Code\processed_hsv_lab_threshold_roi_224\sample 8\not fresh\20260516_123544.jpg,pork_loin_sample_8,loin,cross_rotation,all,meatlens,all,all,all,file_destination,E:\Thesis Code\processed_hsv_lab_threshold_roi_224\sample 8\not fresh\20260516_123544.jpg,False,partner_home,new_phone,,not fresh,not fresh,0.15770234,0.836661,0.005636671,not fresh,0.836661,fresh,0.15770234,0.9943633,0.67895865,0,True,True,True,False,True,False,Borderline Fresh / Early Not Fresh,Consume Immediately / Check carefully,61.842957,Consume Immediately,1,1,True,False
20260516_150234.jpg,8,Pork Loin,not fresh,11:06:56,E:\Thesis Code\processed_hsv_lab_threshold_roi_224\sample 8\not fresh\20260516_150234.jpg,pork_loin_sample_8,loin,cross_rotation,all,meatlens,all,all,all,file_destination,E:\Thesis Code\processed_hsv_lab_threshold_roi_224\sample 8\not fresh\20260516_150234.jpg,False,partner_home,new_phone,,not fresh,not fresh,0.009111311,0.9102001,0.0806886,not fresh,0.9102001,spoiled,0.0806886,0.9908887,0.8295115,0,True,True,True,False,False,False,Likely Not Fresh,Consume Immediately / Manual inspection recommended,51.779022,Consume Immediately,1,1,True,False
IMG20260508143550.jpg,6,Pork Ham,not fresh,10:35:17,E:\Thesis Code\processed_hsv_lab_threshold_roi_224\sample 6\not fresh\IMG20260508143550.jpg,pork_ham_sample_6,ham,cross_rotation,all,meatlens,all,all,all,file_destination,E:\Thesis Code\processed_hsv_lab_threshold_roi_224\sample 6\not fresh\IMG20260508143550.jpg,False,partner_home,new_phone,,not fresh,not fresh,0.023526557,0.95193726,0.024536202,not fresh,0.95193726,spoiled,0.024536202,0.97647345,0.92740107,0,True,True,True,False,False,False,Likely Not Fresh,Consume Immediately / Manual inspection recommended,54.954567,Consume Immediately,1,1,True,False
IMG20260508105636.jpg,6,Pork Ham,fresh,06:55:47,E:\Thesis Code\processed_hsv_lab_threshold_roi_224\sample 6\fresh\IMG20260508105636.jpg,pork_ham_sample_6,ham,cross_rotation,all,meatlens,all,all,all,file_destination,E:\Thesis Code\processed_hsv_lab_threshold_roi_224\sample 6\fresh\IMG20260508105636.jpg,False,partner_home,new_phone,,fresh,fresh,0.62379694,0.36995557,0.0062474567,fresh,0.62379694,not fresh,0.36995557,0.9937525,0.25384137,0,True,True,True,False,True,False,Borderline Fresh / Early Not Fresh,Consume Immediately / Check carefully,82.78973,Good for Consumption,0,0,True,False
IMG20260423063327.jpg,2,Pork Shoulder,fresh,00:18:05,E:\Thesis Code\processed_hsv_lab_threshold_roi_224\sample 2\fresh\IMG20260423063327.jpg,pork_shoulder_sample_2,shoulder,cross_rotation,all,meatlens,all,all,all,file_destination,E:\Thesis Code\processed_hsv_lab_threshold_roi_224\sample 2\fresh\IMG20260423063327.jpg,False,partner_home,old_phone,,fresh,fresh,0.99796534,0.0003588377,0.0016758722,fresh,0.99796534,spoiled,0.0016758722,0.9996412,0.9962895,0,True,True,True,False,False,False,Likely Fresh,Good for Consumption,99.83303,Good for Consumption,0,0,False,False
IMG20260423094609.jpg,2,Pork Shoulder,fresh,05:18:24,E:\Thesis Code\processed_hsv_lab_threshold_roi_224\sample 2\fresh\IMG20260423094609.jpg,pork_shoulder_sample_2,shoulder,cross_rotation,all,meatlens,all,all,all,file_destination,E:\Thesis Code\processed_hsv_lab_threshold_roi_224\sample 2\fresh\IMG20260423094609.jpg,False,partner_home,old_phone,,fresh,fresh,0.98828864,0.009441871,0.0022694902,fresh,0.98828864,not fresh,0.009441871,0.9977305,0.9788468,0,True,True,True,False,False,False,Likely Fresh,Good for Consumption,99.370865,Good for Consumption,0,0,True,False
20260625_171911.jpg,9,Pork Hind Leg,spoiled,24:00:00,E:\Thesis Code\processed_hsv_lab_threshold_roi_224\sample 9\spoiled\20260625_171911.jpg,pork_hind_leg_sample_9,hind_leg,cross_rotation,all,public_dataset_2,all,all,all,file_destination,E:\Thesis Code\processed_hsv_lab_threshold_roi_224\sample 9\spoiled\20260625_171911.jpg,False,public_dataset_2,public_dataset_2,,spoiled,spoiled,0.0065982505,0.0045670713,0.9888347,spoiled,0.9888347,fresh,0.0065982505,0.9954329,0.98223644,0,True,True,True,False,False,False,Likely Spoiled,Not Suitable,10.799361,Not Suitable,2,2,False,False
IMG_20260518_152725.jpg,7,Pork Loin,spoiled,32:01:49,E:\Thesis Code\processed_hsv_lab_threshold_roi_224\sample 7\spoiled\IMG_20260518_152725.jpg,pork_loin_sample_7,loin,cross_rotation,all,meatlens,all,all,all,file_destination,E:\Thesis Code\processed_hsv_lab_threshold_roi_224\sample 7\spoiled\IMG_20260518_152725.jpg,False,researcher_home,new_phone,,spoiled,spoiled,4.6872952e-05,0.00040561167,0.99954754,spoiled,0.99954754,not fresh,0.00040561167,0.99995315,0.99914193,0,True,True,True,False,False,False,Likely Spoiled,Not Suitable,10.022471,Not Suitable,2,2,True,False
IMG_20260517_180834.jpg,7,Pork Loin,not fresh,12:20:48,E:\Thesis Code\processed_hsv_lab_threshold_roi_224\sample 7\not fresh\IMG_20260517_180834.jpg,pork_loin_sample_7,loin,cross_rotation,all,meatlens,all,all,all,file_destination,E:\Thesis Code\processed_hsv_lab_threshold_roi_224\sample 7\not fresh\IMG_20260517_180834.jpg,False,researcher_home,new_phone,,not fresh,not fresh,0.0018802676,0.8990672,0.09905244,not fresh,0.8990672,spoiled,0.09905244,0.99811965,0.8000148,0,True,True,True,False,True,False,Borderline Spoiled / Advanced Not Fresh,Not Suitable / Manual inspection recommended,50.627247,Consume Immediately,1,1,True,False
20260624_190120.jpg,9,Pork Hind Leg,spoiled,24:00:00,E:\Thesis Code\processed_hsv_lab_threshold_roi_224\sample 9\spoiled\20260624_190120.jpg,pork_hind_leg_sample_9,hind_leg,cross_rotation,all,public_dataset_2,all,all,all,file_destination,E:\Thesis Code\processed_hsv_lab_threshold_roi_224\sample 9\spoiled\20260624_190120.jpg,False,public_dataset_2,public_dataset_2,,spoiled,not fresh,0.11326166,0.51253647,0.37420192,not fresh,0.51253647,spoiled,0.37420192,0.8867384,0.13833454,1,False,True,True,False,True,True,Borderline Spoiled / Advanced Not Fresh,Not Suitable / Manual inspection recommended,43.25769,Consume Immediately,1,2,True,False
IMG_20260517_101116.jpg,7,Pork Loin,fresh,01:43:34,E:\Thesis Code\processed_hsv_lab_threshold_roi_224\sample 7\fresh\IMG_20260517_101116.jpg,pork_loin_sample_7,loin,cross_rotation,all,meatlens,all,all,all,file_destination,E:\Thesis Code\processed_hsv_lab_threshold_roi_224\sample 7\fresh\IMG_20260517_101116.jpg,False,researcher_home,new_phone,,fresh,fresh,0.99263704,0.00691239,0.0004506633,fresh,0.99263704,not fresh,0.00691239,0.99954945,0.9857246,0,True,True,True,False,False,False,Likely Fresh,Good for Consumption,99.64839,Good for Consumption,0,0,True,False
IMG_20260518_134751.jpg,7,Pork Loin,spoiled,30:27:44,E:\Thesis Code\processed_hsv_lab_threshold_roi_224\sample 7\spoiled\IMG_20260518_134751.jpg,pork_loin_sample_7,loin,cross_rotation,all,meatlens,all,all,all,file_destination,E:\Thesis Code\processed_hsv_lab_threshold_roi_224\sample 7\spoiled\IMG_20260518_134751.jpg,False,researcher_home,new_phone,,spoiled,spoiled,0.0013223416,0.014593407,0.9840843,spoiled,0.9840843,not fresh,0.014593407,0.99867773,0.9694909,0,True,True,True,False,False,False,Likely Spoiled,Not Suitable,10.775715,Not Suitable,2,2,True,False
20260516_075328.jpg,8,Pork Loin,fresh,01:37:05,E:\Thesis Code\processed_hsv_lab_threshold_roi_224\sample 8\fresh\20260516_075328.jpg,pork_loin_sample_8,loin,cross_rotation,all,meatlens,all,all,all,file_destination,E:\Thesis Code\processed_hsv_lab_threshold_roi_224\sample 8\fresh\20260516_075328.jpg,False,partner_home,new_phone,,fresh,fresh,0.98765296,0.012102625,0.00024445623,fresh,0.98765296,not fresh,0.012102625,0.99975556,0.97555035,0,True,True,True,False,False,False,Likely Fresh,Good for Consumption,99.43339,Good for Consumption,0,0,True,False
IMG_20260518_153525.jpg,7,Pork Loin,spoiled,32:09:39,E:\Thesis Code\processed_hsv_lab_threshold_roi_224\sample 7\spoiled\IMG_20260518_153525.jpg,pork_loin_sample_7,loin,cross_rotation,all,meatlens,all,all,all,file_destination,E:\Thesis Code\processed_hsv_lab_threshold_roi_224\sample 7\spoiled\IMG_20260518_153525.jpg,False,researcher_home,new_phone,,spoiled,spoiled,2.1047654e-05,0.0002774549,0.99970144,spoiled,0.99970144,not fresh,0.0002774549,0.9999789,0.999424,0,True,True,True,False,False,False,Likely Spoiled,Not Suitable,10.0143795,Not Suitable,2,2,True,False
IMG_20260508_173423.jpg,5,Pork Ham,not fresh,13:23:13,E:\Thesis Code\processed_hsv_lab_threshold_roi_224\sample 5\not fresh\IMG_20260508_173423.jpg,pork_ham_sample_5,ham,cross_rotation,all,meatlens,all,all,all,file_destination,E:\Thesis Code\processed_hsv_lab_threshold_roi_224\sample 5\not fresh\IMG_20260508_173423.jpg,False,researcher_home,new_phone,,not fresh,not fresh,0.007061543,0.7436192,0.2493193,not fresh,0.7436192,spoiled,0.2493193,0.9929385,0.4942999,0,True,True,True,False,True,False,Borderline Spoiled / Advanced Not Fresh,Not Suitable / Manual inspection recommended,44.098404,Consume Immediately,1,1,True,False
20260429_075554.jpg,4,Pork Belly,fresh,05:14:06,E:\Thesis Code\processed_hsv_lab_threshold_roi_224\sample 4\fresh\20260429_075554.jpg,pork_belly_sample_4,belly,cross_rotation,all,meatlens,all,all,all,file_destination,E:\Thesis Code\processed_hsv_lab_threshold_roi_224\sample 4\fresh\20260429_075554.jpg,False,partner_home,old_phone,,fresh,fresh,0.9915282,0.004772347,0.0036995595,fresh,0.9915282,not fresh,0.004772347,0.9963006,0.98675585,0,True,True,True,False,False,False,Likely Fresh,Good for Consumption,99.45229,Good for Consumption,0,0,True,False
20260423_105551.jpg,2,Pork Shoulder,not fresh,06:45:14,E:\Thesis Code\processed_hsv_lab_threshold_roi_224\sample 2\not fresh\20260423_105551.jpg,pork_shoulder_sample_2,shoulder,cross_rotation,all,meatlens,all,all,all,file_destination,E:\Thesis Code\processed_hsv_lab_threshold_roi_224\sample 2\not fresh\20260423_105551.jpg,False,partner_home,old_phone,,not fresh,not fresh,0.035289887,0.9578745,0.0068355706,not fresh,0.9578745,fresh,0.035289887,0.99316436,0.9225846,0,True,True,True,False,False,False,Likely Not Fresh,Consume Immediately / Manual inspection recommended,56.28044,Consume Immediately,1,1,True,False
IMG_20260508_190324.jpg,5,Pork Ham,not fresh,14:52:28,E:\Thesis Code\processed_hsv_lab_threshold_roi_224\sample 5\not fresh\IMG_20260508_190324.jpg,pork_ham_sample_5,ham,cross_rotation,all,meatlens,all,all,all,file_destination,E:\Thesis Code\processed_hsv_lab_threshold_roi_224\sample 5\not fresh\IMG_20260508_190324.jpg,False,researcher_home,new_phone,,not fresh,spoiled,0.11443483,0.42268637,0.46287885,spoiled,0.46287885,not fresh,0.42268637,0.8855652,0.040192485,1,False,True,True,False,True,True,Borderline Spoiled / Advanced Not Fresh,Not Suitable / Manual inspection recommended,39.320023,Not Suitable,2,1,True,False
20260429_180026.jpg,3,Pork Belly,not fresh,13:56:59,E:\Thesis Code\processed_hsv_lab_threshold_roi_224\sample 3\not fresh\20260429_180026.jpg,pork_belly_sample_3,belly,cross_rotation,all,meatlens,all,all,all,file_destination,E:\Thesis Code\processed_hsv_lab_threshold_roi_224\sample 3\not fresh\20260429_180026.jpg,False,researcher_home,old_phone,,not fresh,not fresh,0.09346442,0.87219584,0.034339756,not fresh,0.87219584,fresh,0.09346442,0.9656603,0.7787314,0,True,True,True,False,True,False,Borderline Fresh / Early Not Fresh,Consume Immediately / Check carefully,57.66061,Consume Immediately,1,1,True,False
IMG20260423080202.jpg,2,Pork Shoulder,fresh,02:35:35,E:\Thesis Code\processed_hsv_lab_threshold_roi_224\sample 2\fresh\IMG20260423080202.jpg,pork_shoulder_sample_2,shoulder,cross_rotation,all,meatlens,all,all,all,file_destination,E:\Thesis Code\processed_hsv_lab_threshold_roi_224\sample 2\fresh\IMG20260423080202.jpg,False,partner_home,old_phone,,fresh,fresh,0.99561465,0.003450213,0.0009350719,fresh,0.99561465,not fresh,0.003450213,0.99906486,0.99216443,0,True,True,True,False,False,False,Likely Fresh,Good for Consumption,99.760574,Good for Consumption,0,0,True,False
20260703_191909.jpg,10,Pork Belly,spoiled,24:00:00,E:\Thesis Code\processed_hsv_lab_threshold_roi_224\sample 10\spoiled\20260703_191909.jpg,pork_belly_sample_10,belly,cross_rotation,all,public_dataset_2,all,all,all,file_destination,E:\Thesis Code\processed_hsv_lab_threshold_roi_224\sample 10\spoiled\20260703_191909.jpg,False,public_dataset_2,public_dataset_2,,spoiled,spoiled,0.003918154,0.22050002,0.77558184,spoiled,0.77558184,not fresh,0.22050002,0.9960818,0.55508184,0,True,True,True,False,True,False,Borderline Spoiled / Advanced Not Fresh,Not Suitable / Manual inspection recommended,20.275135,Not Suitable,2,2,True,False
IMG20260509112312.jpg,6,Pork Ham,spoiled,19:13:34,E:\Thesis Code\processed_hsv_lab_threshold_roi_224\sample 6\spoiled\IMG20260509112312.jpg,pork_ham_sample_6,ham,cross_rotation,all,meatlens,all,all,all,file_destination,E:\Thesis Code\processed_hsv_lab_threshold_roi_224\sample 6\spoiled\IMG20260509112312.jpg,False,partner_home,new_phone,,spoiled,spoiled,2.9574201e-05,0.0024500736,0.9975204,spoiled,0.9975204,not fresh,0.0024500736,0.99997044,0.99507034,0,True,True,True,False,False,False,Likely Spoiled,Not Suitable,10.112915,Not Suitable,2,2,True,False
IMG20260508134447.jpg,6,Pork Ham,not fresh,09:44:37,E:\Thesis Code\processed_hsv_lab_threshold_roi_224\sample 6\not fresh\IMG20260508134447.jpg,pork_ham_sample_6,ham,cross_rotation,all,meatlens,all,all,all,file_destination,E:\Thesis Code\processed_hsv_lab_threshold_roi_224\sample 6\not fresh\IMG20260508134447.jpg,False,partner_home,new_phone,,not fresh,not fresh,0.011368943,0.95683885,0.031792216,not fresh,0.95683885,spoiled,0.031792216,0.98863107,0.9250466,0,True,True,True,False,False,False,Likely Not Fresh,Consume Immediately / Manual inspection recommended,54.08095,Consume Immediately,1,1,True,False
HALF-FRESH-801-_JPG.rf.5bc8f0353a546d9c799de732f96df788.jpg,12,Various Pork Meat,not fresh,,E:\Thesis Code\processed_hsv_lab_threshold_roi_224\sample 12\not fresh\HALF-FRESH-801-_JPG.rf.5bc8f0353a546d9c799de732f96df788.jpg,various_pork_meat_sample_12,various,cross_rotation,all,public_dataset_2,all,all,all,file_destination,E:\Thesis Code\processed_hsv_lab_threshold_roi_224\sample 12\not fresh\HALF-FRESH-801-_JPG.rf.5bc8f0353a546d9c799de732f96df788.jpg,False,public_dataset_2,public_dataset_2,,not fresh,not fresh,0.30051214,0.6028587,0.096629106,not fresh,0.6028587,fresh,0.30051214,0.90337086,0.3023466,0,True,True,True,False,True,False,Borderline Fresh / Early Not Fresh,Consume Immediately / Check carefully,64.174736,Consume Immediately,1,1,True,False
20260624_164614.jpg,9,Pork Hind Leg,not fresh,12:00:00,E:\Thesis Code\processed_hsv_lab_threshold_roi_224\sample 9\not fresh\20260624_164614.jpg,pork_hind_leg_sample_9,hind_leg,cross_rotation,all,public_dataset_2,all,all,all,file_destination,E:\Thesis Code\processed_hsv_lab_threshold_roi_224\sample 9\not fresh\20260624_164614.jpg,False,public_dataset_2,public_dataset_2,,not fresh,not fresh,0.110844955,0.74529415,0.14386083,not fresh,0.74529415,spoiled,0.14386083,0.889155,0.60143334,0,True,True,True,False,True,False,Borderline Spoiled / Advanced Not Fresh,Not Suitable / Manual inspection recommended,53.514282,Consume Immediately,1,1,True,False
20260704_165944.jpg,10,Pork Belly,spoiled,24:00:00,E:\Thesis Code\processed_hsv_lab_threshold_roi_224\sample 10\spoiled\20260704_165944.jpg,pork_belly_sample_10,belly,cross_rotation,all,public_dataset_2,all,all,all,file_destination,E:\Thesis Code\processed_hsv_lab_threshold_roi_224\sample 10\spoiled\20260704_165944.jpg,False,public_dataset_2,public_dataset_2,,spoiled,spoiled,0.0077742985,0.0104196025,0.9818061,spoiled,0.9818061,not fresh,0.0104196025,0.9922257,0.9713865,0,True,True,True,False,False,False,Likely Spoiled,Not Suitable,11.168569,Not Suitable,2,2,True,False
20260430_201351.jpg,4,Pork Belly,spoiled,35:16:35,E:\Thesis Code\processed_hsv_lab_threshold_roi_224\sample 4\spoiled\20260430_201351.jpg,pork_belly_sample_4,belly,cross_rotation,all,meatlens,all,all,all,file_destination,E:\Thesis Code\processed_hsv_lab_threshold_roi_224\sample 4\spoiled\20260430_201351.jpg,False,partner_home,old_phone,,spoiled,spoiled,6.208792e-05,0.00538466,0.9945532,spoiled,0.9945532,not fresh,0.00538466,0.9999379,0.9891685,0,True,True,True,False,False,False,Likely Spoiled,Not Suitable,10.247897,Not Suitable,2,2,True,False
20260516_163912.jpg,8,Pork Loin,not fresh,12:25:02,E:\Thesis Code\processed_hsv_lab_threshold_roi_224\sample 8\not fresh\20260516_163912.jpg,pork_loin_sample_8,loin,cross_rotation,all,meatlens,all,all,all,file_destination,E:\Thesis Code\processed_hsv_lab_threshold_roi_224\sample 8\not fresh\20260516_163912.jpg,False,partner_home,new_phone,,not fresh,not fresh,0.0048942952,0.7393438,0.25576195,not fresh,0.7393438,spoiled,0.25576195,0.99510574,0.48358187,0,True,True,True,False,True,False,Borderline Spoiled / Advanced Not Fresh,Not Suitable / Manual inspection recommended,43.71096,Consume Immediately,1,1,True,False
FRESH-201-_JPG.rf.6ad929615006aee0084296e0f2f5b3ad.jpg,12,Various Pork Meat,fresh,,E:\Thesis Code\processed_hsv_lab_threshold_roi_224\sample 12\fresh\FRESH-201-_JPG.rf.6ad929615006aee0084296e0f2f5b3ad.jpg,various_pork_meat_sample_12,various,cross_rotation,all,public_dataset_2,all,all,all,file_destination,E:\Thesis Code\processed_hsv_lab_threshold_roi_224\sample 12\fresh\FRESH-201-_JPG.rf.6ad929615006aee0084296e0f2f5b3ad.jpg,False,public_dataset_2,public_dataset_2,,fresh,fresh,0.975177,0.024797907,2.5151432e-05,fresh,0.975177,not fresh,0.024797907,0.9999749,0.9503791,0,True,True,True,False,False,False,Likely Fresh,Good for Consumption,98.881836,Good for Consumption,0,0,True,False
20260424_112744.jpg,1,Pork Shoulder,fresh,07:09:21,E:\Thesis Code\processed_hsv_lab_threshold_roi_224\sample 1\fresh\20260424_112744.jpg,pork_shoulder_sample_1,shoulder,cross_rotation,all,meatlens,all,all,all,file_destination,E:\Thesis Code\processed_hsv_lab_threshold_roi_224\sample 1\fresh\20260424_112744.jpg,False,researcher_home,old_phone,,fresh,fresh,0.92717046,0.07241837,0.00041114885,fresh,0.92717046,not fresh,0.07241837,0.99958885,0.85475206,0,True,True,True,False,False,False,Likely Fresh,Good for Consumption,96.70417,Good for Consumption,0,0,True,False
20260624_144153.jpg,9,Pork Hind Leg,not fresh,12:00:00,E:\Thesis Code\processed_hsv_lab_threshold_roi_224\sample 9\not fresh\20260624_144153.jpg,pork_hind_leg_sample_9,hind_leg,cross_rotation,all,public_dataset_2,all,all,all,file_destination,E:\Thesis Code\processed_hsv_lab_threshold_roi_224\sample 9\not fresh\20260624_144153.jpg,False,public_dataset_2,public_dataset_2,,not fresh,not fresh,0.25350314,0.7066912,0.039805673,not fresh,0.7066912,fresh,0.25350314,0.96019435,0.45318806,0,True,True,True,False,True,False,Borderline Fresh / Early Not Fresh,Consume Immediately / Check carefully,64.61639,Consume Immediately,1,1,True,False
20260429_071318.jpg,4,Pork Belly,fresh,01:48:43,E:\Thesis Code\processed_hsv_lab_threshold_roi_224\sample 4\fresh\20260429_071318.jpg,pork_belly_sample_4,belly,cross_rotation,all,meatlens,all,all,all,file_destination,E:\Thesis Code\processed_hsv_lab_threshold_roi_224\sample 4\fresh\20260429_071318.jpg,False,partner_home,old_phone,,fresh,fresh,0.99846774,0.0010987113,0.00043346823,fresh,0.99846774,not fresh,0.0010987113,0.99956644,0.99736905,0,True,True,True,False,False,False,Likely Fresh,Good for Consumption,99.91154,Good for Consumption,0,0,True,False
20260429_122047.jpg,3,Pork Belly,not fresh,08:16:53,E:\Thesis Code\processed_hsv_lab_threshold_roi_224\sample 3\not fresh\20260429_122047.jpg,pork_belly_sample_3,belly,cross_rotation,all,meatlens,all,all,all,file_destination,E:\Thesis Code\processed_hsv_lab_threshold_roi_224\sample 3\not fresh\20260429_122047.jpg,False,researcher_home,old_phone,,not fresh,fresh,0.6055771,0.37491134,0.019511534,fresh,0.6055771,not fresh,0.37491134,0.9804884,0.23066577,1,False,True,True,False,True,False,Borderline Fresh / Early Not Fresh,Consume Immediately / Check carefully,81.37295,Good for Consumption,0,1,True,False
IMG_20260509_042726.jpg,5,Pork Ham,spoiled,20:09:39,E:\Thesis Code\processed_hsv_lab_threshold_roi_224\sample 5\spoiled\IMG_20260509_042726.jpg,pork_ham_sample_5,ham,cross_rotation,all,meatlens,all,all,all,file_destination,E:\Thesis Code\processed_hsv_lab_threshold_roi_224\sample 5\spoiled\IMG_20260509_042726.jpg,False,researcher_home,new_phone,,spoiled,spoiled,0.00027565076,0.0025004998,0.99722385,spoiled,0.99722385,not fresh,0.0025004998,0.9997243,0.9947234,0,True,True,True,False,False,False,Likely Spoiled,Not Suitable,10.137331,Not Suitable,2,2,True,False
IMG20260509112843.jpg,6,Pork Ham,spoiled,19:18:24,E:\Thesis Code\processed_hsv_lab_threshold_roi_224\sample 6\spoiled\IMG20260509112843.jpg,pork_ham_sample_6,ham,cross_rotation,all,meatlens,all,all,all,file_destination,E:\Thesis Code\processed_hsv_lab_threshold_roi_224\sample 6\spoiled\IMG20260509112843.jpg,False,partner_home,new_phone,,spoiled,spoiled,7.187285e-05,0.0035900807,0.996338,spoiled,0.996338,not fresh,0.0035900807,0.9999281,0.9927479,0,True,True,True,False,False,False,Likely Spoiled,Not Suitable,10.168022,Not Suitable,2,2,True,False
20260424_095340.jpg,2,Pork Shoulder,spoiled,22:41:36,E:\Thesis Code\processed_hsv_lab_threshold_roi_224\sample 2\spoiled\20260424_095340.jpg,pork_shoulder_sample_2,shoulder,cross_rotation,all,meatlens,all,all,all,file_destination,E:\Thesis Code\processed_hsv_lab_threshold_roi_224\sample 2\spoiled\20260424_095340.jpg,False,partner_home,old_phone,,spoiled,spoiled,0.000488217,0.004015894,0.9954959,spoiled,0.9954959,not fresh,0.004015894,0.99951184,0.99148,0,True,True,True,False,False,False,Likely Spoiled,Not Suitable,10.224655,Not Suitable,2,2,True,False
20260516_085638.jpg,8,Pork Loin,fresh,04:11:09,E:\Thesis Code\processed_hsv_lab_threshold_roi_224\sample 8\fresh\20260516_085638.jpg,pork_loin_sample_8,loin,cross_rotation,all,meatlens,all,all,all,file_destination,E:\Thesis Code\processed_hsv_lab_threshold_roi_224\sample 8\fresh\20260516_085638.jpg,False,partner_home,new_phone,,fresh,fresh,0.9672937,0.031783547,0.00092274824,fresh,0.9672937,not fresh,0.031783547,0.9990772,0.93551016,0,True,True,True,False,False,False,Likely Fresh,Good for Consumption,98.486694,Good for Consumption,0,0,True,False
IMG20260423082834.jpg,2,Pork Shoulder,fresh,03:17:11,E:\Thesis Code\processed_hsv_lab_threshold_roi_224\sample 2\fresh\IMG20260423082834.jpg,pork_shoulder_sample_2,shoulder,cross_rotation,all,meatlens,all,all,all,file_destination,E:\Thesis Code\processed_hsv_lab_threshold_roi_224\sample 2\fresh\IMG20260423082834.jpg,False,partner_home,old_phone,,fresh,fresh,0.9952286,0.0037900559,0.00098127,fresh,0.9952286,not fresh,0.0037900559,0.99901867,0.9914385,0,True,True,True,False,False,False,Likely Fresh,Good for Consumption,99.74113,Good for Consumption,0,0,True,False
20260429_160147.jpg,4,Pork Belly,not fresh,08:51:52,E:\Thesis Code\processed_hsv_lab_threshold_roi_224\sample 4\not fresh\20260429_160147.jpg,pork_belly_sample_4,belly,cross_rotation,all,meatlens,all,all,all,file_destination,E:\Thesis Code\processed_hsv_lab_threshold_roi_224\sample 4\not fresh\20260429_160147.jpg,False,partner_home,old_phone,,not fresh,not fresh,0.00020455566,0.98729086,0.012504552,not fresh,0.98729086,spoiled,0.012504552,0.99979544,0.9747863,0,True,True,True,False,False,False,Likely Not Fresh,Consume Immediately / Manual inspection recommended,54.4465,Consume Immediately,1,1,True,False
20260624_082121.jpg,9,Pork Hind Leg,fresh,04:00:00,E:\Thesis Code\processed_hsv_lab_threshold_roi_224\sample 9\fresh\20260624_082121.jpg,pork_hind_leg_sample_9,hind_leg,cross_rotation,all,public_dataset_2,all,all,all,file_destination,E:\Thesis Code\processed_hsv_lab_threshold_roi_224\sample 9\fresh\20260624_082121.jpg,False,public_dataset_2,public_dataset_2,,fresh,fresh,0.7126964,0.2480579,0.039245736,fresh,0.7126964,not fresh,0.2480579,0.9607543,0.46463847,0,True,True,True,False,True,False,Borderline Fresh / Early Not Fresh,Consume Immediately / Check carefully,85.30528,Good for Consumption,0,0,True,False
20260424_115844.jpg,1,Pork Shoulder,fresh,07:57:35,E:\Thesis Code\processed_hsv_lab_threshold_roi_224\sample 1\fresh\20260424_115844.jpg,pork_shoulder_sample_1,shoulder,cross_rotation,all,meatlens,all,all,all,file_destination,E:\Thesis Code\processed_hsv_lab_threshold_roi_224\sample 1\fresh\20260424_115844.jpg,False,researcher_home,old_phone,,fresh,fresh,0.8752125,0.12200739,0.0027802056,fresh,0.8752125,not fresh,0.12200739,0.99721986,0.7532051,0,True,True,True,False,True,False,Borderline Fresh / Early Not Fresh,Consume Immediately / Check carefully,94.25946,Good for Consumption,0,0,True,False
20260424_091037.jpg,2,Pork Shoulder,spoiled,21:00:18,E:\Thesis Code\processed_hsv_lab_threshold_roi_224\sample 2\spoiled\20260424_091037.jpg,pork_shoulder_sample_2,shoulder,cross_rotation,all,meatlens,all,all,all,file_destination,E:\Thesis Code\processed_hsv_lab_threshold_roi_224\sample 2\spoiled\20260424_091037.jpg,False,partner_home,old_phone,,spoiled,spoiled,0.00044824718,0.0040490534,0.99550265,spoiled,0.99550265,not fresh,0.0040490534,0.9995517,0.9914536,0,True,True,True,False,False,False,Likely Spoiled,Not Suitable,10.222549,Not Suitable,2,2,True,False
20260624_102927.jpg,9,Pork Hind Leg,fresh,04:00:00,E:\Thesis Code\processed_hsv_lab_threshold_roi_224\sample 9\fresh\20260624_102927.jpg,pork_hind_leg_sample_9,hind_leg,cross_rotation,all,public_dataset_2,all,all,all,file_destination,E:\Thesis Code\processed_hsv_lab_threshold_roi_224\sample 9\fresh\20260624_102927.jpg,False,public_dataset_2,public_dataset_2,,fresh,fresh,0.6800104,0.27963707,0.040352527,fresh,0.6800104,not fresh,0.27963707,0.9596474,0.4003733,0,True,True,True,False,True,False,Borderline Fresh / Early Not Fresh,Consume Immediately / Check carefully,83.7846,Good for Consumption,0,0,True,False
20260704_141747.jpg,10,Pork Belly,spoiled,24:00:00,E:\Thesis Code\processed_hsv_lab_threshold_roi_224\sample 10\spoiled\20260704_141747.jpg,pork_belly_sample_10,belly,cross_rotation,all,public_dataset_2,all,all,all,file_destination,E:\Thesis Code\processed_hsv_lab_threshold_roi_224\sample 10\spoiled\20260704_141747.jpg,False,public_dataset_2,public_dataset_2,,spoiled,spoiled,0.00028927822,0.0014224965,0.9982882,spoiled,0.9982882,not fresh,0.0014224965,0.99971074,0.9968657,0,True,True,True,False,False,False,Likely Spoiled,Not Suitable,10.090047,Not Suitable,2,2,True,False
20260624_110418.jpg,9,Pork Hind Leg,not fresh,12:00:00,E:\Thesis Code\processed_hsv_lab_threshold_roi_224\sample 9\not fresh\20260624_110418.jpg,pork_hind_leg_sample_9,hind_leg,cross_rotation,all,public_dataset_2,all,all,all,file_destination,E:\Thesis Code\processed_hsv_lab_threshold_roi_224\sample 9\not fresh\20260624_110418.jpg,False,public_dataset_2,public_dataset_2,,not fresh,fresh,0.7434242,0.24623065,0.0103451805,fresh,0.7434242,not fresh,0.24623065,0.98965484,0.49719352,1,False,True,True,False,True,False,Borderline Fresh / Early Not Fresh,Consume Immediately / Check carefully,87.988556,Good for Consumption,0,1,True,False
SPOILED-340-_JPG.rf.0858b48fe9c22721fb283eaadf8a7dee.jpg,12,Various Pork Meat,spoiled,,E:\Thesis Code\processed_hsv_lab_threshold_roi_224\sample 12\spoiled\SPOILED-340-_JPG.rf.0858b48fe9c22721fb283eaadf8a7dee.jpg,various_pork_meat_sample_12,various,cross_rotation,all,public_dataset_2,all,all,all,file_destination,E:\Thesis Code\processed_hsv_lab_threshold_roi_224\sample 12\spoiled\SPOILED-340-_JPG.rf.0858b48fe9c22721fb283eaadf8a7dee.jpg,False,public_dataset_2,public_dataset_2,,spoiled,fresh,0.52554506,0.45150396,0.022950944,fresh,0.52554506,not fresh,0.45150396,0.977049,0.0740411,2,False,False,False,True,True,True,Borderline Fresh / Early Not Fresh,Consume Immediately / Check carefully,77.61673,Good for Consumption,0,2,True,False
20260429_160748.jpg,4,Pork Belly,not fresh,09:00:54,E:\Thesis Code\processed_hsv_lab_threshold_roi_224\sample 4\not fresh\20260429_160748.jpg,pork_belly_sample_4,belly,cross_rotation,all,meatlens,all,all,all,file_destination,E:\Thesis Code\processed_hsv_lab_threshold_roi_224\sample 4\not fresh\20260429_160748.jpg,False,partner_home,old_phone,,not fresh,not fresh,0.00038060095,0.9834734,0.01614603,not fresh,0.9834734,spoiled,0.01614603,0.9996194,0.9673274,0,True,True,True,False,False,False,Likely Not Fresh,Consume Immediately / Manual inspection recommended,54.290558,Consume Immediately,1,1,True,False
IMG20260508114009.jpg,6,Pork Ham,not fresh,07:40:06,E:\Thesis Code\processed_hsv_lab_threshold_roi_224\sample 6\not fresh\IMG20260508114009.jpg,pork_ham_sample_6,ham,cross_rotation,all,meatlens,all,all,all,file_destination,E:\Thesis Code\processed_hsv_lab_threshold_roi_224\sample 6\not fresh\IMG20260508114009.jpg,False,partner_home,new_phone,,not fresh,fresh,0.65872186,0.33641168,0.0048664734,fresh,0.65872186,not fresh,0.33641168,0.9951335,0.32231018,1,False,True,True,False,True,False,Borderline Fresh / Early Not Fresh,Consume Immediately / Check carefully,84.42349,Good for Consumption,0,1,True,False
20260430_112656.jpg,4,Pork Belly,spoiled,24:03:37,E:\Thesis Code\processed_hsv_lab_threshold_roi_224\sample 4\spoiled\20260430_112656.jpg,pork_belly_sample_4,belly,cross_rotation,all,meatlens,all,all,all,file_destination,E:\Thesis Code\processed_hsv_lab_threshold_roi_224\sample 4\spoiled\20260430_112656.jpg,False,partner_home,old_phone,,spoiled,spoiled,0.00045623694,0.014427513,0.9851163,spoiled,0.9851163,not fresh,0.014427513,0.9995438,0.9706888,0,True,True,True,False,False,False,Likely Spoiled,Not Suitable,10.6903,Not Suitable,2,2,True,False
IMG_20260509_075527.jpg,5,Pork Ham,spoiled,21:54:34,E:\Thesis Code\processed_hsv_lab_threshold_roi_224\sample 5\spoiled\IMG_20260509_075527.jpg,pork_ham_sample_5,ham,cross_rotation,all,meatlens,all,all,all,file_destination,E:\Thesis Code\processed_hsv_lab_threshold_roi_224\sample 5\spoiled\IMG_20260509_075527.jpg,False,researcher_home,new_phone,,spoiled,spoiled,0.00059638504,0.0030923032,0.99631125,spoiled,0.99631125,not fresh,0.0030923032,0.99940354,0.99321896,0,True,True,True,False,False,False,Likely Spoiled,Not Suitable,10.192827,Not Suitable,2,2,True,False
20260517_191340.jpg,8,Pork Loin,spoiled,38:25:56,E:\Thesis Code\processed_hsv_lab_threshold_roi_224\sample 8\spoiled\20260517_191340.jpg,pork_loin_sample_8,loin,cross_rotation,all,meatlens,all,all,all,file_destination,E:\Thesis Code\processed_hsv_lab_threshold_roi_224\sample 8\spoiled\20260517_191340.jpg,False,partner_home,new_phone,,spoiled,spoiled,2.5959862e-05,0.0049164086,0.9950576,spoiled,0.9950576,not fresh,0.0049164086,0.999974,0.99014115,0,True,True,True,False,False,False,Likely Spoiled,Not Suitable,10.223575,Not Suitable,2,2,True,False
20260424_194358.jpg,1,Pork Shoulder,not fresh,15:43:07,E:\Thesis Code\processed_hsv_lab_threshold_roi_224\sample 1\not fresh\20260424_194358.jpg,pork_shoulder_sample_1,shoulder,cross_rotation,all,meatlens,all,all,all,file_destination,E:\Thesis Code\processed_hsv_lab_threshold_roi_224\sample 1\not fresh\20260424_194358.jpg,False,researcher_home,old_phone,,not fresh,not fresh,0.0052363207,0.89757055,0.09719315,not fresh,0.89757055,spoiled,0.09719315,0.99476373,0.80037737,0,True,True,True,False,True,False,Borderline Spoiled / Advanced Not Fresh,Not Suitable / Manual inspection recommended,50.861942,Consume Immediately,1,1,True,False
20260424_124945.jpg,1,Pork Shoulder,not fresh,08:48:14,E:\Thesis Code\processed_hsv_lab_threshold_roi_224\sample 1\not fresh\20260424_124945.jpg,pork_shoulder_sample_1,shoulder,cross_rotation,all,meatlens,all,all,all,file_destination,E:\Thesis Code\processed_hsv_lab_threshold_roi_224\sample 1\not fresh\20260424_124945.jpg,False,researcher_home,old_phone,,not fresh,not fresh,0.011457359,0.9804944,0.008048284,not fresh,0.9804944,fresh,0.011457359,0.99195176,0.969037,0,True,True,True,False,False,False,Likely Not Fresh,Consume Immediately / Manual inspection recommended,55.153408,Consume Immediately,1,1,True,False
IMG_20260517_120733.jpg,7,Pork Loin,not fresh,07:04:13,E:\Thesis Code\processed_hsv_lab_threshold_roi_224\sample 7\not fresh\IMG_20260517_120733.jpg,pork_loin_sample_7,loin,cross_rotation,all,meatlens,all,all,all,file_destination,E:\Thesis Code\processed_hsv_lab_threshold_roi_224\sample 7\not fresh\IMG_20260517_120733.jpg,False,researcher_home,new_phone,,not fresh,not fresh,0.36975405,0.59125036,0.038995557,not fresh,0.59125036,fresh,0.36975405,0.9610044,0.22149631,0,True,True,True,False,True,True,Borderline Fresh / Early Not Fresh,Consume Immediately / Check carefully,69.88413,Consume Immediately,1,1,True,False
20260625_121251.jpg,9,Pork Hind Leg,spoiled,24:00:00,E:\Thesis Code\processed_hsv_lab_threshold_roi_224\sample 9\spoiled\20260625_121251.jpg,pork_hind_leg_sample_9,hind_leg,cross_rotation,all,public_dataset_2,all,all,all,file_destination,E:\Thesis Code\processed_hsv_lab_threshold_roi_224\sample 9\spoiled\20260625_121251.jpg,False,public_dataset_2,public_dataset_2,,spoiled,spoiled,0.07195384,0.06104409,0.86700207,spoiled,0.86700207,fresh,0.07195384,0.9389559,0.79504824,0,True,True,True,False,True,False,Uncertain / Non-adjacent Class Conflict,No reliable result / Retake image,19.22283,Not Suitable,2,2,False,True
20260429_175937.jpg,4,Pork Belly,not fresh,12:00:00,E:\Thesis Code\processed_hsv_lab_threshold_roi_224\sample 4\not fresh\20260429_175937.jpg,pork_belly_sample_4,belly,cross_rotation,all,meatlens,all,all,all,file_destination,E:\Thesis Code\processed_hsv_lab_threshold_roi_224\sample 4\not fresh\20260429_175937.jpg,False,partner_home,old_phone,,not fresh,not fresh,0.020902542,0.5599975,0.4191,not fresh,0.5599975,spoiled,0.4191,0.9790975,0.14089751,0,True,True,True,False,True,True,Borderline Spoiled / Advanced Not Fresh,Not Suitable / Manual inspection recommended,37.081116,Not Suitable,1,1,True,False
20260424_155049.jpg,1,Pork Shoulder,not fresh,11:49:09,E:\Thesis Code\processed_hsv_lab_threshold_roi_224\sample 1\not fresh\20260424_155049.jpg,pork_shoulder_sample_1,shoulder,cross_rotation,all,meatlens,all,all,all,file_destination,E:\Thesis Code\processed_hsv_lab_threshold_roi_224\sample 1\not fresh\20260424_155049.jpg,False,researcher_home,old_phone,,not fresh,not fresh,0.0018173162,0.98665136,0.011531288,not fresh,0.98665136,spoiled,0.011531288,0.99818265,0.97512007,0,True,True,True,False,False,False,Likely Not Fresh,Consume Immediately / Manual inspection recommended,54.56287,Consume Immediately,1,1,True,False
20260430_161512.jpg,4,Pork Belly,spoiled,30:12:40,E:\Thesis Code\processed_hsv_lab_threshold_roi_224\sample 4\spoiled\20260430_161512.jpg,pork_belly_sample_4,belly,cross_rotation,all,meatlens,all,all,all,file_destination,E:\Thesis Code\processed_hsv_lab_threshold_roi_224\sample 4\spoiled\20260430_161512.jpg,False,partner_home,old_phone,,spoiled,spoiled,3.9207553e-05,0.0030542717,0.99690646,spoiled,0.99690646,not fresh,0.0030542717,0.9999607,0.9938522,0,True,True,True,False,False,False,Likely Spoiled,Not Suitable,10.14097,Not Suitable,2,2,True,False
20260703_125127.jpg,10,Pork Belly,not fresh,12:00:00,E:\Thesis Code\processed_hsv_lab_threshold_roi_224\sample 10\not fresh\20260703_125127.jpg,pork_belly_sample_10,belly,cross_rotation,all,public_dataset_2,all,all,all,file_destination,E:\Thesis Code\processed_hsv_lab_threshold_roi_224\sample 10\not fresh\20260703_125127.jpg,False,public_dataset_2,public_dataset_2,,not fresh,fresh,0.5096805,0.48577943,0.0045401403,fresh,0.5096805,not fresh,0.48577943,0.9954599,0.023901075,1,False,True,True,False,True,True,Borderline Fresh / Early Not Fresh,Consume Immediately / Check carefully,77.73132,Good for Consumption,0,1,True,False
IMG_20260509_023226.jpg,5,Pork Ham,spoiled,19:11:46,E:\Thesis Code\processed_hsv_lab_threshold_roi_224\sample 5\spoiled\IMG_20260509_023226.jpg,pork_ham_sample_5,ham,cross_rotation,all,meatlens,all,all,all,file_destination,E:\Thesis Code\processed_hsv_lab_threshold_roi_224\sample 5\spoiled\IMG_20260509_023226.jpg,False,researcher_home,new_phone,,spoiled,spoiled,0.00041106308,0.010122571,0.9894664,spoiled,0.9894664,not fresh,0.010122571,0.999589,0.97934383,0,True,True,True,False,False,False,Likely Spoiled,Not Suitable,10.492512,Not Suitable,2,2,True,False
SPOILED-616-_JPG.rf.1584cca2a629c03b608d497107fbc9cd.jpg,12,Various Pork Meat,spoiled,,E:\Thesis Code\processed_hsv_lab_threshold_roi_224\sample 12\spoiled\SPOILED-616-_JPG.rf.1584cca2a629c03b608d497107fbc9cd.jpg,various_pork_meat_sample_12,various,cross_rotation,all,public_dataset_2,all,all,all,file_destination,E:\Thesis Code\processed_hsv_lab_threshold_roi_224\sample 12\spoiled\SPOILED-616-_JPG.rf.1584cca2a629c03b608d497107fbc9cd.jpg,False,public_dataset_2,public_dataset_2,,spoiled,spoiled,0.010787191,0.083861485,0.90535134,spoiled,0.90535134,not fresh,0.083861485,0.9892128,0.8214899,0,True,True,True,False,False,False,Likely Spoiled,Not Suitable,14.744615,Not Suitable,2,2,True,False
20260703_164627.jpg,10,Pork Belly,not fresh,12:00:00,E:\Thesis Code\processed_hsv_lab_threshold_roi_224\sample 10\not fresh\20260703_164627.jpg,pork_belly_sample_10,belly,cross_rotation,all,public_dataset_2,all,all,all,file_destination,E:\Thesis Code\processed_hsv_lab_threshold_roi_224\sample 10\not fresh\20260703_164627.jpg,False,public_dataset_2,public_dataset_2,,not fresh,not fresh,0.018342948,0.56749105,0.414166,not fresh,0.56749105,spoiled,0.414166,0.981657,0.15332505,0,True,True,True,False,True,True,Borderline Spoiled / Advanced Not Fresh,Not Suitable / Manual inspection recommended,37.18796,Not Suitable,1,1,True,False
20260703_114938.jpg,10,Pork Belly,not fresh,12:00:00,E:\Thesis Code\processed_hsv_lab_threshold_roi_224\sample 10\not fresh\20260703_114938.jpg,pork_belly_sample_10,belly,cross_rotation,all,public_dataset_2,all,all,all,file_destination,E:\Thesis Code\processed_hsv_lab_threshold_roi_224\sample 10\not fresh\20260703_114938.jpg,False,public_dataset_2,public_dataset_2,,not fresh,not fresh,0.4420051,0.5518079,0.0061870143,not fresh,0.5518079,fresh,0.4420051,0.993813,0.10980278,0,True,True,True,False,True,True,Borderline Fresh / Early Not Fresh,Consume Immediately / Check carefully,74.61182,Good for Consumption,1,1,True,False
20260703_081041.jpg,10,Pork Belly,fresh,04:00:00,E:\Thesis Code\processed_hsv_lab_threshold_roi_224\sample 10\fresh\20260703_081041.jpg,pork_belly_sample_10,belly,cross_rotation,all,public_dataset_2,all,all,all,file_destination,E:\Thesis Code\processed_hsv_lab_threshold_roi_224\sample 10\fresh\20260703_081041.jpg,False,public_dataset_2,public_dataset_2,,fresh,fresh,0.9741682,0.024903866,0.0009279919,fresh,0.9741682,not fresh,0.024903866,0.9990721,0.9492643,0,True,True,True,False,False,False,Likely Fresh,Good for Consumption,98.79581,Good for Consumption,0,0,True,False
IMG20260508092931.jpg,6,Pork Ham,fresh,04:42:49,E:\Thesis Code\processed_hsv_lab_threshold_roi_224\sample 6\fresh\IMG20260508092931.jpg,pork_ham_sample_6,ham,cross_rotation,all,meatlens,all,all,all,file_destination,E:\Thesis Code\processed_hsv_lab_threshold_roi_224\sample 6\fresh\IMG20260508092931.jpg,False,partner_home,new_phone,,fresh,fresh,0.89082605,0.1068636,0.0023103429,fresh,0.89082605,not fresh,0.1068636,0.99768966,0.7839624,0,True,True,True,False,True,False,Borderline Fresh / Early Not Fresh,Consume Immediately / Check carefully,94.98321,Good for Consumption,0,0,True,False
IMG_20260518_120850.jpg,7,Pork Loin,spoiled,28:53:40,E:\Thesis Code\processed_hsv_lab_threshold_roi_224\sample 7\spoiled\IMG_20260518_120850.jpg,pork_loin_sample_7,loin,cross_rotation,all,meatlens,all,all,all,file_destination,E:\Thesis Code\processed_hsv_lab_threshold_roi_224\sample 7\spoiled\IMG_20260518_120850.jpg,False,researcher_home,new_phone,,spoiled,spoiled,2.8061355e-05,0.00062289654,0.99934906,spoiled,0.99934906,not fresh,0.00062289654,0.9999719,0.9987262,0,True,True,True,False,False,False,Likely Spoiled,Not Suitable,10.030556,Not Suitable,2,2,True,False
IMG_20260509_113128.jpg,5,Pork Ham,spoiled,23:43:07,E:\Thesis Code\processed_hsv_lab_threshold_roi_224\sample 5\spoiled\IMG_20260509_113128.jpg,pork_ham_sample_5,ham,cross_rotation,all,meatlens,all,all,all,file_destination,E:\Thesis Code\processed_hsv_lab_threshold_roi_224\sample 5\spoiled\IMG_20260509_113128.jpg,False,researcher_home,new_phone,,spoiled,spoiled,0.00053715415,0.0012446506,0.9982181,spoiled,0.9982181,not fresh,0.0012446506,0.9994628,0.99697345,0,True,True,True,False,False,False,Likely Spoiled,Not Suitable,10.104352,Not Suitable,2,2,True,False
20260624_120327.jpg,9,Pork Hind Leg,not fresh,12:00:00,E:\Thesis Code\processed_hsv_lab_threshold_roi_224\sample 9\not fresh\20260624_120327.jpg,pork_hind_leg_sample_9,hind_leg,cross_rotation,all,public_dataset_2,all,all,all,file_destination,E:\Thesis Code\processed_hsv_lab_threshold_roi_224\sample 9\not fresh\20260624_120327.jpg,False,public_dataset_2,public_dataset_2,,not fresh,not fresh,0.29538235,0.45845073,0.2461669,not fresh,0.45845073,fresh,0.29538235,0.75383306,0.16306838,0,True,True,True,False,True,True,Borderline Fresh / Early Not Fresh,Consume Immediately / Check carefully,57.214695,Consume Immediately,1,1,True,False
20260624_220550.jpg,9,Pork Hind Leg,spoiled,24:00:00,E:\Thesis Code\processed_hsv_lab_threshold_roi_224\sample 9\spoiled\20260624_220550.jpg,pork_hind_leg_sample_9,hind_leg,cross_rotation,all,public_dataset_2,all,all,all,file_destination,E:\Thesis Code\processed_hsv_lab_threshold_roi_224\sample 9\spoiled\20260624_220550.jpg,False,public_dataset_2,public_dataset_2,,spoiled,spoiled,0.049575895,0.3591447,0.59127945,spoiled,0.59127945,not fresh,0.3591447,0.95042413,0.23213476,0,True,True,True,False,True,True,Borderline Spoiled / Advanced Not Fresh,Not Suitable / Manual inspection recommended,30.623343,Not Suitable,2,2,True,False
20260429_074352.jpg,4,Pork Belly,fresh,04:16:06,E:\Thesis Code\processed_hsv_lab_threshold_roi_224\sample 4\fresh\20260429_074352.jpg,pork_belly_sample_4,belly,cross_rotation,all,meatlens,all,all,all,file_destination,E:\Thesis Code\processed_hsv_lab_threshold_roi_224\sample 4\fresh\20260429_074352.jpg,False,partner_home,old_phone,,fresh,fresh,0.99747735,0.0017604576,0.0007622043,fresh,0.99747735,not fresh,0.0017604576,0.99923784,0.99571687,0,True,True,True,False,False,False,Likely Fresh,Good for Consumption,99.85218,Good for Consumption,0,0,True,False
FRESH-99-_JPG.rf.3af814a06d45875dedc1f73fffbdd69d.jpg,12,Various Pork Meat,fresh,,E:\Thesis Code\processed_hsv_lab_threshold_roi_224\sample 12\fresh\FRESH-99-_JPG.rf.3af814a06d45875dedc1f73fffbdd69d.jpg,various_pork_meat_sample_12,various,cross_rotation,all,public_dataset_2,all,all,all,file_destination,E:\Thesis Code\processed_hsv_lab_threshold_roi_224\sample 12\fresh\FRESH-99-_JPG.rf.3af814a06d45875dedc1f73fffbdd69d.jpg,False,public_dataset_2,public_dataset_2,,fresh,fresh,0.93567955,0.062312078,0.002008359,fresh,0.93567955,not fresh,0.062312078,0.9979916,0.8733675,0,True,True,True,False,False,False,Likely Fresh,Good for Consumption,97.015205,Good for Consumption,0,0,True,False
20260624_090443.jpg,9,Pork Hind Leg,fresh,04:00:00,E:\Thesis Code\processed_hsv_lab_threshold_roi_224\sample 9\fresh\20260624_090443.jpg,pork_hind_leg_sample_9,hind_leg,cross_rotation,all,public_dataset_2,all,all,all,file_destination,E:\Thesis Code\processed_hsv_lab_threshold_roi_224\sample 9\fresh\20260624_090443.jpg,False,public_dataset_2,public_dataset_2,,fresh,fresh,0.75405097,0.23412132,0.01182772,fresh,0.75405097,not fresh,0.23412132,0.9881723,0.51992965,0,True,True,True,False,True,False,Borderline Fresh / Early Not Fresh,Consume Immediately / Check carefully,88.40005,Good for Consumption,0,0,True,False
20260703_201256.jpg,10,Pork Belly,spoiled,24:00:00,E:\Thesis Code\processed_hsv_lab_threshold_roi_224\sample 10\spoiled\20260703_201256.jpg,pork_belly_sample_10,belly,cross_rotation,all,public_dataset_2,all,all,all,file_destination,E:\Thesis Code\processed_hsv_lab_threshold_roi_224\sample 10\spoiled\20260703_201256.jpg,False,public_dataset_2,public_dataset_2,,spoiled,spoiled,0.0040764054,0.091899134,0.90402454,spoiled,0.90402454,not fresh,0.091899134,0.9959237,0.8121254,0,True,True,True,False,False,False,Likely Spoiled,Not Suitable,14.502338,Not Suitable,2,2,True,False
20260429_132721.jpg,3,Pork Belly,not fresh,09:22:01,E:\Thesis Code\processed_hsv_lab_threshold_roi_224\sample 3\not fresh\20260429_132721.jpg,pork_belly_sample_3,belly,cross_rotation,all,meatlens,all,all,all,file_destination,E:\Thesis Code\processed_hsv_lab_threshold_roi_224\sample 3\not fresh\20260429_132721.jpg,False,researcher_home,old_phone,,not fresh,not fresh,0.017247336,0.9721827,0.010569968,not fresh,0.9721827,fresh,0.017247336,0.98943,0.9549354,0,True,True,True,False,False,False,Likely Not Fresh,Consume Immediately / Manual inspection recommended,55.30048,Consume Immediately,1,1,True,False
20260430_171753.jpg,3,Pork Belly,spoiled,29:34:04,E:\Thesis Code\processed_hsv_lab_threshold_roi_224\sample 3\spoiled\20260430_171753.jpg,pork_belly_sample_3,belly,cross_rotation,all,meatlens,all,all,all,file_destination,E:\Thesis Code\processed_hsv_lab_threshold_roi_224\sample 3\spoiled\20260430_171753.jpg,False,researcher_home,old_phone,,spoiled,spoiled,0.0009956954,0.0027225374,0.9962818,spoiled,0.9962818,not fresh,0.0027225374,0.99900436,0.99355924,0,True,True,True,False,False,False,Likely Spoiled,Not Suitable,10.212127,Not Suitable,2,2,True,False
IMG_20260518_225427.jpg,7,Pork Loin,spoiled,39:05:08,E:\Thesis Code\processed_hsv_lab_threshold_roi_224\sample 7\spoiled\IMG_20260518_225427.jpg,pork_loin_sample_7,loin,cross_rotation,all,meatlens,all,all,all,file_destination,E:\Thesis Code\processed_hsv_lab_threshold_roi_224\sample 7\spoiled\IMG_20260518_225427.jpg,False,researcher_home,new_phone,,spoiled,spoiled,1.6927235e-05,0.0025101744,0.9974728,spoiled,0.9974728,not fresh,0.0025101744,0.999983,0.99496263,0,True,True,True,False,False,False,Likely Spoiled,Not Suitable,10.114481,Not Suitable,2,2,True,False
IMG_20260508_193624.jpg,5,Pork Ham,not fresh,15:26:14,E:\Thesis Code\processed_hsv_lab_threshold_roi_224\sample 5\not fresh\IMG_20260508_193624.jpg,pork_ham_sample_5,ham,cross_rotation,all,meatlens,all,all,all,file_destination,E:\Thesis Code\processed_hsv_lab_threshold_roi_224\sample 5\not fresh\IMG_20260508_193624.jpg,False,researcher_home,new_phone,,not fresh,not fresh,0.020070562,0.5662324,0.41369703,not fresh,0.5662324,spoiled,0.41369703,0.97992945,0.15253535,0,True,True,True,False,True,True,Borderline Spoiled / Advanced Not Fresh,Not Suitable / Manual inspection recommended,37.286808,Not Suitable,1,1,True,False
IMG20260509101738.jpg,6,Pork Ham,spoiled,29:35:53,E:\Thesis Code\processed_hsv_lab_threshold_roi_224\sample 6\spoiled\IMG20260509101738.jpg,pork_ham_sample_6,ham,cross_rotation,all,meatlens,all,all,all,file_destination,E:\Thesis Code\processed_hsv_lab_threshold_roi_224\sample 6\spoiled\IMG20260509101738.jpg,False,partner_home,new_phone,,spoiled,spoiled,4.8477115e-05,0.005009594,0.9949419,spoiled,0.9949419,not fresh,0.005009594,0.9999515,0.9899323,0,True,True,True,False,False,False,Likely Spoiled,Not Suitable,10.2297945,Not Suitable,2,2,True,False
HALF-FRESH-344-_JPG.rf.56a5a78b9ff4b38c15ef10e5b737b8f3.jpg,12,Various Pork Meat,not fresh,,E:\Thesis Code\processed_hsv_lab_threshold_roi_224\sample 12\not fresh\HALF-FRESH-344-_JPG.rf.56a5a78b9ff4b38c15ef10e5b737b8f3.jpg,various_pork_meat_sample_12,various,cross_rotation,all,public_dataset_2,all,all,all,file_destination,E:\Thesis Code\processed_hsv_lab_threshold_roi_224\sample 12\not fresh\HALF-FRESH-344-_JPG.rf.56a5a78b9ff4b38c15ef10e5b737b8f3.jpg,False,public_dataset_2,public_dataset_2,,not fresh,not fresh,0.19170064,0.7388451,0.069454245,not fresh,0.7388451,fresh,0.19170064,0.93054575,0.5471445,0,True,True,True,False,True,False,Borderline Fresh / Early Not Fresh,Consume Immediately / Check carefully,60.501087,Consume Immediately,1,1,True,False
20260424_111443.jpg,1,Pork Shoulder,fresh,06:50:03,E:\Thesis Code\processed_hsv_lab_threshold_roi_224\sample 1\fresh\20260424_111443.jpg,pork_shoulder_sample_1,shoulder,cross_rotation,all,meatlens,all,all,all,file_destination,E:\Thesis Code\processed_hsv_lab_threshold_roi_224\sample 1\fresh\20260424_111443.jpg,False,researcher_home,old_phone,,fresh,fresh,0.9641404,0.035456914,0.00040266998,fresh,0.9641404,not fresh,0.035456914,0.9995973,0.9286835,0,True,True,True,False,False,False,Likely Fresh,Good for Consumption,98.3682,Good for Consumption,0,0,True,False
IMG_20260517_102917.jpg,7,Pork Loin,fresh,02:35:21,E:\Thesis Code\processed_hsv_lab_threshold_roi_224\sample 7\fresh\IMG_20260517_102917.jpg,pork_loin_sample_7,loin,cross_rotation,all,meatlens,all,all,all,file_destination,E:\Thesis Code\processed_hsv_lab_threshold_roi_224\sample 7\fresh\IMG_20260517_102917.jpg,False,researcher_home,new_phone,,fresh,fresh,0.984948,0.013519162,0.0015328245,fresh,0.984948,not fresh,0.013519162,0.99846715,0.9714288,0,True,True,True,False,False,False,Likely Fresh,Good for Consumption,99.25368,Good for Consumption,0,0,True,False
IMG_20260508_122758.jpg,5,Pork Ham,not fresh,08:24:07,E:\Thesis Code\processed_hsv_lab_threshold_roi_224\sample 5\not fresh\IMG_20260508_122758.jpg,pork_ham_sample_5,ham,cross_rotation,all,meatlens,all,all,all,file_destination,E:\Thesis Code\processed_hsv_lab_threshold_roi_224\sample 5\not fresh\IMG_20260508_122758.jpg,False,researcher_home,new_phone,,not fresh,not fresh,0.043049388,0.94873923,0.008211438,not fresh,0.94873923,fresh,0.043049388,0.9917886,0.90568984,0,True,True,True,False,False,False,Likely Not Fresh,Consume Immediately / Manual inspection recommended,56.56771,Consume Immediately,1,1,True,False
20260624_102156.jpg,9,Pork Hind Leg,fresh,04:00:00,E:\Thesis Code\processed_hsv_lab_threshold_roi_224\sample 9\fresh\20260624_102156.jpg,pork_hind_leg_sample_9,hind_leg,cross_rotation,all,public_dataset_2,all,all,all,file_destination,E:\Thesis Code\processed_hsv_lab_threshold_roi_224\sample 9\fresh\20260624_102156.jpg,False,public_dataset_2,public_dataset_2,,fresh,fresh,0.6798318,0.25984976,0.060318477,fresh,0.6798318,not fresh,0.25984976,0.93968153,0.41998205,0,True,True,True,False,True,False,Borderline Fresh / Early Not Fresh,Consume Immediately / Check carefully,82.878105,Good for Consumption,0,0,True,False
20260624_091730.jpg,9,Pork Hind Leg,fresh,04:00:00,E:\Thesis Code\processed_hsv_lab_threshold_roi_224\sample 9\fresh\20260624_091730.jpg,pork_hind_leg_sample_9,hind_leg,cross_rotation,all,public_dataset_2,all,all,all,file_destination,E:\Thesis Code\processed_hsv_lab_threshold_roi_224\sample 9\fresh\20260624_091730.jpg,False,public_dataset_2,public_dataset_2,,fresh,fresh,0.6107046,0.32454178,0.06475367,fresh,0.6107046,not fresh,0.32454178,0.93524635,0.28616282,0,True,True,True,False,True,False,Borderline Fresh / Early Not Fresh,Consume Immediately / Check carefully,79.567795,Good for Consumption,0,0,True,False
20260516_185203.jpg,8,Pork Loin,spoiled,15:02:43,E:\Thesis Code\processed_hsv_lab_threshold_roi_224\sample 8\spoiled\20260516_185203.jpg,pork_loin_sample_8,loin,cross_rotation,all,meatlens,all,all,all,file_destination,E:\Thesis Code\processed_hsv_lab_threshold_roi_224\sample 8\spoiled\20260516_185203.jpg,False,partner_home,new_phone,,spoiled,not fresh,0.0040767356,0.613334,0.38258928,not fresh,0.613334,spoiled,0.38258928,0.9959233,0.23074472,1,False,True,True,False,True,False,Borderline Spoiled / Advanced Not Fresh,Not Suitable / Manual inspection recommended,37.966938,Not Suitable,1,2,True,False
20260703_133011.jpg,10,Pork Belly,not fresh,12:00:00,E:\Thesis Code\processed_hsv_lab_threshold_roi_224\sample 10\not fresh\20260703_133011.jpg,pork_belly_sample_10,belly,cross_rotation,all,public_dataset_2,all,all,all,file_destination,E:\Thesis Code\processed_hsv_lab_threshold_roi_224\sample 10\not fresh\20260703_133011.jpg,False,public_dataset_2,public_dataset_2,,not fresh,not fresh,0.09294806,0.8904571,0.016594829,not fresh,0.8904571,fresh,0.09294806,0.9834052,0.797509,0,True,True,True,False,True,False,Borderline Fresh / Early Not Fresh,Consume Immediately / Check carefully,58.435894,Consume Immediately,1,1,True,False
20260624_084255.jpg,9,Pork Hind Leg,fresh,04:00:00,E:\Thesis Code\processed_hsv_lab_threshold_roi_224\sample 9\fresh\20260624_084255.jpg,pork_hind_leg_sample_9,hind_leg,cross_rotation,all,public_dataset_2,all,all,all,file_destination,E:\Thesis Code\processed_hsv_lab_threshold_roi_224\sample 9\fresh\20260624_084255.jpg,False,public_dataset_2,public_dataset_2,,fresh,fresh,0.58188957,0.32993418,0.08817633,fresh,0.58188957,not fresh,0.32993418,0.91182375,0.2519554,0,True,True,True,False,True,True,Borderline Fresh / Early Not Fresh,Consume Immediately / Check carefully,77.2171,Good for Consumption,0,0,True,False
HALF-FRESH-440-_JPG.rf.4078f35c398166cc4b59689d2649ea11.jpg,12,Various Pork Meat,not fresh,,E:\Thesis Code\processed_hsv_lab_threshold_roi_224\sample 12\not fresh\HALF-FRESH-440-_JPG.rf.4078f35c398166cc4b59689d2649ea11.jpg,various_pork_meat_sample_12,various,cross_rotation,all,public_dataset_2,all,all,all,file_destination,E:\Thesis Code\processed_hsv_lab_threshold_roi_224\sample 12\not fresh\HALF-FRESH-440-_JPG.rf.4078f35c398166cc4b59689d2649ea11.jpg,False,public_dataset_2,public_dataset_2,,not fresh,not fresh,0.08501869,0.8464054,0.06857584,not fresh,0.8464054,fresh,0.08501869,0.9314241,0.7613867,0,True,True,True,False,True,False,Borderline Fresh / Early Not Fresh,Consume Immediately / Check carefully,55.73992,Consume Immediately,1,1,True,False
08-11-2022 18-48-28_jpg.rf.Do7UtTdGwQrTKpHhWlle.jpg,11,Various Pork Meat,fresh,,E:\Thesis Code\processed_hsv_lab_threshold_roi_224\sample 11\fresh\08-11-2022 18-48-28_jpg.rf.Do7UtTdGwQrTKpHhWlle.jpg,various_pork_meat_sample_11,various,cross_rotation,all,public_dataset_2,all,all,all,file_destination,E:\Thesis Code\processed_hsv_lab_threshold_roi_224\sample 11\fresh\08-11-2022 18-48-28_jpg.rf.Do7UtTdGwQrTKpHhWlle.jpg,False,public_dataset_2,public_dataset_2,,fresh,not fresh,0.43980524,0.46447006,0.09572469,not fresh,0.46447006,fresh,0.43980524,0.9042753,0.02466482,1,False,True,True,False,True,True,Borderline Fresh / Early Not Fresh,Consume Immediately / Check carefully,70.48363,Good for Consumption,1,0,True,False
20260625_082244.jpg,9,Pork Hind Leg,spoiled,24:00:00,E:\Thesis Code\processed_hsv_lab_threshold_roi_224\sample 9\spoiled\20260625_082244.jpg,pork_hind_leg_sample_9,hind_leg,cross_rotation,all,public_dataset_2,all,all,all,file_destination,E:\Thesis Code\processed_hsv_lab_threshold_roi_224\sample 9\spoiled\20260625_082244.jpg,False,public_dataset_2,public_dataset_2,,spoiled,spoiled,0.09485688,0.018807212,0.88633585,spoiled,0.88633585,fresh,0.09485688,0.9811927,0.791479,0,True,True,True,False,True,False,Uncertain / Non-adjacent Class Conflict,No reliable result / Retake image,19.383444,Not Suitable,2,2,False,True
IMG20260508194940.jpg,6,Pork Ham,spoiled,15:36:29,E:\Thesis Code\processed_hsv_lab_threshold_roi_224\sample 6\spoiled\IMG20260508194940.jpg,pork_ham_sample_6,ham,cross_rotation,all,meatlens,all,all,all,file_destination,E:\Thesis Code\processed_hsv_lab_threshold_roi_224\sample 6\spoiled\IMG20260508194940.jpg,False,partner_home,new_phone,,spoiled,spoiled,0.0028375257,0.16249217,0.83467025,spoiled,0.83467025,not fresh,0.16249217,0.9971624,0.6721781,0,True,True,True,False,True,False,Borderline Spoiled / Advanced Not Fresh,Not Suitable / Manual inspection recommended,17.567524,Not Suitable,2,2,True,False
IMG_20260518_053147.jpg,7,Pork Loin,spoiled,22:37:23,E:\Thesis Code\processed_hsv_lab_threshold_roi_224\sample 7\spoiled\IMG_20260518_053147.jpg,pork_loin_sample_7,loin,cross_rotation,all,meatlens,all,all,all,file_destination,E:\Thesis Code\processed_hsv_lab_threshold_roi_224\sample 7\spoiled\IMG_20260518_053147.jpg,False,researcher_home,new_phone,,spoiled,spoiled,8.935675e-06,0.0022953746,0.9976956,spoiled,0.9976956,not fresh,0.0022953746,0.999991,0.99540025,0,True,True,True,False,False,False,Likely Spoiled,Not Suitable,10.104095,Not Suitable,2,2,True,False
09-11-2022 12-57-03_jpg.rf.OcUULVHT1IIY2topPjte.jpg,11,Various Pork Meat,spoiled,,E:\Thesis Code\processed_hsv_lab_threshold_roi_224\sample 11\spoiled\09-11-2022 12-57-03_jpg.rf.OcUULVHT1IIY2topPjte.jpg,various_pork_meat_sample_11,various,cross_rotation,all,public_dataset_2,all,all,all,file_destination,E:\Thesis Code\processed_hsv_lab_threshold_roi_224\sample 11\spoiled\09-11-2022 12-57-03_jpg.rf.OcUULVHT1IIY2topPjte.jpg,False,public_dataset_2,public_dataset_2,,spoiled,spoiled,0.007698485,0.16663371,0.8256678,spoiled,0.8256678,not fresh,0.16663371,0.9923015,0.6590341,0,True,True,True,False,True,False,Borderline Spoiled / Advanced Not Fresh,Not Suitable / Manual inspection recommended,18.191381,Not Suitable,2,2,True,False
08-11-2022 23-01-21_jpg.rf.0Hlmp1brVVSzvpNwqlIO.jpg,11,Various Pork Meat,not fresh,,E:\Thesis Code\processed_hsv_lab_threshold_roi_224\sample 11\half fresh\08-11-2022 23-01-21_jpg.rf.0Hlmp1brVVSzvpNwqlIO.jpg,various_pork_meat_sample_11,various,cross_rotation,all,public_dataset_2,all,all,all,file_destination,E:\Thesis Code\processed_hsv_lab_threshold_roi_224\sample 11\half fresh\08-11-2022 23-01-21_jpg.rf.0Hlmp1brVVSzvpNwqlIO.jpg,False,public_dataset_2,public_dataset_2,,not fresh,not fresh,0.165777,0.70157886,0.13264416,not fresh,0.70157886,fresh,0.165777,0.8673558,0.5358019,0,True,True,True,False,True,False,Borderline Fresh / Early Not Fresh,Consume Immediately / Check carefully,56.49098,Consume Immediately,1,1,True,False
20260516_121811.jpg,8,Pork Loin,not fresh,08:28:39,E:\Thesis Code\processed_hsv_lab_threshold_roi_224\sample 8\not fresh\20260516_121811.jpg,pork_loin_sample_8,loin,cross_rotation,all,meatlens,all,all,all,file_destination,E:\Thesis Code\processed_hsv_lab_threshold_roi_224\sample 8\not fresh\20260516_121811.jpg,False,partner_home,new_phone,,not fresh,not fresh,0.15388095,0.84177756,0.0043414473,not fresh,0.84177756,fresh,0.15388095,0.9956585,0.6878966,0,True,True,True,False,True,False,Borderline Fresh / Early Not Fresh,Consume Immediately / Check carefully,61.729275,Consume Immediately,1,1,True,False
20260429_150838.jpg,4,Pork Belly,not fresh,07:26:50,E:\Thesis Code\processed_hsv_lab_threshold_roi_224\sample 4\not fresh\20260429_150838.jpg,pork_belly_sample_4,belly,cross_rotation,all,meatlens,all,all,all,file_destination,E:\Thesis Code\processed_hsv_lab_threshold_roi_224\sample 4\not fresh\20260429_150838.jpg,False,partner_home,old_phone,,not fresh,not fresh,0.00035105378,0.9869626,0.012686229,not fresh,0.9869626,spoiled,0.012686229,0.99964887,0.97427636,0,True,True,True,False,False,False,Likely Not Fresh,Consume Immediately / Manual inspection recommended,54.444912,Consume Immediately,1,1,True,False
SPOILED-109-_JPG.rf.713ff1a15efc937eeb3ddf0baff9f5bb.jpg,12,Various Pork Meat,spoiled,,E:\Thesis Code\processed_hsv_lab_threshold_roi_224\sample 12\spoiled\SPOILED-109-_JPG.rf.713ff1a15efc937eeb3ddf0baff9f5bb.jpg,various_pork_meat_sample_12,various,cross_rotation,all,public_dataset_2,all,all,all,file_destination,E:\Thesis Code\processed_hsv_lab_threshold_roi_224\sample 12\spoiled\SPOILED-109-_JPG.rf.713ff1a15efc937eeb3ddf0baff9f5bb.jpg,False,public_dataset_2,public_dataset_2,,spoiled,spoiled,0.000310377,0.042659912,0.95702976,spoiled,0.95702976,not fresh,0.042659912,0.9996897,0.9143698,0,True,True,True,False,False,False,Likely Spoiled,Not Suitable,11.947631,Not Suitable,2,2,True,False
20260423_113154.jpg,2,Pork Shoulder,not fresh,07:25:02,E:\Thesis Code\processed_hsv_lab_threshold_roi_224\sample 2\not fresh\20260423_113154.jpg,pork_shoulder_sample_2,shoulder,cross_rotation,all,meatlens,all,all,all,file_destination,E:\Thesis Code\processed_hsv_lab_threshold_roi_224\sample 2\not fresh\20260423_113154.jpg,False,partner_home,old_phone,,not fresh,not fresh,0.020682221,0.96806973,0.011247963,not fresh,0.96806973,fresh,0.020682221,0.98875195,0.9473875,0,True,True,True,False,False,False,Likely Not Fresh,Consume Immediately / Manual inspection recommended,55.424538,Consume Immediately,1,1,True,False
IMG20260508084358.jpg,6,Pork Ham,fresh,03:33:10,E:\Thesis Code\processed_hsv_lab_threshold_roi_224\sample 6\fresh\IMG20260508084358.jpg,pork_ham_sample_6,ham,cross_rotation,all,meatlens,all,all,all,file_destination,E:\Thesis Code\processed_hsv_lab_threshold_roi_224\sample 6\fresh\IMG20260508084358.jpg,False,partner_home,new_phone,,fresh,fresh,0.9254073,0.07130752,0.0032851198,fresh,0.9254073,not fresh,0.07130752,0.99671483,0.85409975,0,True,True,True,False,False,False,Likely Fresh,Good for Consumption,96.49549,Good for Consumption,0,0,True,False
20260704_160044.jpg,10,Pork Belly,spoiled,24:00:00,E:\Thesis Code\processed_hsv_lab_threshold_roi_224\sample 10\spoiled\20260704_160044.jpg,pork_belly_sample_10,belly,cross_rotation,all,public_dataset_2,all,all,all,file_destination,E:\Thesis Code\processed_hsv_lab_threshold_roi_224\sample 10\spoiled\20260704_160044.jpg,False,public_dataset_2,public_dataset_2,,spoiled,spoiled,0.0041427957,0.007734935,0.9881223,spoiled,0.9881223,not fresh,0.007734935,0.99585724,0.98038733,0,True,True,True,False,False,False,Likely Spoiled,Not Suitable,10.720923,Not Suitable,2,2,True,False
20260429_160618.jpg,4,Pork Belly,not fresh,08:59:06,E:\Thesis Code\processed_hsv_lab_threshold_roi_224\sample 4\not fresh\20260429_160618.jpg,pork_belly_sample_4,belly,cross_rotation,all,meatlens,all,all,all,file_destination,E:\Thesis Code\processed_hsv_lab_threshold_roi_224\sample 4\not fresh\20260429_160618.jpg,False,partner_home,old_phone,,not fresh,not fresh,0.00033619086,0.98775744,0.011906387,not fresh,0.98775744,spoiled,0.011906387,0.99966383,0.97585106,0,True,True,True,False,False,False,Likely Not Fresh,Consume Immediately / Manual inspection recommended,54.479343,Consume Immediately,1,1,True,False
20260430_202522.jpg,4,Pork Belly,spoiled,35:31:03,E:\Thesis Code\processed_hsv_lab_threshold_roi_224\sample 4\spoiled\20260430_202522.jpg,pork_belly_sample_4,belly,cross_rotation,all,meatlens,all,all,all,file_destination,E:\Thesis Code\processed_hsv_lab_threshold_roi_224\sample 4\spoiled\20260430_202522.jpg,False,partner_home,old_phone,,spoiled,spoiled,0.0016093613,0.01842873,0.9799619,spoiled,0.9799619,not fresh,0.01842873,0.9983906,0.9615331,0,True,True,True,False,False,False,Likely Spoiled,Not Suitable,10.974135,Not Suitable,2,2,True,False
IMG_20260518_234427.jpg,7,Pork Loin,spoiled,39:52:10,E:\Thesis Code\processed_hsv_lab_threshold_roi_224\sample 7\spoiled\IMG_20260518_234427.jpg,pork_loin_sample_7,loin,cross_rotation,all,meatlens,all,all,all,file_destination,E:\Thesis Code\processed_hsv_lab_threshold_roi_224\sample 7\spoiled\IMG_20260518_234427.jpg,False,researcher_home,new_phone,,spoiled,spoiled,3.9683076e-05,0.0027254806,0.9972349,spoiled,0.9972349,not fresh,0.0027254806,0.99996036,0.9945094,0,True,True,True,False,False,False,Likely Spoiled,Not Suitable,10.126219,Not Suitable,2,2,True,False
08-11-2022 21-42-57_jpg.rf.WFvRTTi4jplHViMkr981.jpg,11,Various Pork Meat,not fresh,,E:\Thesis Code\processed_hsv_lab_threshold_roi_224\sample 11\half fresh\08-11-2022 21-42-57_jpg.rf.WFvRTTi4jplHViMkr981.jpg,various_pork_meat_sample_11,various,cross_rotation,all,public_dataset_2,all,all,all,file_destination,E:\Thesis Code\processed_hsv_lab_threshold_roi_224\sample 11\half fresh\08-11-2022 21-42-57_jpg.rf.WFvRTTi4jplHViMkr981.jpg,False,public_dataset_2,public_dataset_2,,not fresh,not fresh,0.17361374,0.81972486,0.006661468,not fresh,0.81972486,fresh,0.17361374,0.9933386,0.64611113,0,True,True,True,False,True,False,Borderline Fresh / Early Not Fresh,Consume Immediately / Check carefully,62.512856,Consume Immediately,1,1,True,False
IMG_20260517_125533.jpg,7,Pork Loin,not fresh,07:46:26,E:\Thesis Code\processed_hsv_lab_threshold_roi_224\sample 7\not fresh\IMG_20260517_125533.jpg,pork_loin_sample_7,loin,cross_rotation,all,meatlens,all,all,all,file_destination,E:\Thesis Code\processed_hsv_lab_threshold_roi_224\sample 7\not fresh\IMG_20260517_125533.jpg,False,researcher_home,new_phone,,not fresh,not fresh,0.43339202,0.53065556,0.03595245,not fresh,0.53065556,fresh,0.43339202,0.96404755,0.097263545,0,True,True,True,False,True,True,Borderline Fresh / Early Not Fresh,Consume Immediately / Check carefully,72.88478,Good for Consumption,1,1,True,False
HALF-FRESH-173-_JPG.rf.9e9ab288921f7e750ee6537c1a11a06c.jpg,12,Various Pork Meat,not fresh,,E:\Thesis Code\processed_hsv_lab_threshold_roi_224\sample 12\not fresh\HALF-FRESH-173-_JPG.rf.9e9ab288921f7e750ee6537c1a11a06c.jpg,various_pork_meat_sample_12,various,cross_rotation,all,public_dataset_2,all,all,all,file_destination,E:\Thesis Code\processed_hsv_lab_threshold_roi_224\sample 12\not fresh\HALF-FRESH-173-_JPG.rf.9e9ab288921f7e750ee6537c1a11a06c.jpg,False,public_dataset_2,public_dataset_2,,not fresh,not fresh,0.25075266,0.7253783,0.023869036,not fresh,0.7253783,fresh,0.25075266,0.97613096,0.47462562,0,True,True,True,False,True,False,Borderline Fresh / Early Not Fresh,Consume Immediately / Check carefully,65.20976,Consume Immediately,1,1,True,False
20260516_164643.jpg,8,Pork Loin,not fresh,12:33:28,E:\Thesis Code\processed_hsv_lab_threshold_roi_224\sample 8\not fresh\20260516_164643.jpg,pork_loin_sample_8,loin,cross_rotation,all,meatlens,all,all,all,file_destination,E:\Thesis Code\processed_hsv_lab_threshold_roi_224\sample 8\not fresh\20260516_164643.jpg,False,partner_home,new_phone,,not fresh,not fresh,0.0039967396,0.75763243,0.2383708,not fresh,0.75763243,spoiled,0.2383708,0.99600327,0.5192616,0,True,True,True,False,True,False,Borderline Spoiled / Advanced Not Fresh,Not Suitable / Manual inspection recommended,44.453167,Consume Immediately,1,1,True,False
IMG_20260517_191534.jpg,7,Pork Loin,not fresh,13:19:54,E:\Thesis Code\processed_hsv_lab_threshold_roi_224\sample 7\not fresh\IMG_20260517_191534.jpg,pork_loin_sample_7,loin,cross_rotation,all,meatlens,all,all,all,file_destination,E:\Thesis Code\processed_hsv_lab_threshold_roi_224\sample 7\not fresh\IMG_20260517_191534.jpg,False,researcher_home,new_phone,,not fresh,not fresh,0.0043670656,0.8121623,0.1834707,not fresh,0.8121623,spoiled,0.1834707,0.995633,0.62869155,0,True,True,True,False,True,False,Borderline Spoiled / Advanced Not Fresh,Not Suitable / Manual inspection recommended,46.94034,Consume Immediately,1,1,True,False
20260703_143536.jpg,10,Pork Belly,not fresh,12:00:00,E:\Thesis Code\processed_hsv_lab_threshold_roi_224\sample 10\not fresh\20260703_143536.jpg,pork_belly_sample_10,belly,cross_rotation,all,public_dataset_2,all,all,all,file_destination,E:\Thesis Code\processed_hsv_lab_threshold_roi_224\sample 10\not fresh\20260703_143536.jpg,False,public_dataset_2,public_dataset_2,,not fresh,not fresh,0.044596706,0.8989064,0.056496937,not fresh,0.8989064,spoiled,0.056496937,0.9554033,0.8424095,0,True,True,True,False,True,False,Borderline Spoiled / Advanced Not Fresh,Not Suitable / Manual inspection recommended,54.464493,Consume Immediately,1,1,True,False
IMG20260508105406.jpg,6,Pork Ham,fresh,06:51:33,E:\Thesis Code\processed_hsv_lab_threshold_roi_224\sample 6\fresh\IMG20260508105406.jpg,pork_ham_sample_6,ham,cross_rotation,all,meatlens,all,all,all,file_destination,E:\Thesis Code\processed_hsv_lab_threshold_roi_224\sample 6\fresh\IMG20260508105406.jpg,False,partner_home,new_phone,,fresh,fresh,0.77617174,0.22024569,0.0035825649,fresh,0.77617174,not fresh,0.22024569,0.9964174,0.5559261,0,True,True,True,False,True,False,Borderline Fresh / Early Not Fresh,Consume Immediately / Check carefully,89.76651,Good for Consumption,0,0,True,False
20260430_031731.jpg,3,Pork Belly,spoiled,20:49:27,E:\Thesis Code\processed_hsv_lab_threshold_roi_224\sample 3\spoiled\20260430_031731.jpg,pork_belly_sample_3,belly,cross_rotation,all,meatlens,all,all,all,file_destination,E:\Thesis Code\processed_hsv_lab_threshold_roi_224\sample 3\spoiled\20260430_031731.jpg,False,researcher_home,old_phone,,spoiled,spoiled,0.0005135978,0.0071499576,0.99233645,spoiled,0.99233645,not fresh,0.0071499576,0.9994864,0.9851865,0,True,True,True,False,False,False,Likely Spoiled,Not Suitable,10.367972,Not Suitable,2,2,True,False
IMG20260423082133.jpg,2,Pork Shoulder,fresh,03:06:20,E:\Thesis Code\processed_hsv_lab_threshold_roi_224\sample 2\fresh\IMG20260423082133.jpg,pork_shoulder_sample_2,shoulder,cross_rotation,all,meatlens,all,all,all,file_destination,E:\Thesis Code\processed_hsv_lab_threshold_roi_224\sample 2\fresh\IMG20260423082133.jpg,False,partner_home,old_phone,,fresh,fresh,0.9941648,0.004921737,0.0009133748,fresh,0.9941648,not fresh,0.004921737,0.99908656,0.9892431,0,True,True,True,False,False,False,Likely Fresh,Good for Consumption,99.69631,Good for Consumption,0,0,True,False
IMG20260423071529.jpg,2,Pork Shoulder,fresh,01:23:13,E:\Thesis Code\processed_hsv_lab_threshold_roi_224\sample 2\fresh\IMG20260423071529.jpg,pork_shoulder_sample_2,shoulder,cross_rotation,all,meatlens,all,all,all,file_destination,E:\Thesis Code\processed_hsv_lab_threshold_roi_224\sample 2\fresh\IMG20260423071529.jpg,False,partner_home,old_phone,,fresh,fresh,0.98943293,0.0041699433,0.00639716,fresh,0.98943293,spoiled,0.00639716,0.9958301,0.98303574,0,True,True,True,False,False,False,Likely Fresh,Good for Consumption,99.23661,Good for Consumption,0,0,False,False
20260424_065021.jpg,1,Pork Shoulder,fresh,00:38:36,E:\Thesis Code\processed_hsv_lab_threshold_roi_224\sample 1\fresh\20260424_065021.jpg,pork_shoulder_sample_1,shoulder,cross_rotation,all,meatlens,all,all,all,file_destination,E:\Thesis Code\processed_hsv_lab_threshold_roi_224\sample 1\fresh\20260424_065021.jpg,False,researcher_home,old_phone,,fresh,fresh,0.99774146,0.002052798,0.00020581624,fresh,0.99774146,not fresh,0.002052798,0.99979424,0.9956887,0,True,True,True,False,False,False,Likely Fresh,Good for Consumption,99.88911,Good for Consumption,0,0,True,False
20260426_035346.jpg,1,Pork Shoulder,spoiled,47:50:21,E:\Thesis Code\processed_hsv_lab_threshold_roi_224\sample 1\spoiled\20260426_035346.jpg,pork_shoulder_sample_1,shoulder,cross_rotation,all,meatlens,all,all,all,file_destination,E:\Thesis Code\processed_hsv_lab_threshold_roi_224\sample 1\spoiled\20260426_035346.jpg,False,researcher_home,old_phone,,spoiled,spoiled,1.2384296e-06,0.0020209807,0.9979778,spoiled,0.9979778,not fresh,0.0020209807,0.99999875,0.99595684,0,True,True,True,False,False,False,Likely Spoiled,Not Suitable,10.091056,Not Suitable,2,2,True,False
